# Blender 4.1.1
# www.blender.org
mtllib circlet.mtl
o obj_0
v -1.029600 -0.239300 -0.201800
v -1.166700 -0.145700 -0.231000
v -1.166700 -0.114700 -0.241500
v -1.033620 -0.114700 -0.241500
v -1.034450 -0.122460 -0.238870
v -1.034960 -0.127100 -0.237300
v -1.034960 -0.127220 -0.237260
v -1.034810 -0.145700 -0.231000
v -1.000000 -0.114700 -0.241500
v -1.000000 -0.135990 -0.234290
v -1.002970 -0.127100 -0.237300
v -1.008610 -0.114700 -0.241500
v -1.035240 -0.152040 -0.227860
v -1.035960 -0.163680 -0.222100
v -1.035840 -0.175000 -0.216500
v 0.642600 0.791100 0.176800
v 0.646300 0.795700 0.201800
v 0.664900 0.818600 0.250000
v 0.535300 0.867000 0.176800
v 0.315800 1.041400 0.176800
v 0.314100 1.035900 0.201800
v 0.312300 1.029600 0.222100
v 0.433400 0.960500 0.250000
v 0.430100 0.953100 0.246700
v 0.427000 0.946000 0.237300
v -0.099200 1.052700 -0.246700
v -0.100700 1.067500 -0.222100
v -0.098300 1.044700 -0.250000
v -0.093400 0.997500 -0.079000
v -0.093700 1.000500 -0.114900
v -0.094100 1.004500 -0.147600
v -0.094600 1.009500 -0.176800
v -0.851200 0.538300 0.201800
v -0.906500 0.572200 0.176800
v -0.901500 0.569200 0.201800
v -0.947100 0.436700 0.246700
v -0.939700 0.433400 0.250000
v -0.932300 0.430100 0.246700
v -0.925300 0.427000 0.237300
v -0.918700 0.424000 0.222100
v -0.912700 0.421400 0.201800
v -0.907400 0.419000 0.176800
v -0.972000 0.447800 0.176800
v -0.966700 0.445400 0.201800
v -0.960700 0.442700 0.222100
v 0.965000 -0.272400 0.114900
v 0.968900 -0.273500 0.147600
v 0.962000 -0.271500 0.079000
v 0.960200 -0.271000 0.040600
v 0.959600 -0.270800 0.000000
v 0.960200 -0.271000 -0.040600
v 1.002600 -0.015600 -0.079000
v 1.005600 -0.015700 -0.114900
v 1.009700 -0.015800 -0.147600
v 0.990700 -0.144900 -0.079000
v 0.993700 -0.145400 -0.114900
v 0.997700 -0.146000 -0.147600
v 1.014700 -0.015900 -0.176800
v 1.016700 -0.011610 -0.186170
v 1.016700 -0.012330 -0.186040
v 1.016700 -0.015870 -0.185440
v 1.016700 -0.015970 -0.185420
v 1.016700 -0.057430 -0.201800
v 1.002700 -0.146800 -0.176800
v -0.914500 -0.344600 0.040600
v -0.913900 -0.344400 0.000000
v -0.914500 -0.344600 -0.040600
v -0.916300 -0.345300 -0.079000
v -0.919100 -0.346400 -0.114900
v -0.922900 -0.347900 -0.147600
v -0.998200 -0.376800 -0.147600
v -1.166700 -0.175000 -0.216500
v -1.036880 -0.196970 -0.201800
v -1.036050 -0.179580 -0.213440
v -1.036870 -0.197410 -0.201510
v -1.036800 -0.202200 -0.198300
v -1.035300 -0.240700 -0.176800
v -1.166700 -0.202200 -0.198300
v -1.036890 -0.204800 -0.196030
v -1.037690 -0.226800 -0.176800
v -1.036910 -0.205280 -0.195610
v -1.166700 -0.226800 -0.176800
v -1.037700 -0.227280 -0.176250
v -1.037750 -0.228970 -0.174320
v -1.038030 -0.241330 -0.160180
v -1.037270 -0.248300 -0.152200
v -1.166700 -0.248300 -0.152200
v -1.035410 -0.266500 -0.125000
v -1.037130 -0.251380 -0.147600
v -1.037180 -0.250150 -0.149430
v -1.166700 -0.266500 -0.125000
v -1.035330 -0.268410 -0.121150
v -1.035180 -0.271500 -0.114900
v -1.033890 -0.281000 -0.095700
v -1.166700 -0.281000 -0.095700
v -1.033590 -0.286660 -0.079000
v -1.033780 -0.283080 -0.089550
v -1.033580 -0.286730 -0.078770
v -1.166700 -0.226800 0.176800
v -1.166700 -0.202200 0.198300
v -1.166700 -0.175000 0.216500
v -1.166700 -0.145700 0.231000
v -1.166700 -0.114700 0.241500
v -1.166700 -0.082600 0.247900
v -1.166700 -0.050000 0.250000
v -1.166700 -0.017400 0.247900
v -1.166700 0.014700 0.241500
v -1.166700 0.045700 0.231000
v -1.166700 0.075000 0.216500
v -1.166700 0.102200 0.198300
v -1.166700 0.126800 0.176800
v -1.166700 0.200000 -0.000000
v -1.166700 0.197900 -0.032600
v -1.166700 0.148300 0.152200
v -1.166700 0.166500 0.125000
v -1.166700 0.181000 0.095700
v -1.166700 0.191500 0.064700
v -1.166700 0.197900 0.032600
v -1.166700 0.045700 -0.231000
v -1.166700 0.014700 -0.241500
v -1.166700 0.191500 -0.064700
v -1.166700 0.181000 -0.095700
v -1.166700 0.166500 -0.125000
v -1.166700 0.148300 -0.152200
v -1.166700 0.126800 -0.176800
v -1.166700 0.102200 -0.198300
v -1.166700 0.075000 -0.216500
v -1.166700 -0.297900 -0.032600
v -1.166700 -0.300000 0.000000
v -1.166700 -0.297900 0.032600
v -1.166700 -0.291500 0.064700
v -1.166700 -0.281000 0.095700
v -1.166700 -0.266500 0.125000
v -1.166700 -0.248300 0.152200
v -1.166700 -0.291500 -0.064700
v -1.166700 -0.017400 -0.247900
v -1.166700 -0.050000 -0.250000
v -1.166700 -0.082600 -0.247900
v 0.953100 -0.409300 0.246700
v 0.946000 -0.406200 0.237300
v 0.939500 -0.403300 0.222100
v 0.753300 0.715400 0.237300
v 0.748100 0.710400 0.222100
v 0.743300 0.705900 0.201800
v -0.095200 1.015300 -0.201800
v -0.095900 1.021800 -0.222100
v 0.636900 0.784100 0.114900
v 0.635000 0.781700 0.079000
v 0.633800 0.780300 0.040600
v 0.633400 0.779700 -0.000000
v 0.633800 0.780300 -0.040600
v 0.635000 0.781700 -0.079000
v 0.636900 0.784100 -0.114900
v 1.008400 -0.147700 -0.201800
v 1.016700 -0.106080 -0.215580
v 1.016700 -0.119270 -0.219330
v 1.014900 -0.148700 -0.222100
v -0.993600 -0.375000 -0.176800
v -0.927500 -0.349700 -0.176800
v -0.933000 -0.351700 -0.201800
v -1.032840 -0.291500 -0.064700
v -1.032750 -0.293500 -0.054670
v -1.032660 -0.295390 -0.045200
v 1.016700 0.000000 0.250000
v 1.016700 0.032600 0.247900
v 1.016700 0.064700 0.241500
v 1.016700 0.095700 0.231000
v 1.016700 0.125000 0.216500
v 1.016700 0.129740 0.213330
v 1.016700 0.127770 0.212280
v 1.016700 0.127480 0.212130
v 1.016700 0.116150 0.206170
v 1.016700 0.080430 0.201800
v 1.016700 0.078930 0.201550
v 1.016700 -0.064700 0.241500
v 1.016700 -0.032600 0.247900
v 1.016700 -0.095700 0.231000
v 1.016700 -0.089020 0.210860
v 1.016700 -0.102400 0.214620
v 1.016700 -0.005120 0.187260
v 1.016700 -0.057430 0.201800
v 1.016700 -0.006130 0.187090
v 1.016700 -0.015970 0.185420
v 1.016700 -0.044000 0.196460
v 1.016700 -0.119230 0.219360
v 1.016700 0.125000 -0.216500
v 1.016700 0.129730 -0.213330
v 1.016700 0.116200 -0.206200
v 1.016700 0.116150 -0.206170
v 1.016700 0.095700 -0.231000
v 1.016700 0.064700 -0.241500
v 1.016700 0.032600 -0.247900
v 1.016700 0.000000 -0.250000
v 1.016700 0.029330 -0.193160
v 1.016700 0.080430 -0.201800
v 1.016700 0.100180 -0.204230
v 1.016700 -0.032600 -0.247900
v 1.016700 -0.064700 -0.241500
v 1.016700 -0.095700 -0.231000
v 1.029600 -0.291500 0.222100
v 1.022700 -0.289500 0.237300
v 0.962000 -0.271500 -0.079000
v 0.965000 -0.272400 -0.114900
v 0.968900 -0.273500 -0.147600
v 0.973600 -0.275000 -0.176800
v 1.015300 -0.287300 -0.246700
v 0.999800 -0.282700 -0.246700
v 1.007500 -0.285000 -0.250000
v 0.424000 0.939500 0.222100
v 0.421400 0.933500 0.201800
v 0.419000 0.928200 0.176800
v 0.310200 1.022700 0.237300
v 0.308100 1.015300 0.246700
v 0.305800 1.007500 0.250000
v 0.303400 0.999800 0.246700
v 0.301300 0.992400 0.237300
v 0.299200 0.985500 0.222100
v 0.297400 0.979200 0.201800
v 0.933500 -0.400600 0.201800
v 0.928200 -0.398300 0.176800
v 0.923600 -0.396200 0.147600
v 0.919900 -0.394600 0.114900
v 0.917100 -0.393300 0.079000
v 0.915400 -0.392600 0.040600
v 0.914800 -0.392300 0.000000
v 0.915400 -0.392600 -0.040600
v 0.739100 0.701900 0.176800
v 0.955400 0.523500 0.176800
v 0.950300 0.520700 0.201800
v 0.944500 0.517600 0.222100
v 0.938200 0.514200 0.237300
v -0.954200 0.439800 0.237300
v -0.738200 0.799200 0.079000
v -0.736100 0.797000 0.114900
v -0.733300 0.794000 0.147600
v -0.677700 0.735500 0.147600
v -0.674900 0.732500 0.114900
v -0.672900 0.730300 0.079000
v -0.766500 0.639500 0.147600
v -0.763300 0.636900 0.114900
v -0.761000 0.635000 0.079000
v -0.739500 0.800600 -0.040600
v -0.739900 0.801000 -0.000000
v -0.739500 0.800600 0.040600
v -0.671500 0.729000 0.040600
v -0.671100 0.728500 -0.000000
v -0.939100 -0.354100 -0.222100
v -0.945800 -0.356700 -0.237300
v 0.979200 -0.276600 -0.201800
v 0.985500 -0.278500 -0.222100
v 0.992400 -0.280500 -0.237300
v -1.000000 -0.102280 0.222100
v -1.000000 -0.105260 0.223170
v -1.000000 -0.102250 0.222080
v -1.000000 -0.136020 0.234280
v -0.994600 -0.095200 0.201800
v -1.000000 -0.095780 0.218660
v -1.000000 0.000000 0.207160
v -1.000000 -0.091180 0.218110
v -1.000000 -0.091290 0.218120
v -0.988800 -0.094600 0.176800
v -0.993000 -0.230500 0.246700
v -0.985500 -0.228700 0.237300
v -0.978500 -0.227000 0.222100
v -0.972200 -0.225500 0.201800
v -0.966500 -0.224200 0.176800
v -0.968100 -0.365200 -0.246700
v -0.975300 -0.368000 -0.237300
v -0.982000 -0.370600 -0.222100
v -0.988100 -0.372900 -0.201800
v -0.953000 -0.359400 -0.246700
v -0.960500 -0.362300 -0.250000
v -0.896500 -0.482000 0.246700
v -0.889700 -0.478300 0.237300
v -0.883400 -0.474900 0.222100
v -0.877600 -0.471800 0.201800
v -0.872500 -0.469000 0.176800
v -0.934700 -0.502700 0.176800
v -0.929500 -0.500000 0.201800
v -0.923800 -0.496800 0.222100
v -0.917500 -0.493400 0.237300
v -0.910700 -0.489700 0.246700
v -0.903600 -0.485900 0.250000
v -0.240700 1.056000 0.176800
v -0.239300 1.050400 0.201800
v -0.237800 1.044000 0.222100
v -0.236100 1.037000 0.237300
v -0.234300 1.029500 0.246700
v -0.232400 1.021600 0.250000
v -0.230500 1.013800 0.246700
v -0.228700 1.006300 0.237300
v -0.227000 0.999300 0.222100
v 1.041400 -0.295000 0.176800
v 1.035900 -0.293400 0.201800
v 1.054900 -0.299000 -0.040600
v 1.055500 -0.299200 0.000000
v 1.054900 -0.299000 0.040600
v 1.053000 -0.298500 0.079000
v 1.050100 -0.297600 0.114900
v 1.066640 -0.250000 0.000000
v 1.050100 -0.297600 -0.114900
v 1.053000 -0.298500 -0.079000
v 1.046200 -0.296500 0.147600
v 0.295700 0.973600 0.176800
v 0.578600 0.937600 0.079000
v 0.577000 0.935000 0.114900
v 0.574900 0.931500 0.147600
v 0.452700 1.003800 0.079000
v 0.451400 1.001000 0.114900
v 0.449800 0.997300 0.147600
v 0.532700 0.862700 0.147600
v 0.917100 -0.393300 -0.079000
v 0.919900 -0.394600 -0.114900
v 0.923600 -0.396200 -0.147600
v 0.931500 0.510500 0.246700
v 0.924300 0.506600 0.250000
v 0.917200 0.502700 0.246700
v 0.910500 0.499100 0.237300
v 0.904200 0.495700 0.222100
v 0.898400 0.492500 0.201800
v 0.946000 -0.406200 -0.237300
v 0.953100 -0.409300 -0.246700
v 0.928200 -0.398300 -0.176800
v 0.933500 -0.400600 -0.201800
v 0.939500 -0.403300 -0.222100
v -0.671500 0.729000 -0.040600
v -0.759500 0.633800 0.040600
v -0.759000 0.633400 -0.000000
v -0.759500 0.633800 -0.040600
v -0.983800 -0.094100 0.147600
v 0.893300 0.489700 0.176800
v 0.839000 0.612400 0.237300
v 0.833200 0.608200 0.222100
v -0.225500 0.992900 0.201800
v -0.224200 0.987300 0.176800
v -0.979800 -0.093700 0.114900
v 1.046200 -0.296500 -0.147600
v 1.041400 -0.295000 -0.176800
v 1.022700 -0.289500 -0.237300
v 0.530600 0.859200 0.114900
v -0.836200 0.695900 -0.040600
v -0.836700 0.696300 -0.000000
v -0.836200 0.695900 0.040600
v -0.834700 0.694700 0.079000
v -0.832400 0.692800 0.114900
v -0.829200 0.690300 0.147600
v -0.916800 0.578600 0.079000
v -0.914200 0.577000 0.114900
v -0.910800 0.574900 0.147600
v 0.827900 0.604300 0.201800
v 0.823100 0.600900 0.176800
v 0.891700 0.650700 -0.040600
v 0.892200 0.651100 -0.000000
v 0.891700 0.650700 0.040600
v 0.890100 0.649600 0.079000
v 0.887700 0.647800 0.114900
v 0.884400 0.645400 0.147600
v 0.799200 0.758900 0.079000
v 0.797000 0.756800 0.114900
v 0.794000 0.754000 0.147600
v 0.639500 0.787200 0.147600
v -0.976700 -0.093400 0.079000
v 1.029600 -0.291500 -0.222100
v 1.035900 -0.293400 -0.201800
v 0.529000 0.856700 0.079000
v 0.579600 0.939200 -0.040600
v 0.579900 0.939800 -0.000000
v -0.370600 1.002700 0.222100
v -0.368000 0.996100 0.237300
v -0.365200 0.988900 0.246700
v -0.362300 0.981300 0.250000
v -0.359400 0.973700 0.246700
v -0.375000 1.014300 0.176800
v -0.372900 1.008900 0.201800
v -0.356700 0.966500 0.237300
v -0.354100 0.959800 0.222100
v -0.351700 0.953700 0.201800
v -0.349700 0.948300 0.176800
v -0.485900 0.924300 0.250000
v 1.183300 0.176800 0.176800
v 1.183300 0.152200 0.198300
v 1.183300 0.125000 0.216500
v 1.183300 0.095700 0.231000
v 1.183300 0.064700 0.241500
v 1.183300 0.032600 0.247900
v 1.183300 0.000000 0.250000
v 1.183300 -0.032600 0.247900
v 1.183300 -0.064700 0.241500
v 1.183300 -0.095700 0.231000
v 1.183300 -0.125000 0.216500
v 1.183300 -0.152200 0.198300
v 1.183300 -0.176800 0.176800
v 1.183300 0.247900 -0.032600
v 1.183300 0.250000 -0.000000
v 1.183300 0.247900 0.032600
v 1.183300 0.241500 0.064700
v 1.183300 0.231000 0.095700
v 1.183300 0.216500 0.125000
v 1.183300 0.198300 0.152200
v 1.183300 0.000000 -0.250000
v 1.183300 0.032600 -0.247900
v 1.183300 0.064700 -0.241500
v 1.183300 0.095700 -0.231000
v 1.183300 0.125000 -0.216500
v 1.183300 0.152200 -0.198300
v 1.183300 0.176800 -0.176800
v 1.183300 0.198300 -0.152200
v 1.183300 0.216500 -0.125000
v 1.183300 0.231000 -0.095700
v 1.183300 0.241500 -0.064700
v 1.183300 -0.250000 0.000000
v 1.183300 -0.247900 -0.032600
v 1.183300 -0.198300 0.152200
v 1.183300 -0.216500 0.125000
v 1.183300 -0.231000 0.095700
v 1.183300 -0.241500 0.064700
v 1.183300 -0.247900 0.032600
v 1.183300 -0.241500 -0.064700
v 1.183300 -0.231000 -0.095700
v 1.183300 -0.216500 -0.125000
v 1.183300 -0.198300 -0.152200
v 1.183300 -0.176800 -0.176800
v 1.183300 -0.152200 -0.198300
v 1.183300 -0.125000 -0.216500
v 1.183300 -0.095700 -0.231000
v 1.183300 -0.064700 -0.241500
v 1.183300 -0.032600 -0.247900
v 1.056000 0.261400 0.176800
v 1.050400 0.260100 0.201800
v 1.044000 0.258500 0.222100
v 1.037000 0.256800 0.237300
v 0.992800 -0.427000 0.176800
v 0.987400 -0.424600 0.201800
v 0.981500 -0.422000 0.222100
v 0.579600 0.939200 0.040600
v 0.453500 1.005500 -0.040600
v 0.453700 1.006100 -0.000000
v 0.453500 1.005500 0.040600
v -0.974900 -0.093200 0.040600
v -0.974200 -0.093100 0.000000
v -0.974900 -0.093200 -0.040600
v -0.961700 -0.223000 0.147600
v -0.957700 -0.222000 0.114900
v -0.954800 -0.221300 0.079000
v -0.952900 -0.220900 0.040600
v -0.952300 -0.220700 0.000000
v 0.974900 -0.419100 0.237300
v 0.967900 -0.415900 0.246700
v 0.960500 -0.412600 0.250000
v 0.528000 0.855000 0.040600
v 0.527600 0.854500 -0.000000
v 0.528000 0.855000 -0.040600
v 0.319800 1.054900 -0.040600
v 0.320000 1.055500 -0.000000
v 0.319800 1.054900 0.040600
v 0.319200 1.053000 0.079000
v 0.318400 1.050100 0.114900
v 0.317200 1.046200 0.147600
v 0.417000 0.923600 0.147600
v 0.294300 0.968900 0.147600
v 0.293100 0.965000 0.114900
v 0.292300 0.962000 0.079000
v 0.927300 -0.551500 0.176800
v 0.922300 -0.548500 0.201800
v 0.916700 -0.545000 0.222100
v 0.910600 -0.541300 0.237300
v 0.904000 -0.537300 0.246700
v 0.897100 -0.533000 0.250000
v -0.843800 -0.610200 0.237300
v -0.837600 -0.605700 0.246700
v -0.831000 -0.600900 0.250000
v -0.824400 -0.596200 0.246700
v -0.818200 -0.591600 0.237300
v -0.812400 -0.587400 0.222100
v -0.842000 0.532700 0.147600
v 1.029500 0.255100 0.246700
v 1.021600 0.253200 0.250000
v 1.069600 0.264700 -0.040600
v 1.070300 0.264800 -0.000000
v 1.072840 0.250000 -0.000000
v 1.069600 0.264700 0.040600
v 1.067800 0.264200 0.079000
v 1.064800 0.263500 0.114900
v 1.060900 0.262600 0.147600
v 1.050400 0.260100 -0.201800
v 1.056000 0.261400 -0.176800
v 1.060900 0.262600 -0.147600
v 1.064800 0.263500 -0.114900
v 1.067800 0.264200 -0.079000
v -0.838500 0.530600 0.114900
v -0.835900 0.529000 0.079000
v -0.983100 0.452700 0.079000
v -0.980300 0.451400 0.114900
v -0.976600 0.449800 0.147600
v -0.902800 0.417000 0.147600
v -0.899100 0.415300 0.114900
v -0.952900 -0.220900 -0.040600
v -0.976700 -0.093400 -0.079000
v 0.735500 0.698500 0.147600
v 0.732500 0.695700 0.114900
v 0.730300 0.693600 0.079000
v 0.800600 0.760200 -0.040600
v 0.801000 0.760700 -0.000000
v 0.800600 0.760200 0.040600
v 0.729000 0.692300 0.040600
v 0.728500 0.691800 -0.000000
v 0.729000 0.692300 -0.040600
v 0.966000 0.529300 0.079000
v 0.963400 0.527800 0.114900
v 0.959800 0.525900 0.147600
v -0.979800 -0.093700 -0.114900
v -0.983800 -0.094100 -0.147600
v -0.988800 -0.094600 -0.176800
v -0.807100 -0.583600 0.201800
v -0.802400 -0.580100 0.176800
v -0.849600 -0.614400 0.222100
v -0.896400 0.414100 0.079000
v -0.918400 0.579600 -0.040600
v -0.919000 0.579900 -0.000000
v -0.918400 0.579600 0.040600
v -0.834300 0.528000 0.040600
v -0.833700 0.527600 -0.000000
v -0.834300 0.528000 -0.040600
v -0.984800 0.453500 -0.040600
v -0.985400 0.453700 -0.000000
v -0.984800 0.453500 0.040600
v -0.894600 0.413300 0.040600
v 0.415300 0.919900 0.114900
v 0.414100 0.917100 0.079000
v 0.291700 0.960200 0.040600
v 0.413300 0.915400 0.040600
v 0.291500 0.959600 -0.000000
v 0.291700 0.960200 -0.040600
v 0.413000 0.914800 -0.000000
v 0.413300 0.915400 -0.040600
v 0.574900 0.931500 -0.147600
v 0.577000 0.935000 -0.114900
v 0.890200 -0.528800 0.246700
v 0.883600 -0.524800 0.237300
v 0.877500 -0.521000 0.222100
v 0.871900 -0.517600 0.201800
v 0.867000 -0.514600 0.176800
v 0.846100 -0.666400 0.176800
v 0.836500 -0.658600 0.222100
v 0.830900 -0.654100 0.237300
v -1.000000 -0.132680 -0.233100
v -0.994600 -0.095200 -0.201800
v -1.000000 -0.102280 -0.222100
v -1.000000 -0.100830 -0.221330
v -1.000000 -0.102340 -0.222120
v -1.000000 -0.095780 -0.218660
v -1.000000 -0.034180 -0.211170
v -0.954800 -0.221300 -0.079000
v -0.957700 -0.222000 -0.114900
v -0.961700 -0.223000 -0.147600
v -0.966500 -0.224200 -0.176800
v -0.972200 -0.225500 -0.201800
v -0.978500 -0.227000 -0.222100
v -0.502700 0.955400 0.176800
v -0.500000 0.950300 0.201800
v -0.496800 0.944500 0.222100
v -0.493400 0.938200 0.237300
v -0.489700 0.931500 0.246700
v -0.482000 0.917200 0.246700
v -0.478300 0.910500 0.237300
v -0.474900 0.904200 0.222100
v -0.471800 0.898400 0.201800
v -0.469000 0.893300 0.176800
v 1.025600 0.400100 0.079000
v 1.022800 0.399000 0.114900
v 1.019000 0.397500 0.147600
v 1.027400 0.400800 -0.040600
v 1.028000 0.401000 -0.000000
v 1.027400 0.400800 0.040600
v 1.019000 0.397500 -0.147600
v 1.022800 0.399000 -0.114900
v 1.025600 0.400100 -0.079000
v 1.037000 0.256800 -0.237300
v 1.044000 0.258500 -0.222100
v -0.744000 -0.705500 0.250000
v -0.738100 -0.699900 0.246700
v -0.717580 -0.710170 0.238810
v -0.717440 -0.708620 0.237300
v -0.732600 -0.694600 0.237300
v -0.718970 -0.698280 0.223460
v -0.727300 -0.689700 0.222100
v -0.719130 -0.697260 0.222100
v -0.720830 -0.691950 0.213540
v -0.722900 -0.685490 0.203100
v -0.894000 0.413000 -0.000000
v -0.894600 0.413300 -0.040600
v -0.733300 0.794000 -0.147600
v -0.736100 0.797000 -0.114900
v -0.738200 0.799200 -0.079000
v -0.672900 0.730300 -0.079000
v -0.761000 0.635000 -0.079000
v 0.578600 0.937600 -0.079000
v 0.529000 0.856700 -0.079000
v 0.530600 0.859200 -0.114900
v 0.532700 0.862700 -0.147600
v 0.449800 0.997300 -0.147600
v 0.451400 1.001000 -0.114900
v 0.452700 1.003800 -0.079000
v 0.569200 0.922300 -0.201800
v 0.572200 0.927300 -0.176800
v 0.447800 0.992800 -0.176800
v 0.436700 0.967900 -0.246700
v 0.439800 0.974900 -0.237300
v 0.442700 0.981500 -0.222100
v 0.824900 -0.649200 0.246700
v 0.818600 -0.644100 0.250000
v 0.812300 -0.639000 0.246700
v 0.806300 -0.634200 0.237300
v 0.800700 -0.629700 0.222100
v 0.841600 -0.662700 0.201800
v 0.795700 -0.625500 0.201800
v 0.791100 -0.621900 0.176800
v -0.985500 -0.228700 -0.237300
v -0.993000 -0.230500 -0.246700
v -1.000000 0.008360 0.206150
v -1.000000 0.075000 0.216500
v -1.000000 0.045700 0.231000
v -1.000000 0.014700 0.241500
v -1.000000 0.036810 0.202720
v -1.000000 0.078260 0.214320
v -1.000000 -0.017400 0.247900
v -1.000000 -0.050000 0.250000
v -1.000000 -0.082600 0.247900
v -1.000000 -0.114700 0.241500
v -1.000000 0.014700 -0.241500
v -1.000000 0.045700 -0.231000
v -1.000000 0.036080 -0.202810
v -1.000000 0.036720 -0.202730
v -1.000000 0.075000 -0.216500
v -1.000000 0.036770 -0.202730
v -1.000000 0.078140 -0.214400
v -1.000000 0.036810 -0.202720
v -1.000000 -0.082600 -0.247900
v -1.000000 -0.050000 -0.250000
v -1.000000 -0.017400 -0.247900
v -0.587400 0.833200 0.222100
v -0.583600 0.827900 0.201800
v -0.580100 0.823100 0.176800
v -0.243500 1.067800 0.079000
v -0.242800 1.064800 0.114900
v -0.241800 1.060900 0.147600
v -0.379300 1.025600 0.079000
v -0.243900 1.069600 -0.040600
v -0.244100 1.070300 -0.000000
v -0.243900 1.069600 0.040600
v -0.380000 1.027400 -0.040600
v 0.888900 0.487400 0.147600
v 0.885300 0.485400 0.114900
v 1.029500 0.255100 -0.246700
v 1.021600 0.253200 -0.250000
v 1.067780 -0.191830 0.159600
v 1.068190 -0.176800 0.176800
v 1.066700 -0.156900 0.201800
v 1.060300 -0.155900 0.222100
v 1.053200 -0.154800 0.237300
v 1.045600 -0.153600 0.246700
v 1.037600 -0.152300 0.250000
v 1.029600 -0.151000 0.246700
v 0.882600 0.484000 0.079000
v 0.967700 0.530200 -0.040600
v 0.968300 0.530500 -0.000000
v 0.967700 0.530200 0.040600
v -0.763300 0.636900 -0.114900
v -0.766500 0.639500 -0.147600
v -0.674900 0.732500 -0.114900
v -0.677700 0.735500 -0.147600
v -0.723100 -0.684600 0.201800
v -0.723140 -0.684490 0.201630
v -0.728240 -0.669360 0.176800
v -0.729250 -0.667030 0.172600
v -0.729190 -0.667170 0.172860
v -0.755500 -0.716400 0.237300
v -0.749900 -0.711100 0.246700
v -0.750000 -0.716800 0.194960
v -0.772090 -0.728140 0.172600
v -0.770230 -0.729270 0.176800
v -0.770160 -0.729300 0.176940
v -0.769410 -0.729620 0.178480
v -0.765400 -0.725800 0.201800
v 1.022000 -0.149800 0.237300
v 1.068260 -0.173490 0.179690
v 1.068520 -0.157180 0.193950
v 1.067960 -0.152200 0.198300
v 1.067750 -0.149070 0.200390
v 1.067610 -0.146970 0.201800
v 1.064930 -0.125000 0.216500
v 0.445400 0.987400 -0.201800
v 0.565800 0.916700 -0.222100
v 0.538300 0.871900 -0.201800
v 0.541800 0.877500 -0.222100
v 0.558000 0.904000 -0.246700
v 0.562000 0.910600 -0.237300
v 0.545500 0.883600 -0.237300
v 0.549500 0.890200 -0.246700
v -0.681200 0.739100 -0.176800
v -0.685200 0.743300 -0.201800
v -0.689700 0.748100 -0.222100
v -0.729900 0.790400 -0.176800
v -0.711100 0.770600 -0.246700
v -0.716400 0.776200 -0.237300
v -0.721300 0.781400 -0.222100
v -0.725800 0.786200 -0.201800
v 0.730820 -0.695660 0.201800
v 0.729930 -0.699050 0.206950
v 0.881000 0.483100 0.040600
v 0.880400 0.482800 -0.000000
v 0.881000 0.483100 -0.040600
v 0.819100 0.598000 0.147600
v 0.815800 0.595600 0.114900
v 0.813400 0.593800 0.079000
v 0.811800 0.592700 0.040600
v 0.811300 0.592300 -0.000000
v 0.811800 0.592700 -0.040600
v -1.020700 0.315800 0.176800
v -1.015100 0.314100 0.201800
v -1.008800 0.312300 0.222100
v -1.002000 0.310200 0.237300
v -1.034100 0.319800 -0.040600
v -1.034700 0.320000 -0.000000
v -1.034100 0.319800 0.040600
v -1.032300 0.319200 0.079000
v -1.029400 0.318400 0.114900
v -1.025500 0.317200 0.147600
v -1.061870 0.200000 -0.000000
v -0.380200 1.028000 -0.000000
v -0.380000 1.027400 0.040600
v -0.223000 0.982400 0.147600
v -0.222000 0.978400 0.114900
v -0.221300 0.975500 0.079000
v -0.378200 1.022800 0.114900
v -0.376800 1.019000 0.147600
v -0.347900 0.943600 0.147600
v -0.346400 0.939800 0.114900
v -0.345300 0.937000 0.079000
v 0.884400 0.645400 -0.147600
v 0.887700 0.647800 -0.114900
v 0.890100 0.649600 -0.079000
v 0.880400 0.642500 -0.176800
v 0.858300 0.626400 -0.246700
v 0.864500 0.631000 -0.237300
v 0.870300 0.635200 -0.222100
v 0.875600 0.639000 -0.201800
v 0.845200 0.616900 -0.246700
v 0.851800 0.621700 -0.250000
v 0.794000 0.754000 -0.147600
v 0.797000 0.756800 -0.114900
v 0.799200 0.758900 -0.079000
v 0.730300 0.693600 -0.079000
v 0.639500 0.787200 -0.147600
v 0.732500 0.695700 -0.114900
v -1.025500 0.317200 -0.147600
v -1.029400 0.318400 -0.114900
v -1.032300 0.319200 -0.079000
v -1.002000 0.310200 -0.237300
v -1.008800 0.312300 -0.222100
v -1.015100 0.314100 -0.201800
v -1.020700 0.315800 -0.176800
v -1.038030 -0.241330 0.160180
v -1.035300 -0.240700 0.176800
v -1.037690 -0.226800 0.176800
v -1.029600 -0.239300 0.201800
v -1.023200 -0.237800 0.222100
v -1.016300 -0.236100 0.237300
v -1.008800 -0.234300 0.246700
v -1.000900 -0.232400 0.250000
v 1.062560 -0.102400 0.227680
v 1.061660 -0.096100 0.230800
v 1.061610 -0.095700 0.231000
v 1.064820 -0.123340 0.217320
v 1.064170 -0.113680 0.222100
v 1.023960 -0.095700 0.231000
v 1.021780 -0.102400 0.227680
v 1.021550 -0.103100 0.227340
v 1.018840 -0.111390 0.223230
v 1.018770 -0.111630 0.223120
v 1.018100 -0.113680 0.222100
v 1.018080 -0.113750 0.222070
v 1.060320 -0.077100 0.237300
v 1.058440 -0.066980 0.240730
v 1.058010 -0.064700 0.241500
v 1.033230 -0.064700 0.241500
v 1.028650 -0.077100 0.237300
v 1.028640 -0.077140 0.237290
v 1.056130 -0.038620 0.246700
v 1.055190 -0.036270 0.247170
v 1.053730 -0.032600 0.247900
v 1.043390 -0.032600 0.247900
v 1.039880 -0.038620 0.246700
v 1.036810 -0.050680 0.244290
v -0.344600 0.935200 0.040600
v -0.220900 0.973700 0.040600
v -0.344400 0.934600 -0.000000
v -0.344600 0.935200 -0.040600
v -0.220700 0.973000 -0.000000
v -0.220900 0.973700 -0.040600
v -0.508500 0.966000 0.079000
v -0.507100 0.963400 0.114900
v -0.505100 0.959800 0.147600
v -0.466600 0.888900 0.147600
v -0.694600 0.753300 -0.237300
v 0.736420 -0.681050 0.176800
v 0.734480 -0.686130 0.185480
v 0.735500 0.698500 -0.147600
v 0.739740 -0.673370 0.160610
v 0.790400 0.750600 -0.176800
v 0.737510 -0.678810 0.172600
v 0.770600 0.731800 -0.246700
v 0.776200 0.737100 -0.237300
v 0.781400 0.742100 -0.222100
v 0.786200 0.746600 -0.201800
v 0.727100 -0.711090 0.224750
v 0.727320 -0.709020 0.222100
v 0.758900 0.720700 -0.246700
v 0.727850 -0.706980 0.219000
v 0.764800 0.726300 -0.250000
v 0.781720 -0.738330 0.167660
v 0.781520 -0.738410 0.168170
v 0.779810 -0.739160 0.172600
v 0.777880 -0.740190 0.176800
v 0.765430 -0.745040 0.201800
v 0.768120 -0.743990 0.196390
v 0.642600 0.791100 -0.176800
v 0.646300 0.795700 -0.201800
v 0.755830 -0.747170 0.219300
v 0.650400 0.800700 -0.222100
v -0.699900 0.758900 -0.246700
v 0.654900 0.806300 -0.237300
v -0.705500 0.764800 -0.250000
v 0.659800 0.812300 -0.246700
v 0.664900 0.818600 -0.250000
v 0.743300 0.705900 -0.201800
v -0.770400 0.642600 -0.176800
v 0.748100 0.710400 -0.222100
v 0.753300 0.715400 -0.237300
v -0.774900 0.646300 -0.201800
v -0.780000 0.650400 -0.222100
v -0.785600 0.654900 -0.237300
v 0.553800 0.897100 -0.250000
v 0.535300 0.867000 -0.176800
v -1.037980 -0.241830 0.159600
v -1.036810 -0.202200 0.198300
v -1.036900 -0.204800 0.196030
v -1.037560 -0.223210 0.179940
v -1.036880 -0.196970 0.201800
v -1.036330 -0.185110 0.209740
v -1.035850 -0.175000 0.216500
v -1.035960 -0.163680 0.222100
v -1.034770 -0.145700 0.231000
v -1.023900 -0.098300 0.250000
v -1.034960 -0.127100 0.237300
v -1.034820 -0.140190 0.232870
v -1.034940 -0.126880 0.237370
v -0.760700 -0.721300 0.222100
v -0.464700 0.885300 0.114900
v -0.758190 -0.733040 0.199980
v -0.757250 -0.733340 0.201800
v -0.463200 0.882600 0.079000
v -0.766200 -0.730600 0.184640
v -0.747270 -0.734940 0.219320
v -0.745680 -0.735190 0.222100
v -0.737550 -0.734790 0.234480
v -0.735700 -0.734700 0.237300
v -0.729360 -0.732320 0.244680
v -0.727640 -0.731680 0.246700
v -0.509400 0.967700 -0.040600
v -0.509700 0.968300 -0.000000
v -0.509400 0.967700 0.040600
v -0.722990 -0.727370 0.249270
v -0.721670 -0.726150 0.250000
v -0.718940 -0.719870 0.247370
v -0.718250 -0.718270 0.246700
v -0.462300 0.881000 0.040600
v -0.462000 0.880400 -0.000000
v -0.859600 -0.621700 0.176800
v -0.854900 -0.618300 0.201800
v -0.462300 0.881000 -0.040600
v 0.754290 -0.747510 0.222100
v 1.052670 -0.016900 0.248910
v 1.050000 -0.016800 0.250000
v 1.050240 -0.004580 0.249700
v 1.049340 0.000000 0.250000
v 0.744590 -0.747410 0.237300
v 0.745400 -0.747410 0.236030
v 1.049340 -0.000020 0.250000
v 1.050310 -0.004920 0.249680
v 1.048000 -0.011300 0.249270
v 1.050310 -0.004920 0.249680
v 1.047350 -0.016730 0.248920
v 1.047350 -0.016730 0.248920
v 1.052700 0.119900 0.246700
v 1.050530 0.010070 0.249350
v 1.049340 0.000020 0.250000
v 1.053200 0.032600 0.247900
v 1.048000 0.006830 0.249560
v -1.033630 -0.114700 0.241500
v -1.005340 -0.121880 0.239070
v -1.008600 -0.114700 0.241500
v 1.044700 0.119100 0.250000
v -1.002970 -0.127100 0.237300
v 1.036600 0.118200 0.246700
v 1.042920 0.032600 0.247900
v -1.033740 -0.099380 0.244550
v -1.032000 -0.099200 0.246700
v -1.032420 -0.088620 0.246700
v -1.032340 -0.088450 0.246730
v -1.033730 -0.099740 0.244480
v -1.031760 -0.087160 0.246990
v -1.029700 -0.082600 0.247900
v -1.015900 -0.097500 0.246700
v -1.016250 -0.088620 0.246700
v -1.019410 -0.082600 0.247900
v -1.012770 -0.102400 0.243950
v -1.014470 -0.097350 0.244960
v -1.015780 -0.090920 0.246240
v -1.033710 -0.102400 0.243950
v 1.060400 0.120700 0.237300
v 1.055900 0.038620 0.246700
v 1.059150 0.064700 0.241500
v -1.025820 -0.050000 0.250000
v -1.025960 -0.051200 0.249920
v -1.025580 -0.051200 0.249920
v -1.023200 -0.063240 0.249150
v -1.032400 0.175500 0.237300
v -1.024800 0.174300 0.246700
v -0.241800 1.060900 -0.147600
v -0.242800 1.064800 -0.114900
v -0.243500 1.067800 -0.079000
v -1.016800 0.173100 0.250000
v -0.379300 1.025600 -0.079000
v -0.234300 1.029500 -0.246700
v -1.008800 0.171800 0.246700
v -0.236100 1.037000 -0.237300
v -0.237800 1.044000 -0.222100
v -1.001200 0.170600 0.237300
v -0.239300 1.050400 -0.201800
v -0.240700 1.056000 -0.176800
v -1.037400 0.037800 0.246700
v -1.029300 0.037600 0.250000
v -1.021200 0.037400 0.246700
v -0.221300 0.975500 -0.079000
v -0.345300 0.937000 -0.079000
v -1.032280 -0.017400 0.247900
v -1.030560 -0.026130 0.248460
v -0.346400 0.939800 -0.114900
v -1.022360 -0.020710 0.248110
v -1.021970 -0.017400 0.247900
v -0.347900 0.943600 -0.147600
v 0.739100 0.701900 -0.176800
v 0.959800 0.525900 -0.147600
v 0.963400 0.527800 -0.114900
v 0.966000 0.529300 -0.079000
v 0.882600 0.484000 -0.079000
v 0.885300 0.485400 -0.114900
v 0.888900 0.487400 -0.147600
v 0.950300 0.520700 -0.201800
v 0.955400 0.523500 -0.176800
v 0.938200 0.514200 -0.237300
v 0.944500 0.517600 -0.222100
v -0.791600 0.659800 -0.246700
v -0.829200 0.690300 -0.147600
v -0.832400 0.692800 -0.114900
v -0.834700 0.694700 -0.079000
v -0.825300 0.687100 -0.176800
v -0.804200 0.670000 -0.246700
v -0.810100 0.674800 -0.237300
v -0.815700 0.679300 -0.222100
v -0.820800 0.683500 -0.201800
v -0.797900 0.664900 -0.250000
v -0.795100 -0.574800 0.114900
v -0.910800 0.574900 -0.147600
v -0.914200 0.577000 -0.114900
v -0.916800 0.578600 -0.079000
v -0.835900 0.529000 -0.079000
v -0.838500 0.530600 -0.114900
v -0.842000 0.532700 -0.147600
v -0.760410 -0.607990 0.008700
v -0.761600 -0.606340 0.000000
v -0.762930 -0.604960 -0.008510
v -0.976600 0.449800 -0.147600
v -0.980300 0.451400 -0.114900
v -0.792600 -0.573000 0.079000
v -0.983100 0.452700 -0.079000
v -0.896400 0.414100 -0.079000
v -0.899100 0.415300 -0.114900
v -0.767940 -0.599720 -0.040600
v 1.039730 0.038620 0.246700
v 1.042920 0.032620 0.247900
v 1.039720 0.038670 0.246690
v -0.791100 -0.571900 0.040600
v 1.035550 0.059260 0.242580
v 1.029000 0.117400 0.237300
v -0.222000 0.978400 -0.114900
v -0.790600 -0.571500 0.000000
v -0.223000 0.982400 -0.147600
v -0.376800 1.019000 -0.147600
v -0.378200 1.022800 -0.114900
v 0.742680 -0.746740 0.239570
v -0.224200 0.987300 -0.176800
v -0.225500 0.992900 -0.201800
v -0.227000 0.999300 -0.222100
v -0.228700 1.006300 -0.237300
v -0.230500 1.013800 -0.246700
v -0.232400 1.021600 -0.250000
v 0.317200 1.046200 -0.147600
v 0.318400 1.050100 -0.114900
v -0.375000 1.014300 -0.176800
v -1.039500 0.176700 0.222100
v 0.319200 1.053000 -0.079000
v -0.349700 0.948300 -0.176800
v 0.312300 1.029600 -0.222100
v 0.314100 1.035900 -0.201800
v 0.315800 1.041400 -0.176800
v -1.045100 0.038000 0.237300
v -1.017870 0.000000 0.244430
v -1.017550 0.002600 0.243910
v -1.017550 0.002600 0.243910
v -1.013500 0.037200 0.237300
v 0.414100 0.917100 -0.079000
v 0.292300 0.962000 -0.079000
v -1.016050 0.014700 0.241500
v 0.293100 0.965000 -0.114900
v -1.037990 0.001160 0.244200
v -1.037750 0.000000 0.244430
v -1.040730 0.014700 0.241500
v 0.294300 0.968900 -0.147600
v -1.035460 -0.011380 0.246700
v -1.035430 -0.011450 0.246710
v -1.019280 -0.011380 0.246700
v 0.415300 0.919900 -0.114900
v 0.417000 0.923600 -0.147600
v 0.419000 0.928200 -0.176800
v -1.046000 0.177700 0.201800
v -1.047340 0.045700 0.231000
v -1.046830 0.038050 0.233590
v -1.046730 0.037510 0.233780
v -1.013730 0.024480 0.238190
v -1.013100 0.027100 0.237300
v -1.013100 0.027130 0.237290
v -1.012460 0.032430 0.235490
v -1.012450 0.032470 0.235480
v -1.011890 0.037160 0.233890
v -1.009730 0.045700 0.231000
v -1.045200 0.029760 0.236400
v -1.044670 0.027100 0.237300
v -1.051700 0.178600 0.176800
v -1.049860 0.063680 0.222100
v -1.050650 0.075000 0.216500
v -1.049200 0.059030 0.224410
v -1.003840 0.063680 0.222100
v -1.003800 0.063860 0.222010
v -1.001010 0.075000 0.216500
v 0.893300 0.489700 -0.176800
v 0.931500 0.510500 -0.246700
v 0.898400 0.492500 -0.201800
v 0.904200 0.495700 -0.222100
v 0.910500 0.499100 -0.237300
v 0.917200 0.502700 -0.246700
v 0.924300 0.506600 -0.250000
v 1.034460 0.064700 0.241500
v 0.813400 0.593800 -0.079000
v 0.815800 0.595600 -0.114900
v 0.819100 0.598000 -0.147600
v 0.823100 0.600900 -0.176800
v 1.062110 0.077100 0.237300
v 1.064330 0.095700 0.231000
v 1.062020 0.076750 0.237420
v 1.059490 0.066100 0.241020
v 0.827900 0.604300 -0.201800
v 1.030570 0.077100 0.237300
v 0.833200 0.608200 -0.222100
v 1.026850 0.095700 0.231000
v 1.028550 0.087230 0.233870
v 0.839000 0.612400 -0.237300
v 1.068760 0.121640 0.218160
v 1.067500 0.121500 0.222100
v 1.067810 0.113680 0.222100
v 1.067380 0.111460 0.223200
v 1.014300 0.395700 0.176800
v 1.008900 0.393700 0.201800
v 1.002700 0.391300 0.222100
v 1.068730 0.125000 0.216500
v 1.021800 0.116700 0.222100
v 1.018550 0.125000 0.216500
v 1.020050 0.120510 0.218720
v 1.021920 0.113680 0.222100
v 1.020290 0.119780 0.219090
v 1.021830 0.114140 0.221880
v 1.021330 0.116650 0.220630
v 1.021780 0.114400 0.221750
v 0.996100 0.388700 0.237300
v 0.988900 0.386000 0.246700
v 0.981300 0.383100 0.250000
v 0.973700 0.380200 0.246700
v 0.731060 -0.739420 0.249840
v 0.730780 -0.739160 0.250000
v 0.727450 -0.731620 0.246930
v -0.365200 0.988900 -0.246700
v -0.368000 0.996100 -0.237300
v 0.727200 -0.731070 0.246700
v -0.370600 1.002700 -0.222100
v -0.372900 1.008900 -0.201800
v -0.359400 0.973700 -0.246700
v 0.726100 -0.721010 0.237300
v 0.726230 -0.722140 0.238350
v -0.362300 0.981300 -0.250000
v 0.737110 -0.744770 0.246200
v 0.736690 -0.744620 0.246700
v -0.351700 0.953700 -0.201800
v -0.354100 0.959800 -0.222100
v 0.862700 -0.511900 0.147600
v -0.791100 -0.571900 -0.040600
v -0.945300 -0.508500 0.079000
v -0.942600 -0.507100 0.114900
v -0.939100 -0.505100 0.147600
v -0.868100 -0.466600 0.147600
v -0.902800 0.417000 -0.147600
v -0.864600 -0.464700 0.114900
v -1.053750 0.102200 0.198300
v -1.053420 0.096970 0.201800
v -0.861900 -0.463200 0.079000
v -1.052100 0.086430 0.208850
v -1.000850 0.075530 0.216150
v -1.056470 0.126800 0.176800
v -1.056420 0.126390 0.177160
v -1.054810 0.111750 0.189960
v -1.053770 0.102400 0.198130
v -1.057310 0.134790 0.167660
v -1.058060 0.141830 0.159600
v -1.056700 0.179400 0.147600
v -1.058750 0.148300 0.152200
v -1.060700 0.180000 0.114900
v -1.060690 0.166500 0.125000
v -1.059630 0.155150 0.141960
v -1.059270 0.151380 0.147600
v -1.062140 0.181000 0.095700
v -1.062180 0.180250 0.097220
v -1.061560 0.172450 0.112980
v -1.061480 0.171500 0.114900
v -1.061480 0.171460 0.114970
v -1.061940 0.191500 0.064700
v -1.062310 0.186660 0.079000
v -1.062290 0.186160 0.080470
v -1.061850 0.197900 0.032600
v -1.062090 0.196300 0.040600
v -1.062080 0.196190 0.041180
v -1.062060 0.195490 0.044680
v -1.061870 0.199650 0.005480
v -1.061850 0.197900 -0.032600
v -1.062090 0.196300 -0.040600
v -1.061950 0.197260 -0.035800
v -1.056700 0.179400 -0.147600
v -0.356700 0.966500 -0.237300
v -0.505100 0.959800 -0.147600
v -0.507100 0.963400 -0.114900
v -0.508500 0.966000 -0.079000
v -0.463200 0.882600 -0.079000
v -0.464700 0.885300 -0.114900
v -0.466600 0.888900 -0.147600
v -0.846200 0.535300 -0.176800
v -0.896000 0.565800 -0.222100
v -0.851200 0.538300 -0.201800
v -0.856800 0.541800 -0.222100
v -0.883300 0.558000 -0.246700
v -0.889800 0.562000 -0.237300
v -0.862900 0.545500 -0.237300
v -0.869500 0.549500 -0.246700
v -0.876400 0.553800 -0.250000
v 0.966500 0.377400 0.237300
v -0.901500 0.569200 -0.201800
v -0.906500 0.572200 -0.176800
v 0.959800 0.374800 0.222100
v 0.953700 0.372500 0.201800
v 0.948300 0.370400 0.176800
v 1.013800 0.251300 0.246700
v 1.006300 0.249500 0.237300
v 0.999300 0.247800 0.222100
v 0.992900 0.246300 0.201800
v 0.987300 0.244900 0.176800
v 1.015300 0.116000 0.201800
v 1.009500 0.115400 0.176800
v 0.943600 0.368600 0.147600
v 0.939800 0.367200 0.114900
v -1.061940 0.191500 -0.064700
v -1.051700 0.178600 -0.176800
v -1.024800 0.174300 -0.246700
v -1.032400 0.175500 -0.237300
v -1.039500 0.176700 -0.222100
v -1.046000 0.177700 -0.201800
v 0.421400 0.933500 -0.201800
v -1.001200 0.170600 -0.237300
v 0.424000 0.939500 -0.222100
v -1.008800 0.171800 -0.246700
v -1.016800 0.173100 -0.250000
v 0.427000 0.946000 -0.237300
v 0.430100 0.953100 -0.246700
v 0.433400 0.960500 -0.250000
v -1.060700 0.180000 -0.114900
v -1.062140 0.181000 -0.095700
v -1.062310 0.186660 -0.079000
v -1.062280 0.186950 -0.078130
v -1.062260 0.187290 -0.077130
v 0.295700 0.973600 -0.176800
v 0.297400 0.979200 -0.201800
v 0.299200 0.985500 -0.222100
v 0.308100 1.015300 -0.246700
v 0.310200 1.022700 -0.237300
v 0.301300 0.992400 -0.237300
v 0.303400 0.999800 -0.246700
v 0.305800 1.007500 -0.250000
v 0.178600 1.072500 0.176800
v 0.177700 1.066700 0.201800
v 0.176700 1.060300 0.222100
v 0.175500 1.053200 0.237300
v -0.972000 0.447800 -0.176800
v -0.907400 0.419000 -0.176800
v -1.062180 0.180250 -0.097220
v -1.062170 0.180130 -0.097470
v -1.061300 0.170400 -0.117120
v -1.061480 0.171500 -0.114900
v -1.061490 0.171540 -0.114820
v -1.060690 0.166500 -0.125000
v -1.059270 0.151380 -0.147600
v -1.058760 0.148300 -0.152200
v -0.798400 -0.577200 0.147600
v -0.947000 -0.509400 -0.040600
v -0.947500 -0.509700 0.000000
v -0.947000 -0.509400 0.040600
v -0.860200 -0.462300 0.040600
v -0.859700 -0.462000 0.000000
v -0.860200 -0.462300 -0.040600
v -0.792750 -0.716190 0.114900
v -0.947100 0.436700 -0.246700
v -0.912700 0.421400 -0.201800
v -0.918700 0.424000 -0.222100
v -0.925300 0.427000 -0.237300
v -0.932300 0.430100 -0.246700
v -0.939700 0.433400 -0.250000
v -0.954200 0.439800 -0.237300
v -0.960700 0.442700 -0.222100
v -0.966700 0.445400 -0.201800
v 1.069760 0.146970 0.201800
v 1.069680 0.152200 0.198300
v 1.069750 0.146730 0.201960
v 1.070530 0.176800 0.176800
v 1.069770 0.154920 0.195920
v 1.070870 0.188860 0.163000
v 1.070950 0.191830 0.159600
v 1.071130 0.198300 0.152200
v 1.071450 0.204800 0.142490
v 1.071600 0.215820 0.126020
v 1.071610 0.216500 0.125000
v 1.071400 0.201380 0.147600
v 1.071320 0.200470 0.148950
v -0.485900 0.924300 -0.250000
v -1.056470 0.126800 -0.176800
v -1.056490 0.126950 -0.176630
v -1.058550 0.146330 -0.154450
v -0.489700 0.931500 -0.246700
v -0.493400 0.938200 -0.237300
v -0.496800 0.944500 -0.222100
v -0.500000 0.950300 -0.201800
v -1.055000 0.113520 -0.188400
v -0.502700 0.955400 -0.176800
v -1.053770 0.102400 -0.198130
v -1.053750 0.102200 -0.198300
v -0.469000 0.893300 -0.176800
v -1.053700 0.101450 -0.198800
v -1.050640 0.075000 -0.216500
v -1.053420 0.096970 -0.201800
v -0.471800 0.898400 -0.201800
v -1.053430 0.097220 -0.201640
v -1.000980 0.075000 -0.216500
v -1.037400 0.037800 -0.246700
v -0.474900 0.904200 -0.222100
v 0.174300 1.045600 0.246700
v 0.937000 0.366100 0.079000
v 0.982400 0.243700 0.147600
v 0.978400 0.242800 0.114900
v 0.173100 1.037600 0.250000
v 0.171800 1.029600 0.246700
v 0.859200 -0.509800 0.114900
v 0.856700 -0.508200 0.079000
v 1.003800 -0.431900 0.079000
v 0.975500 0.242100 0.079000
v 0.935200 0.365400 0.040600
v 0.934600 0.365200 -0.000000
v 0.935200 0.365400 -0.040600
v 0.973700 0.241600 0.040600
v 0.973000 0.241500 -0.000000
v -0.733500 -0.655130 0.147600
v 1.001000 -0.430700 0.114900
v -0.733810 -0.654440 0.146010
v -0.735160 -0.651520 0.139280
v 0.997300 -0.429000 0.147600
v -0.740040 -0.640960 0.114900
v -0.743150 -0.635370 0.100970
v -0.747230 -0.627610 0.079000
v -0.745180 -0.631750 0.091900
v -0.750690 -0.621970 0.059640
v -0.748560 -0.625440 0.071540
v -0.790860 -0.717420 0.120380
v -0.781430 -0.723520 0.147600
v -0.780520 -0.723970 0.150040
v -0.754070 -0.616390 0.040600
v -0.870900 -0.629900 -0.040600
v -0.871500 -0.630300 0.000000
v -0.870900 -0.629900 0.040600
v -0.869400 -0.628800 0.079000
v -0.866900 -0.627000 0.114900
v -0.863700 -0.624600 0.147600
v -0.826490 -0.683330 -0.040600
v 0.038200 1.073000 0.222100
v 0.038000 1.065800 0.237300
v 0.037800 1.058100 0.246700
v 0.037600 1.050000 0.250000
v 0.037400 1.041900 0.246700
v 0.037200 1.034200 0.237300
v 0.037000 1.027000 0.222100
v 0.038500 1.085400 0.176800
v 0.038400 1.079500 0.201800
v 0.036800 1.020500 0.201800
v 0.170600 1.022000 0.237300
v 0.937600 -0.557800 0.079000
v -1.021200 0.037400 -0.246700
v 0.935000 -0.556200 0.114900
v -1.029300 0.037600 -0.250000
v 0.931500 -0.554100 0.147600
v -1.049860 0.063680 -0.222100
v -1.050600 0.074300 -0.216850
v -1.003840 0.063680 -0.222100
v -1.005470 0.058700 -0.224570
v -1.045100 0.038000 -0.237300
v -1.047340 0.045700 -0.231000
v -1.013500 0.037200 -0.237300
v -1.009720 0.045700 -0.231000
v -1.046830 0.038050 -0.233590
v -1.013100 0.027100 -0.237300
v -1.012800 0.029650 -0.236440
v -1.013110 0.027060 -0.237310
v -0.994600 0.308100 0.246700
v -0.986800 0.305800 0.250000
v -0.979000 0.303400 0.246700
v -0.971600 0.301300 0.237300
v -0.964800 0.299200 0.222100
v -0.958500 0.297400 0.201800
v -0.952900 0.295700 0.176800
v -0.478300 0.910500 -0.237300
v 0.855000 -0.507200 0.040600
v -0.482000 0.917200 -0.246700
v 1.072040 0.221500 0.114900
v 1.072070 0.231000 0.095700
v -0.580100 0.823100 -0.176800
v 0.854500 -0.506900 0.000000
v 0.855000 -0.507200 -0.040600
v 0.973700 0.241600 -0.040600
v 1.004500 0.114900 0.147600
v 1.005500 -0.432700 -0.040600
v 1.006100 -0.433000 0.000000
v 1.005500 -0.432700 0.040600
v 0.939200 -0.558800 -0.040600
v 0.939800 -0.559100 0.000000
v 0.939200 -0.558800 0.040600
v 1.000500 0.114400 0.114900
v 0.781700 -0.614300 0.079000
v 0.780300 -0.613100 0.040600
v -0.823840 -0.687060 -0.021100
v 1.072530 0.236660 0.079000
v 1.072400 0.241500 0.064700
v 1.072500 0.236280 0.080120
v 1.072330 0.234050 0.086700
v -0.820940 -0.691060 0.000000
v 1.072770 0.246300 0.040600
v 1.072640 0.247900 0.032600
v 1.072680 0.245250 0.045910
v -0.817810 -0.694360 0.016810
v -0.816430 -0.695860 0.023150
v -0.812640 -0.699990 0.040600
v 1.072830 0.249810 0.002940
v 1.072820 0.249720 0.004350
v -0.819580 -0.692460 0.008700
v 1.072620 0.247900 -0.032600
v 1.072770 0.246300 -0.040600
v 1.072700 0.245390 -0.045200
v 1.072670 0.247310 -0.035570
v -0.809610 -0.702670 0.053380
v -0.803530 -0.707990 0.079000
v -0.801140 -0.709630 0.088220
v -0.800190 -0.710280 0.091900
v -0.796330 -0.713350 0.103820
v 1.072410 0.241500 -0.064700
v 0.779700 -0.612700 0.000000
v 0.780300 -0.613100 -0.040600
v 0.857000 -0.675200 -0.040600
v 0.857500 -0.675600 0.000000
v 0.857000 -0.675200 0.040600
v 0.855500 -0.674000 0.079000
v 0.853100 -0.672100 0.114900
v 0.850000 -0.669500 0.147600
v 0.787200 -0.618700 0.147600
v 0.742150 -0.667450 0.147600
v 0.745360 -0.661270 0.132650
v 0.784100 -0.616200 0.114900
v 0.749170 -0.653970 0.114900
v 0.746940 -0.658250 0.125300
v 0.756780 -0.641260 0.079000
v 0.754610 -0.645220 0.091900
v 0.752170 -0.649150 0.102230
v 0.758650 -0.638510 0.069100
v 0.997500 0.114100 0.079000
v 0.995600 0.113900 0.040600
v 0.812370 -0.720610 0.079000
v 0.808920 -0.722740 0.091900
v 0.810090 -0.722020 0.087500
v 0.807370 -0.723840 0.096510
v 0.801180 -0.728220 0.114900
v 0.995000 0.113900 -0.000000
v 0.794220 -0.732230 0.134330
v 0.789460 -0.734960 0.147600
v 0.995600 0.113900 -0.040600
v 0.764060 -0.630650 0.040600
v 0.771940 -0.621090 0.000000
v 0.770690 -0.622660 0.008700
v 0.975500 0.242100 -0.079000
v 0.937000 0.366100 -0.079000
v 0.765470 -0.628950 0.033800
v 0.764890 -0.629650 0.036610
v 0.939800 0.367200 -0.114900
v 0.772490 -0.620580 -0.003350
v 0.943600 0.368600 -0.147600
v 0.778610 -0.614930 -0.040600
v 0.778730 -0.614840 -0.041290
v 0.978400 0.242800 -0.114900
v 0.982400 0.243700 -0.147600
v 1.014300 0.395700 -0.176800
v 0.948300 0.370400 -0.176800
v 0.836390 -0.697470 -0.040600
v 0.036700 1.014700 0.176800
v 0.169500 1.014900 0.222100
v 0.168400 1.008400 0.201800
v 0.167500 1.002700 0.176800
v -0.100700 1.067500 0.222100
v -0.100000 1.060400 0.237300
v -0.099200 1.052700 0.246700
v -0.098300 1.044700 0.250000
v -0.097500 1.036600 0.246700
v -1.011900 0.037050 -0.233930
v -1.016050 0.014700 -0.241500
v 1.072530 0.236660 -0.079000
v 1.072060 0.231000 -0.095700
v 1.072520 0.237200 -0.077390
v -1.011890 0.037160 -0.233890
v 1.072480 0.239000 -0.072090
v -0.096700 1.029000 0.237300
v -0.102000 1.079800 0.176800
v -0.101400 1.074000 0.201800
v -0.095900 1.021800 0.222100
v 1.072040 0.221500 -0.114900
v 1.071650 0.216500 -0.125000
v 1.072040 0.226240 -0.105310
v -0.095200 1.015300 0.201800
v -0.094600 1.009500 0.176800
v 0.180500 1.084400 0.079000
v 0.180000 1.081400 0.114900
v 0.179400 1.077400 0.147600
v -1.040740 0.014700 -0.241500
v -1.043800 0.024340 -0.238240
v -1.044670 0.027100 -0.237300
v -1.017700 0.001310 -0.244170
v -1.032250 -0.297900 0.032600
v -1.032130 -0.300000 0.000000
v -1.032840 -0.291500 0.064700
v -1.032770 -0.293000 0.057200
v -1.032610 -0.296300 0.040600
v -1.033590 -0.286660 0.079000
v -1.032880 -0.291200 0.065580
v -1.033590 -0.286640 0.079060
v -1.033900 -0.281000 0.095700
v -1.034600 -0.275790 0.106220
v -1.035180 -0.271500 0.114900
v -1.035400 -0.266500 0.125000
v -1.037130 -0.251380 0.147600
v -1.036910 -0.253210 0.144870
v -1.037130 -0.251300 0.147720
v -1.037270 -0.248300 0.152200
v -0.583600 0.827900 -0.201800
v -0.587400 0.833200 -0.222100
v -0.621700 0.880400 0.176800
v -0.618300 0.875600 0.201800
v -0.614400 0.870300 0.222100
v -0.610200 0.864500 0.237300
v -0.605700 0.858300 0.246700
v -0.600900 0.851800 0.250000
v -0.596200 0.845200 0.246700
v -0.773130 -0.595720 -0.070140
v -0.792600 -0.573000 -0.079000
v -0.774550 -0.594730 -0.079000
v -0.774260 -0.594880 -0.076500
v -0.778520 -0.593820 -0.107940
v -0.779470 -0.593580 -0.114900
v -0.776620 -0.594250 -0.094110
v -0.795100 -0.574800 -0.114900
v -0.783840 -0.593630 -0.142100
v -0.784720 -0.593630 -0.147600
v -0.787610 -0.594240 -0.163100
v -0.788800 -0.595240 -0.172270
v -0.789400 -0.595750 -0.176800
v -0.791050 -0.597360 -0.186610
v 0.835070 -0.699140 -0.031350
v 1.002700 0.391300 -0.222100
v 1.008900 0.393700 -0.201800
v 0.830540 -0.704760 0.000000
v 0.953700 0.372500 -0.201800
v 0.821860 -0.713170 0.040600
v 0.828320 -0.706840 0.012170
v 0.959800 0.374800 -0.222100
v 0.830220 -0.705050 0.001980
v 0.829120 -0.706080 0.008700
v 0.988900 0.386000 -0.246700
v 0.996100 0.388700 -0.237300
v 0.818100 -0.716120 0.055830
v 0.966500 0.377400 -0.237300
v 0.973700 0.380200 -0.246700
v 0.931500 -0.554100 -0.147600
v 0.935000 -0.556200 -0.114900
v 0.937600 -0.557800 -0.079000
v 0.856700 -0.508200 -0.079000
v 0.038800 1.097500 0.079000
v 0.038800 1.094400 0.114900
v 0.038700 1.090400 0.147600
v 0.180800 1.086300 -0.040600
v 0.180900 1.087000 -0.000000
v 0.180800 1.086300 0.040600
v 0.038900 1.099300 -0.040600
v 0.038900 1.100000 -0.000000
v 0.038900 1.099300 0.040600
v 0.166800 0.997700 0.147600
v 0.036500 1.009700 0.147600
v 0.036400 1.005600 0.114900
v 0.036400 1.002600 0.079000
v 0.859200 -0.509800 -0.114900
v -0.999700 0.036800 0.201800
v -0.591600 0.839000 0.237300
v -0.629900 0.891700 -0.040600
v -0.630300 0.892200 -0.000000
v -0.629900 0.891700 0.040600
v -0.628800 0.890100 0.079000
v -0.627000 0.887700 0.114900
v -0.624600 0.884400 0.147600
v -0.627000 0.887700 -0.114900
v -0.624600 0.884400 -0.147600
v -0.628800 0.890100 -0.079000
v -0.621700 0.880400 -0.176800
v 0.862700 -0.511900 -0.147600
v 0.997300 -0.429000 -0.147600
v 1.001000 -0.430700 -0.114900
v 1.003800 -0.431900 -0.079000
v 0.967900 -0.415900 -0.246700
v 0.974900 -0.419100 -0.237300
v 0.981500 -0.422000 -0.222100
v 0.987400 -0.424600 -0.201800
v 0.992800 -0.427000 -0.176800
v 0.960500 -0.412600 -0.250000
v 0.981300 0.383100 -0.250000
v 0.166100 0.993700 0.114900
v 0.165600 0.990700 0.079000
v -1.032610 -0.296300 -0.040600
v -1.032250 -0.297900 -0.032600
v 0.165300 0.988800 0.040600
v 0.036300 1.000700 0.040600
v 0.036300 1.000000 -0.000000
v -1.035460 -0.011380 -0.246700
v -1.035470 -0.011330 -0.246690
v -1.019280 -0.011380 -0.246700
v -1.021990 -0.017400 -0.247900
v -1.032270 -0.017400 -0.247900
v 0.036300 1.000700 -0.040600
v -1.023000 -0.025920 -0.248450
v -1.025820 -0.050000 -0.250000
v -1.025840 -0.049880 -0.249990
v -1.031580 -0.020850 -0.248120
v 0.165200 0.988200 -0.000000
v 0.165300 0.988800 -0.040600
v -1.025830 -0.050120 -0.249990
v -1.025960 -0.051200 -0.249920
v -1.023900 -0.098300 -0.250000
v -1.019410 -0.082600 -0.247900
v -0.103500 1.093800 -0.040600
v -1.029700 -0.082600 -0.247900
v -1.027380 -0.063210 -0.249150
v -0.103600 1.094400 -0.000000
v -0.103500 1.093800 0.040600
v -0.103300 1.091900 0.079000
v -0.103000 1.088900 0.114900
v -1.008800 -0.234300 -0.246700
v -1.000900 -0.232400 -0.250000
v -0.102600 1.084800 0.147600
v -0.094100 1.004500 0.147600
v -0.093700 1.000500 0.114900
v -0.093400 0.997500 0.079000
v 0.987300 0.244900 -0.176800
v -0.093200 0.995600 0.040600
v 0.992900 0.246300 -0.201800
v 0.999300 0.247800 -0.222100
v 1.006300 0.249500 -0.237300
v -0.093100 0.995000 -0.000000
v -0.093200 0.995600 -0.040600
v 0.179400 1.077400 -0.147600
v 0.180000 1.081400 -0.114900
v 0.180500 1.084400 -0.079000
v 1.071560 0.209710 -0.135150
v 1.071470 0.204800 -0.142490
v 1.071400 0.201380 -0.147600
v 0.038700 1.090400 -0.147600
v 0.038800 1.094400 -0.114900
v 0.038800 1.097500 -0.079000
v 1.071130 0.198300 -0.152200
v 0.927300 -0.551500 -0.176800
v 0.178600 1.072500 -0.176800
v 0.174300 1.045600 -0.246700
v 0.175500 1.053200 -0.237300
v 0.176700 1.060300 -0.222100
v 0.177700 1.066700 -0.201800
v 0.171800 1.029600 -0.246700
v -0.994100 0.169500 0.222100
v 0.132110 1.041350 -0.250000
v 0.172720 1.037630 -0.250000
v 0.172720 1.037630 -0.250000
v 0.172720 1.037630 -0.250000
v 0.173100 1.037600 -0.250000
v -0.993900 0.036700 0.176800
v 0.867000 -0.514600 -0.176800
v 0.038500 1.085400 -0.176800
v -0.987700 0.168400 0.201800
v 0.904000 -0.537300 -0.246700
v -0.981900 0.167500 0.176800
v 0.910600 -0.541300 -0.237300
v 0.916700 -0.545000 -0.222100
v 0.922300 -0.548500 -0.201800
v 0.038400 1.079500 -0.201800
v 0.037800 1.058100 -0.246700
v 0.038000 1.065800 -0.237300
v 0.038200 1.073000 -0.222100
v 0.037000 1.027000 -0.222100
v 0.037200 1.034200 -0.237300
v 0.037400 1.041900 -0.246700
v 0.037600 1.050000 -0.250000
v 0.036400 1.002600 -0.079000
v 0.036400 1.005600 -0.114900
v 0.036500 1.009700 -0.147600
v 0.897100 -0.533000 -0.250000
v 1.052700 0.119900 -0.246700
v 0.871900 -0.517600 -0.201800
v 0.877500 -0.521000 -0.222100
v 1.070530 0.176800 -0.176800
v 0.883600 -0.524800 -0.237300
v 1.070890 0.190000 -0.161700
v 0.890200 -0.528800 -0.246700
v 0.165600 0.990700 -0.079000
v 0.166100 0.993700 -0.114900
v 0.166800 0.997700 -0.147600
v 0.036700 1.014700 -0.176800
v 0.784810 -0.609760 -0.077370
v 0.784720 -0.609820 -0.076500
v 0.780720 -0.613460 -0.052240
v 0.036800 1.020500 -0.201800
v 0.784990 -0.609640 -0.079000
v 0.789390 -0.608340 -0.112290
v 0.167500 1.002700 -0.176800
v 0.168400 1.008400 -0.201800
v -0.792920 -0.599200 -0.197800
v -0.793590 -0.599850 -0.201800
v -0.939100 -0.505100 -0.147600
v -0.942600 -0.507100 -0.114900
v -0.945300 -0.508500 -0.079000
v -0.861900 -0.463200 -0.079000
v -0.798400 -0.577200 -0.147600
v -0.864600 -0.464700 -0.114900
v -0.868100 -0.466600 -0.147600
v 1.013800 0.251300 -0.246700
v 1.036600 0.118200 -0.246700
v 1.044700 0.119100 -0.250000
v -1.032420 -0.088620 -0.246700
v -1.032000 -0.099200 -0.246700
v -1.032430 -0.088740 -0.246680
v -1.032750 -0.091320 -0.246160
v -1.033740 -0.099380 -0.244550
v -1.014390 -0.097590 -0.244910
v -1.015900 -0.097500 -0.246700
v -1.014470 -0.097350 -0.244960
v -1.016250 -0.088620 -0.246700
v -1.016900 -0.087380 -0.246950
v 1.060400 0.120700 -0.237300
v -1.033710 -0.102400 -0.243950
v 1.070230 0.167490 -0.184940
v 1.069690 0.152200 -0.198300
v 1.029000 0.117400 -0.237300
v 0.997500 0.114100 -0.079000
v 0.169500 1.014900 -0.222100
v 0.170600 1.022000 -0.237300
v 1.000500 0.114400 -0.114900
v 1.004500 0.114900 -0.147600
v -0.102600 1.084800 -0.147600
v -0.103000 1.088900 -0.114900
v 1.009500 0.115400 -0.176800
v -0.103300 1.091900 -0.079000
v 1.015300 0.116000 -0.201800
v -1.016300 -0.236100 -0.237300
v -1.023200 -0.237800 -0.222100
v -0.102000 1.079800 -0.176800
v -0.100000 1.060400 -0.237300
v -0.101400 1.074000 -0.201800
v -0.096700 1.029000 -0.237300
v 0.572200 0.927300 0.176800
v 0.569200 0.922300 0.201800
v -0.097500 1.036600 -0.246700
v -0.948100 0.294300 0.147600
v 0.447800 0.992800 0.176800
v 0.445400 0.987400 0.201800
v 0.442700 0.981500 0.222100
v -0.944200 0.293100 0.114900
v 0.439800 0.974900 0.237300
v -0.941300 0.292300 0.079000
v 0.436700 0.967900 0.246700
v -0.939500 0.291700 0.040600
v -0.938900 0.291500 -0.000000
v -0.939500 0.291700 -0.040600
v 1.067500 0.121500 -0.222100
v -0.988900 0.036500 0.147600
v 1.069760 0.146970 -0.201800
v 1.069540 0.142460 -0.204820
v 1.069760 0.147130 -0.201690
v 1.068730 0.125000 -0.216500
v 1.018190 0.125910 -0.215890
v 1.018550 0.125000 -0.216500
v 1.021800 0.116700 -0.222100
v -0.618300 0.875600 -0.201800
v -0.614400 0.870300 -0.222100
v -0.610200 0.864500 -0.237300
v -0.605700 0.858300 -0.246700
v 1.067810 0.113680 -0.222100
v 1.064350 0.095700 -0.231000
v 1.068760 0.121640 -0.218160
v 1.068020 0.115460 -0.221220
v 1.068760 0.121680 -0.218140
v 1.021260 0.116860 -0.220530
v 1.021330 0.116650 -0.220630
v 1.021920 0.113680 -0.222100
v 1.022170 0.112780 -0.222550
v 1.025010 0.102400 -0.227680
v 1.026850 0.095700 -0.231000
v 1.062110 0.077100 -0.237300
v 1.059140 0.064700 -0.241500
v 1.062130 0.077330 -0.237220
v 1.063400 0.087790 -0.233680
v 1.030570 0.077100 -0.237300
v 1.034480 0.064700 -0.241500
v 1.033890 0.066570 -0.240870
v 1.058480 0.059410 -0.242560
v 1.055900 0.038620 -0.246700
v 1.053220 0.032600 -0.247900
v 1.039730 0.038620 -0.246700
v 1.039770 0.038540 -0.246720
v 1.042910 0.032600 -0.247900
v -0.872500 -0.469000 -0.176800
v -0.877600 -0.471800 -0.201800
v -0.883400 -0.474900 -0.222100
v -0.889700 -0.478300 -0.237300
v -0.896500 -0.482000 -0.246700
v -0.934700 -0.502700 -0.176800
v 0.780290 -0.613770 -0.049840
v 0.789730 -0.608230 -0.114900
v 0.794270 -0.608010 -0.144390
v 0.792770 -0.608080 -0.134680
v 0.794770 -0.607990 -0.147600
v 0.799010 -0.609740 -0.173570
v 0.797640 -0.608560 -0.163100
v 0.799440 -0.610110 -0.176800
v 0.803650 -0.614240 -0.201800
v 0.803210 -0.613820 -0.199170
v 0.565800 0.916700 0.222100
v 0.562000 0.910600 0.237300
v 0.558000 0.904000 0.246700
v 0.553800 0.897100 0.250000
v 0.549500 0.890200 0.246700
v 0.545500 0.883600 0.237300
v 0.541800 0.877500 0.222100
v 0.538300 0.871900 0.201800
v -0.977000 0.166800 0.147600
v -0.591600 0.839000 -0.237300
v -0.984900 0.036400 0.114900
v -0.596200 0.845200 -0.246700
v -0.981800 0.036400 0.079000
v -0.600900 0.851800 -0.250000
v -0.910700 -0.489700 -0.246700
v -0.917500 -0.493400 -0.237300
v -0.923800 -0.496800 -0.222100
v -0.929500 -0.500000 -0.201800
v -0.577200 0.819100 0.147600
v -0.574800 0.815800 0.114900
v -0.573000 0.813400 0.079000
v -0.903600 -0.485900 -0.250000
v -0.571900 0.811800 0.040600
v -0.571500 0.811300 -0.000000
v -0.802400 -0.580100 -0.176800
v -0.837600 -0.605700 -0.246700
v 0.846100 -0.666400 -0.176800
v 0.850000 -0.669500 -0.147600
v 0.853100 -0.672100 -0.114900
v 0.855500 -0.674000 -0.079000
v 0.842480 -0.683580 -0.114900
v 0.843020 -0.677490 -0.145150
v 0.843070 -0.676990 -0.147600
v 0.841370 -0.688170 -0.087810
v 0.842310 -0.684280 -0.110790
v 0.841010 -0.689660 -0.079000
v 0.840410 -0.690750 -0.072920
v 1.049340 0.000000 -0.250000
v 1.048000 0.006800 -0.249560
v 1.053210 0.032550 -0.247900
v 1.047310 0.010270 -0.249340
v -0.973000 0.166100 0.114900
v -0.970000 0.165600 0.079000
v -0.968100 0.165300 0.040600
v -0.979900 0.036300 0.040600
v -0.979300 0.036300 0.000000
v -0.979900 0.036300 -0.040600
v -0.967400 0.165200 -0.000000
v -0.968100 0.165300 -0.040600
v -0.941300 0.292300 -0.079000
v -0.944200 0.293100 -0.114900
v -0.948100 0.294300 -0.147600
v -0.994600 0.308100 -0.246700
v 1.066640 -0.249940 0.000860
v 1.066610 -0.248340 0.025790
v 1.066590 -0.247900 0.032600
v -0.571900 0.811800 -0.040600
v -0.573000 0.813400 -0.079000
v -0.574800 0.815800 -0.114900
v -0.577200 0.819100 -0.147600
v 1.066800 -0.246300 0.040600
v 1.066640 -0.241780 0.063280
v 1.066630 -0.241500 0.064700
v 1.066990 -0.236660 0.079000
v 1.066980 -0.236460 0.079590
v 1.066830 -0.231000 0.095700
v -0.689700 0.748100 0.222100
v -0.685200 0.743300 0.201800
v 1.066870 -0.230180 0.097350
v 1.067320 -0.221500 0.114900
v 1.067320 -0.221410 0.115080
v 1.067170 -0.216500 0.125000
v 1.067600 -0.204800 0.142490
v 1.067720 -0.201380 0.147600
v 1.067610 -0.198300 0.152200
v 1.067250 -0.214460 0.128050
v 1.067680 -0.195430 0.155480
v 1.066780 -0.245390 -0.045200
v 1.066800 -0.246300 -0.040600
v 1.066570 -0.247900 -0.032600
v 1.066590 -0.249060 -0.014620
v 1.048000 -0.011290 -0.249270
v 1.048790 -0.004620 -0.249700
v 1.050000 -0.016800 -0.250000
v 1.050310 -0.004910 -0.249680
v 1.052670 -0.016900 -0.248910
v 1.053730 -0.032600 -0.247900
v 1.052670 -0.016880 -0.248910
v 1.047350 -0.016730 -0.248920
v 1.043390 -0.032600 -0.247900
v 1.045600 -0.153600 -0.246700
v 1.029600 -0.151000 -0.246700
v -0.843800 -0.610200 -0.237300
v -0.807100 -0.583600 -0.201800
v -0.797290 -0.603860 -0.218680
v -0.798030 -0.604670 -0.222100
v -0.812400 -0.587400 -0.222100
v -0.801870 -0.609220 -0.234570
v -0.802720 -0.610230 -0.237300
v 0.840860 -0.690010 -0.076500
v 0.841970 -0.670870 -0.176800
v 0.841360 -0.669570 -0.182520
v 0.842930 -0.673260 -0.163100
v 0.842060 -0.671090 -0.175520
v 0.836500 -0.658600 -0.222100
v 0.836090 -0.659040 -0.222100
v 0.841600 -0.662700 -0.201800
v 0.839310 -0.665180 -0.201800
v 0.836100 -0.659070 -0.222010
v 0.839370 -0.665320 -0.201190
v 0.807710 -0.618660 -0.220100
v 0.806370 -0.617210 -0.214080
v 0.808150 -0.619150 -0.222100
v 0.835260 -0.657610 -0.225460
v 0.812510 -0.624320 -0.235970
v 0.812930 -0.624820 -0.237300
v 0.817500 -0.630680 -0.246010
v 0.817860 -0.631140 -0.246700
v 0.822870 -0.638050 -0.250000
v 0.822590 -0.637670 -0.249820
v 0.827720 -0.645220 -0.246700
v 0.832100 -0.652180 -0.237450
v 0.832170 -0.652300 -0.237300
v 0.827540 -0.644950 -0.246820
v -0.818200 -0.591600 -0.237300
v -0.824400 -0.596200 -0.246700
v -0.831000 -0.600900 -0.250000
v -0.849600 -0.614400 -0.222100
v -0.795200 -0.617410 -0.108970
v -0.863700 -0.624600 -0.147600
v -0.866900 -0.627000 -0.114900
v -0.869400 -0.628800 -0.079000
v -0.832300 -0.666300 -0.126990
v -0.832130 -0.668820 -0.114900
v -0.832580 -0.662020 -0.147600
v -0.832460 -0.663850 -0.138760
v -0.831380 -0.672570 -0.093650
v -0.830850 -0.675150 -0.079000
v -0.828540 -0.679490 -0.058180
v -0.828520 -0.679540 -0.057960
v -0.830700 -0.675510 -0.076500
v -0.854900 -0.618300 -0.201800
v -0.859600 -0.621700 -0.176800
v -0.820420 -0.635320 -0.239640
v -0.821490 -0.637030 -0.237300
v -0.817210 -0.630210 -0.246700
v -0.824280 -0.641850 -0.226190
v -0.825300 -0.643620 -0.222100
v -0.826230 -0.645370 -0.216430
v -0.827670 -0.648080 -0.207670
v -0.828610 -0.649880 -0.201800
v -0.952900 0.295700 -0.176800
v -0.681200 0.739100 0.176800
v -0.729900 0.790400 0.176800
v -0.725800 0.786200 0.201800
v -0.721300 0.781400 0.222100
v -0.716400 0.776200 0.237300
v -0.711100 0.770600 0.246700
v -0.958500 0.297400 -0.201800
v -0.705500 0.764800 0.250000
v -0.699900 0.758900 0.246700
v -0.964800 0.299200 -0.222100
v -0.971600 0.301300 -0.237300
v -0.694600 0.753300 0.237300
v -0.979000 0.303400 -0.246700
v 1.037600 -0.152300 -0.250000
v 1.056940 -0.049820 -0.244470
v 1.058010 -0.064700 -0.241500
v 1.056130 -0.038640 -0.246700
v 1.056130 -0.038620 -0.246700
v 1.053200 -0.154800 -0.237300
v 1.033230 -0.064700 -0.241500
v 1.039880 -0.038620 -0.246700
v 1.041280 -0.036230 -0.247180
v 1.022000 -0.149800 -0.237300
v 1.060320 -0.077100 -0.237300
v 1.060320 -0.077140 -0.237290
v 1.061600 -0.095700 -0.231000
v 1.060300 -0.155900 -0.222100
v -0.791600 0.659800 0.246700
v -0.785600 0.654900 0.237300
v -0.780000 0.650400 0.222100
v -0.986800 0.305800 -0.250000
v -0.981800 0.036400 -0.079000
v -0.984900 0.036400 -0.114900
v -0.988900 0.036500 -0.147600
v -0.970000 0.165600 -0.079000
v -0.973000 0.166100 -0.114900
v -0.977000 0.166800 -0.147600
v -0.981900 0.167500 -0.176800
v -0.993900 0.036700 -0.176800
v -0.999700 0.036800 -0.201800
v -0.987700 0.168400 -0.201800
v -0.994100 0.169500 -0.222100
v 1.023960 -0.095700 -0.231000
v 1.024040 -0.095380 -0.231110
v 1.028650 -0.077100 -0.237300
v 1.032480 -0.066720 -0.240810
v 1.062450 -0.101670 -0.228050
v 1.062560 -0.102400 -0.227680
v 1.066700 -0.156900 -0.201800
v 1.064170 -0.113680 -0.222100
v 1.064180 -0.113750 -0.222070
v 1.064930 -0.125000 -0.216500
v 1.021770 -0.102400 -0.227680
v 1.018100 -0.113680 -0.222100
v 1.018200 -0.113390 -0.222250
v 1.067270 -0.144210 -0.203650
v 1.067610 -0.146970 -0.201800
v 1.067610 -0.146990 -0.201790
v 1.067960 -0.152200 -0.198300
v -0.945800 -0.356700 0.237300
v -0.939100 -0.354100 0.222100
v -0.933000 -0.351700 0.201800
v -0.927500 -0.349700 0.176800
v -0.774900 0.646300 0.201800
v -0.770400 0.642600 0.176800
v -0.825300 0.687100 0.176800
v -0.820800 0.683500 0.201800
v -0.815700 0.679300 0.222100
v -0.810100 0.674800 0.237300
v -0.804200 0.670000 0.246700
v -0.797900 0.664900 0.250000
v -0.896000 0.565800 0.222100
v -0.830490 -0.653870 -0.184530
v -0.831360 -0.655690 -0.176800
v -0.832360 -0.658160 -0.163100
v -0.832450 -0.659610 -0.157310
v -0.806630 -0.615240 -0.244880
v -0.807560 -0.616430 -0.246700
v -0.811430 -0.621760 -0.249300
v -0.812460 -0.623190 -0.250000
v -0.816120 -0.628600 -0.247460
v -1.004800 -0.379300 0.079000
v -1.002000 -0.378200 0.114900
v -1.006600 -0.380000 -0.040600
v -1.007200 -0.380200 0.000000
v -1.006600 -0.380000 0.040600
v 1.014700 -0.015900 0.176800
v 1.014900 -0.148700 0.222100
v 1.008400 -0.147700 0.201800
v 1.002700 -0.146800 0.176800
v 1.068520 -0.157180 -0.193950
v 1.068190 -0.176800 -0.176800
v 1.068480 -0.156850 -0.194240
v -0.993600 -0.375000 0.176800
v -0.988100 -0.372900 0.201800
v -0.982000 -0.370600 0.222100
v -0.975300 -0.368000 0.237300
v -0.968100 -0.365200 0.246700
v -0.960500 -0.362300 0.250000
v -0.953000 -0.359400 0.246700
v -0.998200 -0.376800 0.147600
v -0.922900 -0.347900 0.147600
v 1.068150 -0.178600 -0.174740
v 1.068080 -0.181080 -0.171900
v 1.067620 -0.198300 -0.152200
v 1.067720 -0.201380 -0.147600
v 1.067600 -0.204800 -0.142490
v 1.067430 -0.209370 -0.135660
v 1.067170 -0.216500 -0.125000
v 1.067320 -0.221500 -0.114900
v 1.067320 -0.221560 -0.114770
v 1.066850 -0.230600 -0.096510
v 1.066830 -0.231000 -0.095700
v 1.066990 -0.236660 -0.079000
v 1.066640 -0.241500 -0.064700
v 1.066710 -0.243240 -0.055970
v 1.015300 -0.287300 0.246700
v 1.007500 -0.285000 0.250000
v 0.999800 -0.282700 0.246700
v 0.992400 -0.280500 0.237300
v 0.985500 -0.278500 0.222100
v 0.979200 -0.276600 0.201800
v 0.973600 -0.275000 0.176800
v 0.997700 -0.146000 0.147600
v 1.009700 -0.015800 0.147600
v 1.005600 -0.015700 0.114900
v 1.002600 -0.015600 0.079000
v 0.993700 -0.145400 0.114900
v 0.990700 -0.144900 0.079000
v 0.988800 -0.144600 0.040600
v 1.000700 -0.015600 0.040600
v 1.000000 -0.015500 0.000000
v 1.000700 -0.015600 -0.040600
v 0.988200 -0.144500 0.000000
v 0.988800 -0.144600 -0.040600
v -1.002000 -0.378200 -0.114900
v -1.004800 -0.379300 -0.079000
v 0.687100 0.846100 0.176800
v 0.683500 0.841600 0.201800
v 0.679300 0.836500 0.222100
v 0.674800 0.830900 0.237300
v 0.670000 0.824900 0.246700
v 0.695900 0.857000 -0.040600
v 0.696300 0.857500 -0.000000
v 0.695900 0.857000 0.040600
v 0.694700 0.855500 0.079000
v 0.692800 0.853100 0.114900
v 0.690300 0.850000 0.147600
v 0.690300 0.850000 -0.147600
v 0.692800 0.853100 -0.114900
v 0.694700 0.855500 -0.079000
v 0.670000 0.824900 -0.246700
v 0.674800 0.830900 -0.237300
v 0.679300 0.836500 -0.222100
v 0.683500 0.841600 -0.201800
v 0.687100 0.846100 -0.176800
v -0.846200 0.535300 0.176800
v -0.889800 0.562000 0.237300
v -0.883300 0.558000 0.246700
v -0.876400 0.553800 0.250000
v -0.869500 0.549500 0.246700
v -0.862900 0.545500 0.237300
v -0.856800 0.541800 0.222100
v -0.919100 -0.346400 0.114900
v -0.916300 -0.345300 0.079000
v 0.880400 0.642500 0.176800
v 0.875600 0.639000 0.201800
v 0.870300 0.635200 0.222100
v 0.864500 0.631000 0.237300
v 0.858300 0.626400 0.246700
v 0.851800 0.621700 0.250000
v 0.845200 0.616900 0.246700
v 0.781400 0.742100 0.222100
v 0.776200 0.737100 0.237300
v 0.770600 0.731800 0.246700
v 0.764800 0.726300 0.250000
v 0.758900 0.720700 0.246700
v 0.790400 0.750600 0.176800
v 0.786200 0.746600 0.201800
v 0.659800 0.812300 0.246700
v 0.654900 0.806300 0.237300
v 0.650400 0.800700 0.222100
vn -0.0000 -0.3210 -0.9471
vn 0.0005 -0.3163 -0.9487
vn -0.0000 -0.3205 -0.9472
vn -0.0000 -0.3208 -0.9471
vn -0.0002 -0.3208 -0.9472
vn -0.9377 -0.1612 -0.3077
vn -0.9381 -0.1615 -0.3064
vn 0.2096 0.9284 0.3067
vn 0.6867 -0.3616 0.6306
vn 0.8426 -0.4433 0.3058
vn -0.3545 0.1309 0.9258
vn -0.8618 0.4539 0.2263
vn -0.8618 0.4538 0.2268
vn -0.9381 0.3459 0.0156
vn -0.9752 0.2208 -0.0155
vn -0.9924 0.0911 -0.0832
vn -0.9923 0.0913 -0.0842
vn -0.9883 0.0907 -0.1226
vn -0.9881 0.0911 -0.1242
vn -0.9719 0.2196 -0.0843
vn -0.9732 -0.0409 -0.2264
vn -0.9735 -0.0381 -0.2255
vn -0.9732 -0.0461 -0.2254
vn -0.9701 0.0892 -0.2258
vn -0.9816 0.0900 -0.1684
vn -0.9812 0.0904 -0.1705
vn -0.9609 0.2181 -0.1705
vn 0.9549 0.2964 -0.0156
vn 0.9518 0.2953 -0.0833
vn -0.0000 -0.4435 -0.8963
vn -0.0000 -0.4438 -0.8961
vn -0.0000 -0.4434 -0.8963
vn -0.9602 -0.1651 -0.2254
vn -0.9619 -0.1654 -0.2178
vn -0.9599 -0.1649 -0.2269
vn -0.9596 -0.1650 -0.2280
vn -0.9596 -0.1647 -0.2282
vn -0.9587 -0.1637 -0.2327
vn -0.0000 -0.5555 -0.8315
vn -0.0000 -0.5562 -0.8310
vn -0.0003 -0.5504 -0.8349
vn -0.0000 -0.5561 -0.8311
vn -0.0000 -0.5567 -0.8307
vn -0.9723 -0.1672 -0.1636
vn -0.9711 -0.1667 -0.1711
vn -0.9418 -0.2924 -0.1658
vn -0.0000 -0.6581 -0.7530
vn -0.0000 -0.6577 -0.7533
vn -0.0000 -0.6581 -0.7529
vn -0.0000 -0.6585 -0.7526
vn -0.9516 -0.2959 -0.0825
vn -0.9717 -0.1679 -0.1660
vn -0.0000 -0.7534 -0.6575
vn -0.0000 -0.7523 -0.6588
vn -0.0000 -0.7529 -0.6581
vn -0.0000 -0.7530 -0.6581
vn -0.0000 -0.7532 -0.6578
vn -0.9516 -0.2958 -0.0830
vn -0.0000 -0.8311 -0.5561
vn 0.0001 -0.8300 -0.5578
vn -0.0000 -0.8316 -0.5554
vn -0.9516 -0.2957 -0.0833
vn -0.9516 -0.2958 -0.0832
vn -0.9537 -0.2964 -0.0503
vn -0.0000 -0.8963 -0.4435
vn -0.0000 -0.8958 -0.4444
vn -0.0000 -0.8964 -0.4432
vn -1.0000 -0.0000 -0.0000
vn -0.8016 0.4222 0.4233
vn -0.6837 0.3597 0.6350
vn -0.6946 -0.5784 0.4279
vn -0.6957 -0.5788 0.4254
vn -0.7312 -0.6088 0.3078
vn 0.5948 0.4949 0.6334
vn 0.5944 0.4946 0.6341
vn -0.7311 -0.6088 0.3079
vn 0.1613 -0.9383 -0.3060
vn -0.5767 -0.8168 0.0178
vn -0.9704 0.0890 -0.2245
vn -0.9475 0.0871 -0.3076
vn -0.9484 0.0867 -0.3050
vn -0.9475 0.0871 -0.3077
vn -0.9417 -0.2923 -0.1664
vn -0.9538 -0.2964 -0.0488
vn -0.0000 -0.9471 -0.3208
vn -0.0000 -0.9473 -0.3204
vn -0.0000 -0.9470 -0.3213
vn 0.0035 -0.9565 -0.2915
vn -0.0000 -0.9471 -0.3211
vn -0.9537 -0.2965 -0.0501
vn -1.0000 -0.0004 -0.0000
vn -1.0000 0.0001 -0.0000
vn -0.9716 0.2203 -0.0867
vn -0.9680 0.2188 -0.1228
vn -0.9372 0.3455 -0.0484
vn -0.9681 0.2187 -0.1224
vn -0.9619 0.2173 -0.1660
vn -0.4536 -0.8620 0.2263
vn 0.1302 0.3535 0.9263
vn -0.1306 -0.3546 0.9258
vn -0.1311 -0.3557 0.9254
vn -0.2671 -0.7246 0.6354
vn -0.2683 -0.7269 0.6322
vn -0.3125 -0.8480 0.4281
vn -0.3292 -0.8932 0.3062
vn -0.3135 -0.8492 0.4250
vn 0.1710 0.7552 0.6327
vn -0.8499 0.3137 0.4233
vn -0.8419 0.4433 0.3078
vn -0.9347 0.3450 0.0854
vn -0.9311 0.3438 0.1222
vn -0.9347 0.3446 0.0867
vn -0.8781 0.4627 0.1220
vn -0.9372 0.3453 0.0484
vn -0.9372 0.3455 0.0478
vn -0.9382 0.3457 0.0164
vn -0.9382 0.3457 -0.0156
vn -0.9381 0.3459 -0.0164
vn -0.9373 0.3453 -0.0478
vn -0.6607 -0.7148 0.2293
vn -0.6618 -0.7149 0.2256
vn -0.6458 -0.6988 0.3076
vn 0.8241 0.5194 0.2263
vn 0.8046 0.5080 0.3075
vn 0.7317 -0.6766 0.0822
vn -0.7321 0.6760 0.0842
vn -0.7287 0.6735 0.1242
vn 0.8102 -0.5727 0.1248
vn 0.7285 -0.6736 0.1248
vn 0.7284 -0.6738 0.1242
vn 0.7318 -0.6765 0.0827
vn 0.7334 -0.6780 0.0497
vn -0.6383 0.7682 0.0496
vn 0.6385 -0.7680 0.0493
vn 0.9092 0.2818 -0.3065
vn -0.9504 0.2153 -0.2244
vn -0.9498 0.2156 -0.2266
vn -0.9280 0.2102 -0.3075
vn -0.9280 0.2102 -0.3077
vn -0.8821 0.1998 -0.4265
vn -0.8821 0.1998 -0.4267
vn -0.7544 0.1708 -0.6338
vn -0.7256 0.2677 -0.6339
vn 0.8909 0.1536 0.4275
vn 0.8922 0.1534 0.4248
vn 0.8924 0.1534 0.4244
vn 0.9382 0.1618 0.3060
vn 0.9229 0.2139 0.3202
vn 0.9513 0.0367 0.3059
vn 0.9510 0.0280 0.3080
vn 0.9513 0.0368 0.3060
vn 0.8908 0.1536 0.4277
vn 0.9382 0.1617 0.3060
vn 0.9391 0.1614 0.3034
vn 0.8213 0.3787 -0.4268
vn -0.7021 -0.3237 -0.6342
vn -0.9297 -0.2887 -0.2288
vn -0.8647 -0.3987 -0.3056
vn -0.8648 -0.3988 -0.3051
vn -0.8841 -0.4076 -0.2287
vn -0.3421 -0.1575 -0.9264
vn -0.3449 -0.1590 -0.9251
vn 0.8239 0.5196 0.2263
vn 0.3434 0.1582 0.9258
vn -0.2890 0.9306 0.2246
vn -0.2292 0.7390 0.6335
vn 0.9144 -0.3380 0.2228
vn 0.8486 -0.3130 0.4264
vn 0.9752 -0.2209 0.0155
vn 0.9752 -0.2208 0.0154
vn 0.9753 -0.2202 -0.0155
vn 0.9753 -0.2202 -0.0160
vn 0.9752 -0.2208 0.0153
vn 0.9753 -0.2204 0.0171
vn 0.9741 -0.2203 0.0504
vn 0.9742 -0.2200 0.0511
vn 0.9741 -0.2202 0.0507
vn 0.9721 -0.2164 0.0900
vn 0.9741 -0.2201 -0.0517
vn 0.9719 -0.2199 -0.0839
vn 0.9741 -0.2204 -0.0507
vn 0.9613 -0.2175 0.1692
vn 0.9349 -0.3449 0.0842
vn -0.3292 -0.8932 0.3064
vn -0.2100 -0.9278 0.3085
vn -0.2150 -0.9498 0.2274
vn -0.2104 -0.9282 0.3067
vn -0.3369 -0.9140 0.2261
vn -0.3365 -0.9138 0.2276
vn -0.3416 -0.9252 0.1653
vn -0.4590 -0.8722 0.1693
vn 0.4637 0.8819 0.0845
vn 0.4635 0.8820 0.0856
vn 0.4620 0.8784 0.1220
vn 0.4616 0.8784 0.1237
vn 0.5754 0.8135 0.0846
vn -0.4591 -0.8722 0.1689
vn -0.9346 0.3449 -0.0867
vn -0.9348 0.3446 -0.0854
vn -0.9311 0.3436 -0.1222
vn -0.9310 0.3437 -0.1226
vn -0.8815 0.4644 -0.0856
vn 0.8845 0.4081 0.2261
vn 0.8641 0.3982 0.3077
vn 0.8631 0.3982 0.3107
vn 0.7050 0.3250 0.6304
vn -0.9144 0.3367 -0.2248
vn -0.9253 0.3407 -0.1664
vn -0.9244 0.3413 -0.1702
vn -0.8486 0.3132 -0.4264
vn -0.3546 0.1308 -0.9258
vn -0.7244 0.2674 -0.6354
vn 0.3535 -0.1303 -0.9263
vn -0.9140 0.3368 -0.2263
vn -0.8927 0.3290 -0.3078
vn -0.8928 0.3290 -0.3076
vn -0.8501 0.3133 -0.4233
vn 0.6392 -0.7689 0.0158
vn 0.7334 -0.6779 0.0498
vn 0.7343 -0.6787 0.0157
vn 0.7343 -0.6787 -0.0156
vn 0.7342 -0.6787 0.0156
vn 0.9597 0.1651 0.2274
vn 0.9599 0.1650 0.2267
vn 0.9713 0.1671 0.1692
vn 0.9718 0.1666 0.1666
vn 0.9783 0.1677 0.1217
vn 0.6563 0.4141 0.6307
vn 0.3400 0.1569 0.9272
vn -0.3420 -0.1578 0.9264
vn -0.3433 -0.1583 0.9258
vn -0.7021 -0.3238 0.6342
vn -0.7067 -0.3252 0.6283
vn -0.8636 -0.3980 0.3095
vn -0.7653 -0.4830 0.4255
vn -0.8041 -0.5075 0.3097
vn -0.8048 -0.5075 0.3076
vn -0.7654 -0.4830 0.4253
vn 0.9379 -0.3465 0.0156
vn 0.1612 -0.9378 0.3076
vn 0.9311 -0.3435 -0.1226
vn 0.9349 -0.3448 -0.0842
vn 0.7543 -0.1710 -0.6338
vn -0.4622 -0.8781 0.1237
vn -0.5693 -0.8048 0.1679
vn -0.5726 -0.8105 0.1235
vn -0.2823 0.9088 0.3074
vn -0.2824 0.9081 0.3093
vn -0.2685 0.8660 0.4219
vn 0.7342 -0.6787 -0.0157
vn 0.7334 -0.6780 -0.0497
vn 0.7334 -0.6780 -0.0498
vn -0.7342 0.6788 -0.0157
vn -0.7345 0.6784 -0.0139
vn -0.7342 0.6788 0.0139
vn -0.7345 0.6784 0.0157
vn -0.7337 0.6777 0.0495
vn -0.7338 0.6776 0.0498
vn -0.7319 0.6764 0.0827
vn -0.7286 0.6738 0.1228
vn -0.8165 0.5771 -0.0157
vn -0.8156 0.5765 0.0499
vn -0.8106 0.5726 0.1231
vn -0.8046 0.5690 0.1698
vn 0.8136 -0.5756 0.0826
vn 0.8164 -0.5772 -0.0178
vn -0.8137 0.5754 0.0826
vn -0.8138 0.5749 0.0846
vn -0.8105 0.5731 0.1211
vn -0.7482 -0.6230 0.2284
vn -0.7490 -0.6230 0.2255
vn -0.8232 -0.5197 0.2287
vn -0.8239 -0.5196 0.2263
vn 0.7628 0.6347 0.1236
vn 0.7626 0.6348 0.1243
vn 0.6764 0.7317 0.0843
vn 0.6763 0.7318 0.0847
vn 0.6735 0.7287 0.1242
vn 0.6698 0.7235 0.1668
vn -0.5689 -0.8048 0.1692
vn -0.5729 -0.8104 0.1224
vn -0.6734 -0.7288 0.1242
vn -0.6738 -0.7287 0.1227
vn 0.7679 0.6386 0.0496
vn 0.7662 0.6372 0.0832
vn 0.7659 0.6374 0.0842
vn -0.5749 -0.8138 0.0848
vn -0.4643 -0.8819 0.0821
vn -0.5756 -0.8136 0.0823
vn -0.5760 -0.8158 0.0511
vn -0.5769 -0.8154 0.0478
vn -0.1117 0.3600 0.9262
vn 0.2298 -0.7388 0.6335
vn 0.2300 -0.7396 0.6325
vn 0.2684 -0.8632 0.4276
vn 0.2824 -0.9087 0.3074
vn -0.2685 0.8632 0.4276
vn -0.2291 0.7386 0.6340
vn -0.1116 0.3597 0.9264
vn 0.1119 -0.3596 0.9264
vn 0.1128 -0.3637 0.9246
vn -0.3241 0.7019 0.6342
vn -0.2890 0.9304 0.2253
vn 0.3783 -0.8214 0.4268
vn 0.3784 -0.8221 0.4254
vn 0.2684 -0.8637 0.4266
vn 0.3979 -0.8646 0.3068
vn 0.2824 -0.9090 0.3065
vn 0.2892 -0.9307 0.2242
vn 0.2924 -0.9411 0.1699
vn 0.2891 -0.9308 0.2235
vn 0.2924 -0.9412 0.1695
vn 0.1577 -0.3420 0.9264
vn -0.3982 0.8637 0.3089
vn -0.3796 0.8231 0.4223
vn -0.3794 0.8216 0.4254
vn -0.1577 0.3421 0.9264
vn -0.1575 0.3416 0.9266
vn 0.1582 -0.3434 0.9258
vn 0.3243 -0.7037 0.6322
vn 0.3247 -0.7051 0.6304
vn -0.2010 0.3185 0.9264
vn 0.9246 -0.3412 -0.1695
vn 0.8487 -0.3128 -0.4264
vn 0.8924 -0.3299 -0.3078
vn 0.8944 -0.3297 -0.3022
vn 1.0000 -0.0000 -0.0000
vn 0.9084 0.2822 0.3086
vn 0.9134 -0.3363 0.2296
vn 0.8941 -0.3305 0.3022
vn 0.4650 0.8851 0.0165
vn 0.4653 0.8850 -0.0165
vn 0.4650 0.8852 -0.0154
vn 0.4653 0.8850 0.0154
vn 0.9991 0.0386 -0.0173
vn 0.9778 0.1684 0.1248
vn 0.9818 0.1691 0.0862
vn 0.9823 0.1682 0.0826
vn 0.9842 0.1696 0.0505
vn 0.9846 0.1686 0.0470
vn 0.9549 0.2964 0.0156
vn 0.9853 0.1698 0.0174
vn 0.4648 0.8840 0.0488
vn 0.4648 0.8841 0.0489
vn 0.5772 0.8164 -0.0163
vn 0.5771 0.8165 0.0163
vn -0.4656 -0.8848 0.0165
vn -0.4659 -0.8847 0.0155
vn -0.4656 -0.8849 -0.0155
vn -0.5772 -0.8164 0.0157
vn -0.5767 -0.8168 -0.0157
vn -0.5772 -0.8164 -0.0178
vn 0.3433 0.9310 0.1236
vn 0.3406 0.9250 0.1684
vn 0.2208 0.9752 -0.0174
vn 0.2203 0.9753 -0.0155
vn 0.2205 0.9741 0.0499
vn 0.2201 0.9741 0.0516
vn 0.2200 0.9719 0.0834
vn 0.2189 0.9679 0.1235
vn -0.3406 -0.9249 0.1690
vn -0.2186 -0.9680 0.1235
vn -0.3446 -0.9348 0.0858
vn 0.9248 -0.3405 0.1695
vn 0.8927 -0.3290 0.3078
vn 0.8481 -0.3126 0.4279
vn 0.7267 -0.2680 0.6324
vn 0.8616 -0.4527 0.2296
vn 0.8434 -0.4443 0.3020
vn 0.8420 -0.4424 0.3086
vn 0.8012 -0.4221 0.4243
vn 0.8000 -0.4209 0.4277
vn 0.6851 -0.3606 0.6329
vn -0.8421 0.4436 0.3066
vn -0.8623 0.4538 0.2246
vn -0.8719 0.4588 0.1708
vn 0.3344 -0.1761 0.9259
vn -0.3352 0.1765 0.9255
vn 0.8619 -0.4535 0.2268
vn 0.3336 -0.1756 0.9262
vn 0.6845 -0.3602 0.6339
vn -0.6534 -0.4123 0.6349
vn 0.7654 0.4830 0.4253
vn 0.8055 0.5079 0.3054
vn 0.8235 0.5196 0.2276
vn 0.3194 0.2016 0.9259
vn 0.6533 0.4124 0.6349
vn 0.6543 0.4129 0.6336
vn 0.7653 0.4830 0.4255
vn 0.8047 0.5079 0.3075
vn 0.9854 0.1691 -0.0175
vn 0.9853 0.1700 0.0174
vn 0.9550 0.2961 -0.0172
vn 0.9549 0.2966 -0.0156
vn 0.9549 0.2966 0.0172
vn 0.9540 0.2958 0.0486
vn 0.9843 0.1695 -0.0483
vn 0.8101 -0.5731 0.1235
vn 0.8138 -0.5750 0.0846
vn 0.8157 -0.5764 0.0499
vn 0.8156 -0.5766 0.0490
vn -0.8784 0.4623 0.1210
vn -0.8816 0.4643 0.0845
vn -0.8817 0.4640 0.0856
vn -0.8784 0.4620 0.1220
vn -0.8721 0.4592 0.1688
vn -0.8720 0.4587 0.1708
vn 0.8725 -0.4585 0.1689
vn 0.8784 -0.4616 0.1237
vn 0.9855 0.1691 0.0154
vn 0.9854 0.1698 -0.0154
vn 0.9844 0.1696 -0.0470
vn 0.9844 0.1686 -0.0505
vn 0.9854 0.1691 -0.0174
vn 0.9538 0.2961 -0.0503
vn 0.9981 0.0392 -0.0470
vn 0.7578 0.6308 0.1665
vn -0.6690 -0.7241 0.1677
vn -0.6693 -0.7240 0.1668
vn -0.7580 -0.6305 0.1669
vn -0.6764 -0.7317 0.0847
vn -0.6765 -0.7316 0.0843
vn -0.6780 -0.7335 0.0478
vn 0.6788 0.7342 -0.0157
vn -0.6780 -0.7335 0.0479
vn -0.6787 -0.7342 0.0175
vn 0.7686 0.6395 -0.0158
vn 0.7686 0.6396 -0.0154
vn 0.7686 0.6395 0.0154
vn 0.7686 0.6396 0.0158
vn 0.7678 0.6388 0.0503
vn -0.6787 -0.7342 -0.0174
vn -0.6787 -0.7342 0.0174
vn -0.6787 -0.7342 -0.0175
vn 0.8429 0.5317 0.0830
vn 0.8428 0.5317 0.0833
vn 0.8393 0.5295 0.1232
vn 0.8392 0.5295 0.1236
vn 0.8336 0.5260 0.1688
vn -0.8391 -0.5295 0.1248
vn -0.8337 -0.5263 0.1671
vn -0.8339 -0.5263 0.1665
vn 0.9955 0.0390 -0.0863
vn -0.6564 -0.4136 0.6309
vn -0.3215 -0.2026 0.9250
vn -0.3176 -0.2005 0.9268
vn 0.3195 0.2017 0.9259
vn -0.8241 -0.5197 0.2256
vn -0.8052 -0.5078 0.3062
vn -0.8235 -0.5197 0.2274
vn -0.8047 -0.5077 0.3076
vn -0.7653 -0.4829 0.4255
vn 0.7486 0.6226 0.2279
vn 0.8784 -0.4617 0.1234
vn 0.8820 -0.4636 0.0845
vn 0.8819 -0.4643 0.0818
vn 0.8838 -0.4653 0.0489
vn -0.8164 0.5772 -0.0163
vn -0.8164 0.5772 0.0157
vn -0.8165 0.5771 0.0163
vn -0.8155 0.5767 0.0490
vn 0.8168 -0.5767 0.0178
vn 0.8168 -0.5767 -0.0157
vn 0.8164 -0.5772 0.0157
vn -0.8847 0.4659 -0.0165
vn -0.8849 0.4656 0.0165
vn -0.8849 0.4656 -0.0154
vn -0.8847 0.4659 0.0154
vn -0.8838 0.4654 0.0489
vn -0.8838 0.4654 0.0488
vn 0.8840 -0.4647 0.0511
vn 0.8850 -0.4653 0.0177
vn -0.3436 -0.9309 0.1236
vn -0.3437 -0.9310 0.1232
vn -0.4623 -0.8781 0.1234
vn -0.3450 -0.9348 0.0844
vn -0.4636 -0.8820 0.0843
vn -0.4647 -0.8840 0.0512
vn -0.4654 -0.8838 0.0488
vn 0.3453 0.9370 0.0518
vn 0.3451 0.9349 0.0832
vn 0.3445 0.9349 0.0854
vn 0.3437 0.9311 0.1222
vn -0.3453 -0.9372 0.0493
vn -0.3457 -0.9382 0.0164
vn -0.3455 -0.9372 0.0487
vn -0.2208 -0.9752 0.0150
vn -0.2208 -0.9752 -0.0155
vn -0.2207 -0.9752 0.0155
vn -0.3459 -0.9381 0.0156
vn -0.3457 -0.9382 -0.0156
vn -0.3459 -0.9381 -0.0164
vn -0.4659 -0.8847 -0.0165
vn 0.3465 0.9379 -0.0156
vn 0.3465 0.9379 0.0156
vn 0.3462 0.9369 0.0487
vn -0.3344 0.1760 0.9259
vn -0.6844 0.3603 0.6339
vn -0.8004 0.4211 0.4265
vn -0.7775 0.5491 0.3065
vn -0.8625 0.4541 0.2235
vn 0.7954 -0.5621 0.2265
vn 0.7396 -0.5226 0.4240
vn -0.7386 0.5218 0.4269
vn 0.3085 -0.2181 0.9259
vn 0.3076 -0.2173 0.9264
vn -0.7955 0.5618 0.2273
vn -0.7957 0.5629 0.2235
vn 0.7955 -0.5621 0.2264
vn 0.8053 -0.5691 0.1665
vn 0.6318 -0.4466 0.6336
vn 0.6309 -0.4458 0.6350
vn 0.7388 -0.5216 0.4266
vn 0.8781 0.1514 -0.4539
vn 0.8913 0.1534 -0.4267
vn 0.8921 0.1538 -0.4249
vn 0.9382 0.1618 -0.3060
vn 0.9513 0.0372 -0.3060
vn 0.9538 0.2961 -0.0501
vn 0.9518 0.2955 -0.0826
vn 0.9821 0.1692 -0.0826
vn 0.9782 0.1685 -0.1217
vn 0.9820 0.1681 -0.0862
vn 0.9477 0.2944 -0.1236
vn 0.9476 0.2940 -0.1249
vn 0.9779 0.1677 -0.1248
vn 0.9416 0.2926 -0.1664
vn 0.9416 0.2925 -0.1668
vn 0.9717 0.1672 -0.1666
vn 0.9599 0.1652 -0.2267
vn 0.9714 0.1665 -0.1692
vn 0.9300 0.2890 -0.2271
vn 0.9299 0.2888 -0.2277
vn 0.9100 0.2827 -0.3033
vn 0.8638 0.2679 -0.4266
vn 0.8634 0.2677 -0.4276
vn 0.9597 0.1650 -0.2274
vn 0.9387 0.1616 -0.3044
vn 0.9390 0.1619 -0.3034
vn 0.9383 0.1613 -0.3059
vn -0.4128 0.8950 0.1688
vn -0.4080 0.8849 0.2246
vn -0.4081 0.8847 0.2254
vn -0.3982 0.8635 0.3095
vn -0.3250 0.7049 0.6304
vn 0.5079 -0.8047 0.3075
vn 0.3980 -0.8643 0.3077
vn 0.4078 -0.8846 0.2261
vn 0.4076 -0.8853 0.2238
vn 0.9478 0.2938 -0.1236
vn 0.9518 0.2950 0.0833
vn 0.9515 0.2955 0.0853
vn 0.9481 0.2939 0.1212
vn 0.9477 0.2943 0.1236
vn 0.9412 0.2922 0.1695
vn 0.9411 0.2923 0.1699
vn 0.9050 0.4173 0.0830
vn 0.9049 0.4174 0.0834
vn 0.9011 0.4156 0.1238
vn 0.9550 0.2961 0.0156
vn 0.9538 0.2962 0.0501
vn 0.9080 0.4186 0.0155
vn 0.9517 0.2950 -0.0853
vn 0.9480 0.2944 -0.1212
vn 0.9517 0.2955 -0.0833
vn 0.9539 0.2958 -0.0501
vn 0.9539 0.2962 -0.0486
vn 0.9011 0.4155 -0.1238
vn 0.9411 0.2922 -0.1699
vn 0.9412 0.2923 -0.1695
vn 0.5275 0.5700 0.6300
vn 0.7256 -0.5127 -0.4590
vn 0.5259 0.5687 0.6325
vn 0.6137 0.6636 0.4279
vn 0.7270 -0.5091 -0.4607
vn 0.6136 0.6636 0.4279
vn 0.6146 0.6641 0.4257
vn 0.7277 -0.5049 -0.4643
vn 0.6468 0.6990 0.3051
vn 0.7321 0.6090 0.3051
vn 0.8848 -0.4656 0.0165
vn 0.8850 -0.4653 -0.0165
vn 0.8848 -0.4656 -0.0177
vn 0.8841 -0.4648 -0.0489
vn -0.9381 0.3459 -0.0156
vn 0.4635 0.8821 -0.0845
vn -0.5761 -0.8160 -0.0478
vn -0.4637 -0.8822 -0.0821
vn -0.5768 -0.8153 -0.0511
vn -0.5751 -0.8140 -0.0823
vn -0.5755 -0.8134 -0.0848
vn -0.5727 -0.8106 -0.1224
vn -0.5728 -0.8103 -0.1235
vn 0.4619 0.8782 -0.1237
vn 0.4617 0.8786 -0.1220
vn 0.4637 0.8819 -0.0856
vn 0.4648 0.8840 -0.0489
vn 0.4648 0.8841 -0.0488
vn 0.4533 0.8620 -0.2268
vn 0.4535 0.8612 -0.2296
vn 0.4593 0.8723 -0.1679
vn 0.4591 0.8728 -0.1659
vn -0.3085 0.2180 0.9259
vn -0.3094 0.2187 0.9254
vn -0.6318 0.4464 0.6336
vn -0.6327 0.4472 0.6322
vn -0.7386 0.5219 0.4266
vn 0.7774 -0.5494 0.3063
vn 0.7770 -0.5485 0.3089
vn -0.7777 0.5495 0.3052
vn -0.6990 0.6464 0.3059
vn -0.7152 0.6611 0.2268
vn -0.7237 0.6688 0.1700
vn 0.7149 -0.6613 0.2271
vn 0.7397 0.2296 -0.6325
vn 0.7390 0.2292 -0.6335
vn 0.8910 0.1532 -0.4274
vn 0.3632 0.1130 -0.9248
vn 0.3600 0.1117 -0.9262
vn 0.3716 0.0637 -0.9262
vn -0.7385 -0.2295 -0.6340
vn -0.3596 -0.1118 -0.9264
vn 0.5079 -0.8055 0.3054
vn 0.5196 -0.8239 0.2263
vn 0.4129 -0.6543 0.6336
vn 0.4138 -0.6564 0.6308
vn 0.5198 -0.8226 0.2307
vn 0.5265 -0.8332 0.1688
vn 0.6226 -0.7477 0.2307
vn 0.2014 -0.3195 0.9259
vn -0.2964 0.9538 0.0501
vn -0.2952 0.9518 0.0833
vn -0.2957 0.9515 0.0853
vn -0.2941 0.9480 0.1221
vn -0.2922 0.9413 0.1690
vn 0.9083 0.2825 -0.3086
vn -0.8955 -0.4123 0.1674
vn -0.9010 -0.4155 0.1246
vn 0.9384 0.1610 -0.3058
vn 0.9006 -0.0825 0.4267
vn 0.9506 -0.2153 0.2236
vn 0.9507 -0.2155 0.2229
vn 0.9294 -0.2104 0.3034
vn 0.9069 0.4184 0.0500
vn 0.8457 0.5334 -0.0164
vn 0.8456 0.5336 -0.0157
vn 0.8457 0.5334 0.0157
vn 0.8456 0.5336 0.0164
vn 0.8448 0.5328 0.0499
vn 0.8447 0.5329 0.0505
vn 0.6387 -0.7679 -0.0493
vn 0.7318 -0.6765 -0.0822
vn 0.7317 -0.6766 -0.0827
vn 0.7285 -0.6737 -0.1242
vn 0.7284 -0.6737 -0.1248
vn -0.7285 0.6737 -0.1242
vn -0.7288 0.6736 -0.1228
vn -0.7318 0.6763 -0.0843
vn 0.9080 0.4186 -0.0165
vn 0.9079 0.4189 -0.0155
vn 0.9079 0.4189 0.0165
vn 0.9069 0.4184 0.0501
vn 0.6464 0.6995 0.3047
vn 0.7271 -0.5099 -0.4597
vn 0.7271 -0.5093 -0.4603
vn 0.7324 0.6091 0.3043
vn 0.7323 0.6091 0.3045
vn 0.7488 0.6229 0.2267
vn 0.7494 0.6226 0.2255
vn 0.7591 0.6299 0.1644
vn 0.7330 -0.5139 -0.4457
vn 0.7584 0.6302 0.1665
vn 0.7583 0.6300 0.1674
vn 0.7570 -0.5306 -0.3813
vn 0.7276 -0.5100 -0.4589
vn 0.7272 -0.5096 -0.4599
vn 0.7269 -0.5094 -0.4605
vn 0.7173 -0.4956 -0.4898
vn -0.6146 -0.6650 0.4244
vn -0.5247 -0.5682 0.6340
vn -0.5948 -0.4949 0.6334
vn -0.2896 -0.2408 0.9264
vn 0.2907 0.2418 0.9258
vn 0.5975 0.4966 0.6296
vn 0.6946 0.5778 0.4285
vn 0.6960 0.5784 0.4254
vn -0.5273 -0.5704 0.6297
vn -0.5253 -0.5683 0.6333
vn -0.2557 -0.2765 0.9264
vn 0.7271 -0.5096 -0.4600
vn 0.7713 -0.0707 0.6326
vn 0.7554 -0.1712 0.6326
vn 0.3684 -0.0836 0.9259
vn 0.9498 -0.2143 0.2278
vn 0.8821 -0.1997 0.4267
vn 0.9282 -0.2094 0.3077
vn 0.8821 -0.1997 0.4265
vn 0.7544 -0.1708 0.6338
vn -0.0000 -0.7530 0.6581
vn -0.0000 -0.7530 0.6580
vn 0.9498 -0.2143 0.2279
vn 0.9695 -0.0901 0.2280
vn 0.9489 -0.0869 0.3034
vn -0.7728 0.0707 0.6307
vn -0.7713 0.0706 0.6326
vn -0.0000 -0.6581 0.7530
vn -0.0000 -0.6577 0.7533
vn -0.0000 -0.6582 0.7528
vn -0.0000 -0.6579 0.7531
vn 0.7717 -0.0708 0.6320
vn 0.9692 -0.0885 0.2300
vn 0.9695 -0.0889 0.2286
vn 0.9488 -0.0871 0.3037
vn 0.9489 -0.0872 0.3033
vn 0.9485 -0.0870 0.3046
vn 0.9006 -0.0826 0.4267
vn 0.3763 -0.0345 0.9258
vn -0.8970 0.0839 0.4340
vn 0.4434 0.8432 -0.3040
vn 0.3372 0.9130 -0.2296
vn -0.5691 -0.8050 -0.1679
vn -0.5692 -0.8046 -0.1692
vn 0.4211 0.7999 -0.4276
vn 0.4434 0.8423 -0.3066
vn 0.4212 0.8004 -0.4265
vn -0.5714 0.5280 -0.6283
vn -0.6650 0.6145 -0.4246
vn 0.6648 -0.6150 0.4241
vn -0.2774 0.2564 0.9259
vn -0.6991 0.6468 0.3049
vn -0.7268 -0.5095 -0.4606
vn -0.8454 -0.5338 0.0164
vn -0.9070 -0.4185 -0.0476
vn -0.7581 -0.6305 0.1665
vn -0.7627 -0.6347 0.1243
vn -0.7629 -0.6346 0.1236
vn -0.7657 -0.6376 0.0842
vn -0.7660 -0.6374 0.0832
vn -0.8394 -0.5294 0.1236
vn -0.7675 -0.6391 0.0503
vn -0.8428 -0.5316 0.0841
vn -0.7681 -0.6385 0.0476
vn -0.8431 -0.5313 0.0830
vn -0.8445 -0.5332 0.0505
vn -0.8456 -0.5336 0.0157
vn -0.8450 -0.5326 0.0477
vn -0.7685 -0.6396 0.0173
vn -0.7689 -0.6392 -0.0173
vn -0.7689 -0.6392 0.0158
vn -0.7686 -0.6396 -0.0158
vn -0.8455 -0.5338 -0.0157
vn -0.8456 -0.5336 -0.0164
vn -0.8838 0.2001 0.4230
vn -0.9499 0.2146 0.2274
vn -0.9371 0.3456 0.0487
vn -0.9751 0.2210 -0.0155
vn -0.9751 0.2210 -0.0158
vn -0.9752 0.2209 0.0155
vn -0.9679 0.2189 0.1235
vn -0.9611 0.2172 0.1705
vn -0.9752 0.2210 0.0150
vn -0.9752 0.2208 0.0141
vn -0.2961 0.9550 -0.0179
vn -0.2968 0.9548 -0.0156
vn -0.2961 0.9550 0.0156
vn -0.2967 0.9548 0.0179
vn -0.2958 0.9540 0.0478
vn -0.4186 0.9080 0.0155
vn 0.1665 -0.9713 0.1698
vn -0.2942 0.9478 0.1227
vn -0.2922 0.9412 0.1695
vn 0.4126 -0.8950 0.1695
vn 0.2943 -0.9475 0.1249
vn 0.2941 -0.9478 0.1236
vn 0.2955 -0.9517 0.0833
vn 0.2962 -0.9539 0.0478
vn 0.2953 -0.9518 0.0826
vn 0.2968 -0.9536 0.0501
vn 0.7627 0.6347 -0.1243
vn 0.7627 0.6349 -0.1236
vn 0.7661 0.6372 -0.0842
vn 0.7660 0.6374 -0.0832
vn 0.7679 0.6386 -0.0503
vn 0.7322 0.6089 -0.3052
vn 0.7678 0.6388 -0.0496
vn -0.6780 -0.7335 -0.0478
vn -0.6780 -0.7335 -0.0479
vn -0.6735 -0.7289 -0.1227
vn -0.6764 -0.7317 -0.0843
vn -0.9741 0.2208 0.0491
vn -0.9248 0.3411 -0.1684
vn -0.8839 0.1995 -0.4230
vn -0.9615 0.2172 -0.1685
vn -0.9679 0.2191 -0.1235
vn -0.9720 0.2198 -0.0834
vn -0.9610 0.2176 -0.1705
vn -0.8817 0.1996 -0.4276
vn -0.9283 0.2102 -0.3067
vn -0.9719 -0.1671 0.1660
vn -0.9001 0.0821 0.4279
vn -0.9007 0.0823 0.4267
vn -0.0000 -0.5561 0.8311
vn -0.0001 -0.5574 0.8302
vn -0.0000 -0.5553 0.8316
vn 0.9001 -0.0825 0.4278
vn 0.9117 -0.0871 0.4015
vn 0.9007 -0.0826 0.4266
vn -0.7697 0.0703 0.6346
vn -0.8388 0.0766 0.5390
vn -0.9011 0.0822 0.4257
vn -0.9005 0.0824 0.4270
vn -0.9008 0.0823 0.4263
vn -0.9140 0.0843 0.3969
vn -0.9075 0.0829 0.4118
vn -0.9476 0.0865 0.3076
vn -0.0000 -0.4472 0.8944
vn -0.0000 -0.4438 0.8961
vn -0.0000 -0.4435 0.8963
vn -0.0000 -0.4429 0.8966
vn -0.0000 -0.4434 0.8963
vn 0.0082 -0.4390 0.8985
vn -0.0000 -0.4440 0.8960
vn -0.0011 -0.4439 0.8961
vn 0.0783 -0.4352 0.8969
vn 0.1602 -0.4225 0.8921
vn -0.0057 -0.4439 0.8960
vn 0.0006 -0.4434 0.8963
vn 0.7682 -0.0700 0.6364
vn -0.7712 0.0705 0.6327
vn -0.0000 -0.3208 0.9471
vn -0.0000 -0.3200 0.9474
vn -0.0000 -0.3210 0.9471
vn -0.0003 -0.3208 0.9471
vn 0.0723 -0.2570 0.9637
vn 0.7710 -0.0706 0.6329
vn 0.3766 -0.0345 0.9257
vn 0.3763 -0.0345 0.9259
vn -0.3763 0.0344 0.9259
vn -0.3755 0.0344 0.9262
vn -0.3765 0.0345 0.9258
vn -0.0000 -0.1955 0.9807
vn -0.0000 -0.1961 0.9806
vn -0.0000 -0.1951 0.9808
vn 0.2971 -0.9547 0.0179
vn 0.2964 -0.9549 0.0156
vn 0.2971 -0.9547 -0.0156
vn 0.2964 -0.9549 -0.0179
vn 0.2968 -0.9537 -0.0478
vn -0.4184 0.9069 -0.0500
vn -0.4186 0.9080 -0.0165
vn -0.4189 0.9079 -0.0155
vn -0.4171 0.9052 0.0818
vn -0.4154 0.9014 0.1225
vn -0.4174 0.9049 0.0834
vn -0.4157 0.9009 0.1246
vn -0.4129 0.8949 0.1695
vn 0.4125 -0.8952 0.1688
vn 0.4153 -0.9012 0.1238
vn 0.4152 -0.9013 0.1234
vn -0.5297 0.8390 0.1248
vn 0.5263 -0.8339 0.1665
vn -0.6765 -0.7316 -0.0847
vn -0.6737 -0.7285 -0.1242
vn -0.7152 0.6610 0.2270
vn 0.6764 0.7317 -0.0847
vn 0.6763 0.7318 -0.0843
vn -0.7152 0.6614 0.2258
vn -0.7238 0.6691 0.1689
vn -0.7237 0.6690 0.1690
vn 0.6693 0.7240 -0.1668
vn -0.7569 -0.5306 -0.3815
vn -0.7274 -0.5099 -0.4593
vn -0.7269 -0.5095 -0.4605
vn -0.7269 -0.5095 -0.4604
vn -0.5693 0.5259 0.6319
vn -0.6627 0.6123 0.4312
vn -0.6643 0.6148 0.4251
vn -0.6640 0.6142 0.4265
vn -0.6989 0.6465 0.3060
vn -0.6991 0.6468 0.3050
vn -0.7277 -0.5092 -0.4595
vn -0.7268 -0.5093 -0.4609
vn -0.2896 -0.2408 -0.9264
vn 0.7241 -0.6693 0.1662
vn 0.6460 0.6986 -0.3076
vn 0.7238 -0.6691 0.1685
vn 0.7239 -0.6692 0.1677
vn 0.7150 -0.6614 0.2266
vn -0.6692 -0.7239 -0.1677
vn 0.6991 -0.6468 0.3048
vn 0.6137 0.6634 -0.4282
vn 0.6140 0.6641 -0.4265
vn 0.7149 -0.6610 0.2280
vn -0.5621 -0.7946 -0.2294
vn 0.5681 -0.5254 -0.6334
vn -0.2785 0.2576 -0.9253
vn 0.2408 -0.2896 -0.9264
vn -0.5242 -0.5671 -0.6353
vn -0.2564 -0.2775 -0.9259
vn -0.5680 0.5256 -0.6334
vn 0.2595 0.2808 -0.9240
vn -0.2556 -0.2766 -0.9264
vn 0.7487 0.6234 -0.2255
vn 0.7578 0.6308 -0.1669
vn 0.7578 0.6309 -0.1665
vn -0.6468 -0.6998 -0.3030
vn 0.7239 -0.6692 -0.1677
vn 0.7235 -0.6692 -0.1692
vn -0.6138 -0.6644 -0.4265
vn 0.7154 -0.6613 -0.2256
vn -0.6134 -0.6637 -0.4281
vn 0.7151 -0.6613 -0.2266
vn -0.5251 -0.5684 -0.6333
vn -0.5950 -0.4947 -0.6334
vn -0.6986 0.6460 -0.3076
vn -0.2888 -0.2401 -0.9268
vn 0.2931 0.2438 -0.9245
vn 0.5944 0.4946 -0.6341
vn 0.5948 0.4950 -0.6334
vn 0.6949 0.5779 -0.4279
vn 0.6956 0.5789 -0.4254
vn 0.7318 0.6080 -0.3078
vn 0.6991 -0.6462 -0.3061
vn 0.7484 0.6218 -0.2307
vn 0.6649 -0.6145 -0.4246
vn 0.6986 -0.6460 -0.3076
vn 0.3605 0.6843 -0.6339
vn 0.3614 0.6868 -0.6306
vn 0.4464 0.6318 -0.6336
vn 0.5219 0.7385 -0.4269
vn -0.5494 -0.7787 -0.3028
vn -0.5492 -0.7765 -0.3089
vn -0.5226 -0.7396 -0.4240
vn -0.4458 -0.6309 -0.6351
vn -0.5222 -0.7384 -0.4266
vn -0.4463 -0.6319 -0.6336
vn 0.2186 0.3095 -0.9254
vn -0.5619 -0.7964 -0.2235
vn -0.3604 -0.6844 -0.6339
vn -0.1757 -0.3335 -0.9262
vn -0.9408 -0.2925 0.1711
vn -0.7389 -0.2297 0.6335
vn -0.9597 -0.1650 0.2274
vn -0.9598 -0.1651 0.2271
vn -0.9382 -0.1614 0.3060
vn -0.9376 -0.1614 0.3079
vn -0.9377 -0.1615 0.3076
vn -0.8929 -0.1529 0.4235
vn 0.7622 0.1311 0.6339
vn -0.9595 -0.1650 0.2283
vn -0.9596 -0.1649 0.2280
vn -0.0000 -0.6584 0.7527
vn -0.9376 -0.1614 0.3080
vn 0.3715 0.0640 0.9262
vn 0.7617 0.1311 0.6345
vn -0.0000 -0.5562 0.8311
vn -0.0001 -0.5563 0.8310
vn -0.0000 -0.5558 0.8313
vn -0.8904 -0.1533 0.4287
vn -0.7663 -0.1311 0.6290
vn -0.7626 -0.1310 0.6335
vn 0.7612 0.1311 0.6351
vn 0.7625 0.1311 0.6335
vn -0.0000 -0.4436 0.8962
vn -0.8933 -0.1530 0.4226
vn -0.6468 -0.6991 0.3047
vn -0.6462 -0.6988 0.3068
vn 0.5296 -0.8392 0.1232
vn -0.6147 -0.6647 0.4246
vn -0.6618 -0.7154 0.2239
vn 0.4174 -0.9047 0.0855
vn 0.7277 -0.5091 -0.4597
vn 0.4184 -0.9069 0.0501
vn 0.4178 -0.9073 0.0476
vn -0.6607 -0.7144 0.2306
vn 0.4170 -0.9051 0.0834
vn -0.6598 -0.7151 0.2308
vn -0.6469 -0.6991 0.3047
vn -0.5318 0.8429 0.0818
vn -0.6144 -0.6648 0.4249
vn 0.5297 -0.8391 0.1236
vn 0.5318 -0.8425 0.0856
vn -0.4189 0.9079 0.0165
vn -0.4184 0.9069 0.0499
vn -0.4184 0.9069 0.0501
vn -0.5334 0.8457 -0.0164
vn -0.5336 0.8456 -0.0157
vn -0.2561 -0.2770 0.9261
vn -0.5336 0.8456 0.0164
vn 0.7262 -0.5092 -0.4620
vn 0.5326 -0.8450 0.0477
vn 0.2557 0.2765 0.9264
vn 0.2559 0.2767 0.9263
vn 0.2565 0.2771 0.9260
vn 0.7226 -0.5065 -0.4704
vn 0.7274 -0.5098 -0.4593
vn 0.4185 -0.9081 0.0165
vn 0.7279 -0.5102 -0.4581
vn 0.7271 -0.5091 -0.4605
vn 0.7268 -0.5092 -0.4610
vn 0.7271 -0.5089 -0.4608
vn 0.7261 -0.5100 -0.4612
vn 0.7270 -0.5092 -0.4606
vn 0.7271 -0.5091 -0.4606
vn 0.7268 -0.5094 -0.4608
vn 0.7271 -0.5089 -0.4607
vn 0.7281 -0.5071 -0.4612
vn 0.7272 -0.5089 -0.4607
vn 0.4182 -0.9082 0.0155
vn 0.4185 -0.9081 -0.0155
vn -0.7585 -0.6301 0.1664
vn -0.7584 -0.6301 0.1669
vn -0.7454 -0.6221 0.2394
vn 0.4182 -0.9082 -0.0165
vn 0.4185 -0.9070 -0.0476
vn -0.7494 -0.6226 0.2255
vn 0.4177 -0.9072 -0.0501
vn -0.7478 -0.6226 0.2306
vn -0.7467 -0.6225 0.2343
vn -0.7323 -0.6090 0.3046
vn -0.7312 -0.6088 0.3079
vn -0.5334 0.8457 0.0157
vn -0.6961 -0.5788 0.4247
vn -0.5966 -0.4960 0.6309
vn -0.6958 -0.5787 0.4254
vn -0.0000 -0.1952 0.9808
vn 0.0003 -0.1955 0.9807
vn -0.0001 -0.1959 0.9806
vn 0.3757 -0.0344 0.9261
vn 0.3767 -0.0341 0.9257
vn 0.3846 0.0151 0.9230
vn 0.6990 -0.6463 0.3061
vn 0.6990 -0.6463 0.3060
vn 0.6640 -0.6142 0.4265
vn 0.0194 -0.0000 0.9998
vn 0.3464 0.0161 0.9379
vn -0.3787 -0.0149 0.9254
vn -0.0000 -0.0000 1.0000
vn 0.3784 0.0151 0.9255
vn -0.3777 -0.0145 0.9258
vn -0.3764 0.0344 0.9258
vn -0.0000 -0.0643 0.9979
vn -0.0000 -0.0642 0.9979
vn -0.0000 -0.0654 0.9979
vn -0.0002 -0.0588 0.9983
vn -0.0000 -0.0646 0.9979
vn -0.0000 -0.0641 0.9979
vn 0.0001 -0.0643 0.9979
vn 0.3800 0.0148 0.9249
vn -0.1022 -0.0000 -0.9948
vn 0.3773 0.0149 0.9260
vn -0.3788 -0.0148 0.9253
vn -0.8908 -0.1532 0.4277
vn -0.7651 -0.1310 0.6304
vn -0.7658 -0.1311 0.6296
vn -0.7656 -0.1309 0.6299
vn -0.3716 -0.0637 0.9262
vn -0.3705 -0.0636 0.9267
vn 0.3750 0.0643 0.9248
vn 0.7634 0.1329 0.6321
vn 0.3750 0.0644 0.9248
vn -0.3704 -0.0638 0.9267
vn 0.0018 -0.3034 0.9529
vn -0.3758 -0.0148 0.9266
vn -0.3762 -0.0148 0.9264
vn -0.0000 -0.3214 0.9469
vn -0.0000 -0.3206 0.9472
vn -0.0000 -0.3211 0.9470
vn 0.0005 -0.3209 0.9471
vn -0.0002 -0.3208 0.9472
vn -0.8012 -0.0000 0.5984
vn -0.3772 -0.0147 0.9260
vn -0.7757 -0.0308 0.6304
vn -0.3265 -0.0130 0.9451
vn -0.7756 -0.0302 0.6304
vn -0.7760 -0.0302 0.6300
vn -0.7634 -0.1437 0.6298
vn 0.7633 0.1310 0.6327
vn -0.3818 -0.0147 0.9241
vn 0.7614 0.1309 0.6349
vn -0.3761 -0.0150 0.9265
vn -0.0000 0.0642 0.9979
vn -0.0000 0.0643 0.9979
vn 0.3800 0.0150 0.9249
vn 0.3799 0.0151 0.9249
vn 0.7607 0.1288 0.6363
vn 0.7709 0.0304 0.6362
vn 0.7712 0.0304 0.6359
vn -0.0000 0.0644 0.9979
vn -0.7670 -0.1301 0.6284
vn -0.0000 0.0645 0.9979
vn -0.0000 -0.1959 0.9806
vn 0.0010 -0.1742 0.9847
vn -0.0001 -0.1976 0.9803
vn 0.7720 0.0304 0.6349
vn 0.7718 0.0303 0.6352
vn -0.0000 -0.1957 0.9807
vn 0.3782 0.0149 0.9256
vn 0.0002 -0.1961 0.9806
vn -0.0002 -0.1953 0.9807
vn 0.0005 -0.1960 0.9806
vn -0.0000 -0.1953 0.9807
vn -0.0000 -0.1954 0.9807
vn -0.0005 -0.1909 0.9816
vn -0.0002 -0.1955 0.9807
vn -0.3921 -0.0156 0.9198
vn 0.3839 0.0153 0.9232
vn -0.3757 -0.0149 0.9266
vn 0.3756 0.0150 0.9267
vn 0.3806 0.0148 0.9246
vn -0.0000 -0.0665 0.9978
vn -0.0001 -0.0638 0.9980
vn -0.0000 -0.0644 0.9979
vn -0.2952 0.9516 -0.0853
vn -0.2957 0.9516 -0.0833
vn -0.3766 0.0348 0.9257
vn -0.2958 0.9539 -0.0501
vn -0.2964 0.9539 -0.0478
vn 0.3684 -0.0834 0.9259
vn -0.1527 0.8911 -0.4274
vn 0.7712 -0.0712 0.6326
vn -0.2292 0.7390 -0.6335
vn -0.2826 0.9087 -0.3074
vn -0.3763 0.0347 0.9258
vn 0.3763 -0.0347 0.9259
vn 0.3763 -0.0347 0.9258
vn 0.2961 -0.9538 -0.0501
vn -0.3772 -0.0149 0.9260
vn -0.3763 -0.0149 0.9264
vn 0.3776 0.0149 0.9259
vn 0.3784 0.0150 0.9255
vn 0.3715 0.0151 0.9283
vn 0.1693 -0.9844 -0.0479
vn 0.0001 0.0640 0.9979
vn 0.2955 -0.9518 -0.0826
vn 0.2953 -0.9518 -0.0833
vn 0.2944 -0.9477 -0.1236
vn 0.1692 -0.9821 -0.0826
vn 0.2939 0.2445 -0.9240
vn -0.6691 -0.7242 -0.1668
vn -0.6613 -0.7154 -0.2256
vn -0.6612 -0.7143 -0.2293
vn -0.7581 -0.6305 -0.1669
vn -0.7487 -0.6234 -0.2255
vn -0.6464 -0.6982 -0.3076
vn 0.9011 0.4156 -0.1234
vn 0.9049 0.4173 -0.0834
vn 0.9049 0.4174 -0.0830
vn 0.9069 0.4184 -0.0501
vn 0.9069 0.4184 -0.0500
vn -0.8392 -0.5293 -0.1248
vn 0.8393 0.5295 -0.1236
vn 0.8393 0.5296 -0.1232
vn 0.8428 0.5317 -0.0833
vn 0.8428 0.5318 -0.0830
vn 0.8447 0.5328 -0.0505
vn 0.8447 0.5329 -0.0499
vn 0.8951 0.4127 -0.1688
vn 0.8232 0.5188 -0.2307
vn 0.8236 0.5201 -0.2263
vn 0.8338 0.5255 -0.1688
vn 0.8339 0.5262 -0.1665
vn 0.6543 0.4129 -0.6336
vn 0.6641 -0.6141 -0.4265
vn 0.5669 -0.5245 -0.6352
vn 0.2773 -0.2565 -0.9259
vn 0.2764 -0.2558 -0.9264
vn -0.7322 0.6761 -0.0827
vn -0.7337 0.6776 -0.0498
vn -0.7338 0.6776 -0.0495
vn -0.7235 0.6691 -0.1700
vn -0.7243 0.6690 -0.1668
vn -0.6641 0.6140 -0.4265
vn -0.6982 0.6458 -0.3090
vn -0.7147 0.6611 -0.2283
vn -0.7160 0.6612 -0.2241
vn -0.2887 -0.2402 0.9268
vn 0.2895 0.2409 0.9264
vn -0.2773 0.2566 -0.9259
vn -0.3085 0.2180 -0.9259
vn 0.7683 0.6383 0.0486
vn 0.7775 -0.5493 -0.3063
vn 0.7384 -0.5222 -0.4266
vn 0.8157 -0.5764 -0.0490
vn 0.8155 -0.5766 -0.0499
vn 0.8139 -0.5751 -0.0826
vn 0.8050 -0.5691 -0.1679
vn 0.8054 -0.5689 -0.1665
vn -0.8103 0.5730 -0.1231
vn -0.8108 0.5727 -0.1211
vn -0.8136 0.5753 -0.0846
vn -0.8140 0.5750 -0.0826
vn -0.8155 0.5767 -0.0499
vn -0.8156 0.5765 -0.0490
vn 0.8134 -0.5755 -0.0846
vn 0.8817 -0.4642 -0.0845
vn 0.7683 0.6383 0.0487
vn 0.8103 -0.5728 -0.1235
vn 0.8100 -0.5730 -0.1248
vn 0.7685 0.6397 0.0162
vn -0.8783 0.4622 -0.1220
vn -0.8818 0.4641 -0.0845
vn -0.8785 0.4621 -0.1210
vn -0.8816 0.4642 -0.0856
vn -0.8838 0.4654 -0.0489
vn -0.8838 0.4654 -0.0488
vn 0.7685 0.6397 -0.0164
vn 0.8426 0.5318 0.0853
vn 0.8837 -0.4653 -0.0511
vn 0.7686 0.6395 -0.0156
vn 0.8922 0.1531 0.4248
vn 0.8910 0.1532 0.4274
vn 0.7999 -0.5603 -0.2152
vn -0.7771 -0.0304 0.6286
vn 0.7682 0.6384 0.0483
vn -0.7738 -0.0304 0.6327
vn 0.1689 -0.9821 -0.0835
vn -0.7266 -0.5095 -0.4610
vn 0.2940 -0.9476 -0.1249
vn 0.1685 -0.9782 -0.1217
vn 0.6636 -0.6136 0.4279
vn 0.1677 -0.9779 -0.1247
vn -0.2940 0.9479 -0.1227
vn 0.5682 -0.5256 0.6332
vn -0.2942 0.9479 -0.1220
vn -0.4153 0.9011 -0.1246
vn -0.4171 0.9050 -0.0834
vn -0.4158 0.9012 -0.1225
vn 0.2923 -0.9411 -0.1699
vn 0.1665 -0.9714 -0.1692
vn 0.1664 -0.9713 -0.1698
vn 0.1644 -0.9600 -0.2267
vn 0.1651 -0.9606 -0.2238
vn 0.2823 -0.9088 -0.3074
vn 0.1610 -0.9378 -0.3076
vn 0.1532 -0.8910 -0.4275
vn 0.1316 -0.7654 -0.6300
vn 0.1527 -0.8900 -0.4296
vn 0.1307 -0.7626 -0.6335
vn -0.1116 0.3597 -0.9264
vn -0.1117 0.3600 -0.9262
vn -0.0001 0.0643 0.9979
vn -0.0000 0.0633 0.9980
vn -0.2923 0.9413 -0.1690
vn 0.3451 0.9347 -0.0854
vn -0.8818 0.1990 0.4276
vn 0.3461 0.9368 -0.0518
vn -0.2921 0.9412 -0.1695
vn 0.2191 0.9678 -0.1235
vn 0.2189 0.9680 -0.1224
vn 0.2198 0.9720 -0.0834
vn 0.2205 0.9740 -0.0516
vn 0.2925 -0.9411 -0.1695
vn 0.2892 -0.9308 -0.2235
vn 0.2891 -0.9307 -0.2242
vn 0.2102 0.9283 -0.3067
vn 0.7709 -0.0711 0.6330
vn 0.2147 0.9507 -0.2237
vn 0.2179 0.9613 -0.1685
vn 0.9006 -0.0830 0.4267
vn -0.9024 0.0834 0.4227
vn -0.7712 0.0712 0.6326
vn -0.9062 -0.0192 0.4223
vn -0.7709 0.0712 0.6330
vn 0.3793 0.0149 0.9252
vn 0.7754 0.0307 0.6308
vn 0.7735 0.0304 0.6331
vn 0.7732 0.0303 0.6334
vn -0.3453 -0.9372 -0.0487
vn 0.7736 0.0303 0.6330
vn 0.7738 0.0306 0.6327
vn -0.3455 -0.9371 -0.0493
vn -0.2201 -0.9717 -0.0861
vn -0.7666 -0.0314 0.6413
vn -0.7743 -0.0307 0.6320
vn -0.7732 -0.0311 0.6334
vn -0.7735 -0.0305 0.6330
vn -0.3542 -0.0184 0.9350
vn -0.7763 -0.0306 0.6296
vn -0.3778 -0.0149 0.9258
vn -0.4647 -0.8841 -0.0488
vn -0.3776 -0.0149 0.9259
vn -0.3437 -0.9309 -0.1236
vn -0.4653 -0.8837 -0.0512
vn -0.3446 -0.9349 -0.0844
vn -0.3450 -0.9347 -0.0858
vn 0.0005 0.1961 0.9806
vn -0.4642 -0.8817 -0.0843
vn -0.0000 0.1953 0.9807
vn -0.3436 -0.9310 -0.1232
vn -0.4622 -0.8781 -0.1234
vn -0.4623 -0.8781 -0.1237
vn 0.3437 0.9309 -0.1236
vn 0.3434 0.9312 -0.1222
vn 0.0001 0.1945 0.9809
vn 0.3446 0.9351 -0.0832
vn -0.0000 0.1956 0.9807
vn 0.3454 0.9372 -0.0487
vn -0.0000 0.1955 0.9807
vn -0.0000 0.1961 0.9806
vn -0.3414 -0.9246 -0.1690
vn 0.0025 0.1427 0.9898
vn -0.0001 0.1955 0.9807
vn -0.9504 0.2153 0.2244
vn -0.9283 0.2103 0.3067
vn -0.9281 0.2101 0.3075
vn -0.9475 0.0871 0.3077
vn -0.9015 0.0830 0.4247
vn 0.9005 -0.0830 0.4269
vn 0.9640 -0.0886 0.2506
vn -0.9028 0.0827 0.4221
vn 0.7712 0.0305 0.6358
vn 0.9923 0.0392 0.1175
vn 0.9041 0.0355 0.4259
vn 0.8000 -0.0518 0.5978
vn 0.9038 0.0366 0.4263
vn 0.9007 -0.0836 0.4262
vn -0.9050 -0.0353 0.4240
vn -0.9037 -0.0356 0.4268
vn -0.0000 0.3207 0.9472
vn 0.0001 0.3203 0.9473
vn -0.0000 0.3208 0.9471
vn 0.0007 0.3215 0.9469
vn -0.0001 0.3208 0.9471
vn -0.0000 0.3206 0.9472
vn -0.0029 0.3166 0.9485
vn -0.0915 0.2620 0.9607
vn -0.0005 0.3211 0.9470
vn -0.0023 0.3316 0.9434
vn -0.0000 0.3205 0.9472
vn -0.9704 0.0894 0.2243
vn -0.9702 0.0891 0.2255
vn -0.9471 0.0868 0.3091
vn -0.9470 0.0868 0.3092
vn -0.9022 0.0833 0.4232
vn -0.9004 0.0825 0.4271
vn 0.9494 -0.0873 0.3018
vn 0.8999 -0.0828 0.4282
vn -0.0002 0.4449 0.8956
vn 0.0106 0.4454 0.8953
vn -0.0007 0.4435 0.8963
vn -0.0000 0.4433 0.8964
vn -0.0000 0.4434 0.8963
vn -0.0000 0.4432 0.8964
vn -0.0000 0.4435 0.8963
vn -0.0000 0.4436 0.8962
vn -0.9704 0.0894 0.2245
vn 0.7654 0.4829 -0.4255
vn 0.7654 0.4830 -0.4253
vn 0.8048 0.5078 -0.3075
vn 0.8051 0.5084 -0.3054
vn -0.3196 -0.2015 -0.9259
vn -0.3178 -0.2002 -0.9268
vn 0.3222 0.2035 -0.9245
vn 0.8219 0.3788 -0.4254
vn -0.8221 -0.3783 -0.4254
vn -0.6581 -0.4153 -0.6281
vn -0.7064 -0.3258 -0.6283
vn 0.3169 0.1996 -0.9272
vn 0.6561 0.4144 -0.6307
vn -0.7676 -0.6392 -0.0476
vn -0.7658 -0.6377 -0.0832
vn -0.7659 -0.6374 -0.0842
vn -0.7762 -0.0302 0.6298
vn -0.8446 -0.5333 -0.0477
vn -0.7680 -0.6385 -0.0503
vn -0.8449 -0.5325 -0.0505
vn -0.8429 -0.5316 -0.0830
vn -0.8430 -0.5313 -0.0841
vn -0.7628 -0.6348 -0.1236
vn -0.7628 -0.6345 -0.1243
vn -0.0005 0.1962 0.9806
vn -0.0001 0.1957 0.9807
vn -0.0001 0.1960 0.9806
vn -0.8392 -0.5296 -0.1236
vn 0.0002 0.1955 0.9807
vn -0.7581 -0.6306 -0.1665
vn -0.0000 0.1947 0.9809
vn 0.9051 0.0355 0.4237
vn 0.9046 0.0351 0.4248
vn 0.7558 0.0297 0.6542
vn 0.7735 0.0302 0.6330
vn -0.8338 -0.5264 -0.1665
vn 0.9607 0.1644 0.2237
vn -0.8338 -0.5262 -0.1671
vn 0.9376 0.1608 0.3083
vn -0.7485 -0.6225 -0.2284
vn -0.8237 -0.5200 -0.2263
vn -0.8234 -0.5193 -0.2287
vn -0.7311 -0.6088 -0.3078
vn -0.9377 -0.1610 0.3079
vn -0.6955 -0.5791 -0.4254
vn -0.9022 -0.0354 0.4299
vn -0.7311 -0.6088 -0.3079
vn -0.9031 -0.0352 0.4280
vn -0.8047 -0.5078 -0.3076
vn -0.7654 -0.4830 -0.4253
vn 0.0004 0.3242 0.9460
vn -0.7653 -0.4830 -0.4255
vn -0.0001 0.3202 0.9473
vn -0.8043 -0.5072 -0.3097
vn -0.6948 -0.5781 -0.4279
vn -0.0000 0.3243 0.9459
vn 0.0001 0.3207 0.9472
vn -0.5964 -0.4962 -0.6309
vn -0.0000 0.3209 0.9471
vn 0.9514 0.0377 0.3056
vn 0.9047 0.0357 0.4245
vn -0.6563 -0.4138 -0.6309
vn 0.9041 0.0358 0.4259
vn 0.9309 0.2890 0.2235
vn 0.9307 0.2891 0.2242
vn 0.9386 0.1595 0.3058
vn 0.9382 0.1606 0.3065
vn 0.9384 0.1606 0.3059
vn -0.9424 -0.1615 0.2928
vn -0.9383 -0.1610 0.3059
vn -0.9025 -0.0357 0.4292
vn -0.9026 -0.0351 0.4290
vn 0.8952 0.4126 0.1688
vn -0.9500 -0.0377 0.3098
vn -0.9550 -0.0369 0.2942
vn 0.8851 0.4079 0.2238
vn -0.9384 -0.1615 0.3055
vn -0.9514 -0.0380 0.3055
vn 0.8950 0.4126 0.1695
vn 0.8232 0.3794 0.4223
vn 0.0001 0.4440 0.8960
vn -0.0000 0.4429 0.8965
vn -0.0099 0.4457 0.8951
vn 0.0307 0.4359 0.8995
vn -0.4081 0.8849 -0.2246
vn 0.2837 -0.2621 0.9224
vn -0.4128 0.8949 -0.1695
vn -0.4130 0.8950 -0.1688
vn -0.7578 -0.5302 -0.3803
vn -0.7568 -0.5304 -0.3820
vn -0.2821 0.9082 -0.3093
vn -0.2891 0.9306 -0.2246
vn -0.7269 -0.5096 -0.4603
vn -0.7268 -0.5094 -0.4607
vn -0.7267 -0.5094 -0.4609
vn -0.7265 -0.5092 -0.4614
vn -0.7270 -0.5095 -0.4603
vn -0.7253 -0.5098 -0.4627
vn 0.2301 -0.7396 -0.6326
vn 0.2775 -0.2564 0.9259
vn 0.1131 -0.3636 -0.9246
vn 0.1116 -0.3597 -0.9264
vn -0.2290 0.7386 -0.6340
vn -0.2677 0.8634 -0.4276
vn -0.2763 0.2552 0.9266
vn -0.2692 0.8657 -0.4220
vn -0.2799 0.2592 0.9244
vn -0.2889 0.9305 -0.2252
vn -0.7274 -0.5092 -0.4601
vn -0.7300 -0.5182 -0.4456
vn -0.7313 -0.5085 -0.4546
vn -0.5679 0.5242 0.6346
vn -0.5703 0.5271 0.6300
vn -0.1577 0.3420 -0.9264
vn -0.7289 -0.5089 -0.4580
vn -0.7276 -0.5089 -0.4600
vn -0.7271 -0.5092 -0.4604
vn 0.7684 0.6397 -0.0158
vn -0.3800 0.8230 -0.4223
vn 0.5681 -0.5255 0.6334
vn 0.5677 -0.5248 0.6343
vn 0.5671 -0.5243 0.6353
vn -0.4079 0.8848 -0.2254
vn 0.2784 -0.2574 0.9253
vn 0.4081 -0.8851 -0.2238
vn -0.7282 -0.5096 -0.4582
vn -0.7282 -0.5093 -0.4586
vn -0.7270 -0.5086 -0.4613
vn 0.8456 0.5336 -0.0144
vn 0.7998 -0.5602 -0.2158
vn 0.8458 0.5333 -0.0157
vn 0.7816 -0.5475 -0.2989
vn 0.8822 -0.4637 -0.0818
vn 0.8785 -0.4616 -0.1234
vn 0.8784 -0.4617 -0.1237
vn -0.9371 0.3455 -0.0493
vn -0.9475 0.0871 0.3076
vn -0.9703 0.0892 0.2248
vn -0.0000 0.5561 0.8311
vn -0.0000 0.5562 0.8310
vn -0.0000 0.5562 0.8311
vn -0.0000 0.5560 0.8312
vn -0.0000 0.5511 0.8345
vn 0.0043 0.5559 0.8313
vn -0.9814 0.0904 0.1692
vn -0.9690 0.0854 0.2319
vn -0.9714 0.0896 0.2197
vn -0.0001 0.6582 0.7528
vn -0.0000 0.6598 0.7515
vn -0.0000 0.6580 0.7530
vn -0.0000 0.6581 0.7530
vn -0.0000 0.6476 0.7620
vn -0.9813 0.0902 0.1701
vn -0.0000 0.7530 0.6581
vn -0.0000 0.7532 0.6578
vn -0.0000 0.7529 0.6582
vn -0.9680 0.2192 0.1224
vn -0.9614 0.2177 0.1685
vn -0.9945 0.0913 0.0522
vn -0.9882 0.0906 0.1237
vn -0.9813 0.0901 0.1703
vn -0.9812 0.0900 0.1705
vn -0.9812 0.0896 0.1709
vn -0.0000 0.7528 0.6582
vn -0.9741 0.2206 0.0494
vn -0.9719 0.2201 0.0834
vn -0.9718 0.2189 0.0877
vn -0.9719 0.2198 0.0845
vn -0.9719 0.2198 0.0841
vn -0.9883 0.0909 0.1226
vn -0.9883 0.0910 0.1226
vn -0.0000 0.8311 0.5561
vn -0.0000 0.8309 0.5564
vn -0.0000 0.8314 0.5557
vn -0.0000 0.8311 0.5562
vn -0.9720 0.2200 0.0830
vn -0.9921 0.0910 0.0864
vn -0.9922 0.0916 0.0844
vn -0.9882 0.0913 0.1230
vn -0.0000 0.8963 0.4435
vn -0.0000 0.8968 0.4425
vn -0.0000 0.8962 0.4436
vn -0.0000 0.8964 0.4433
vn 0.0064 0.8683 0.4961
vn -0.9742 0.2180 0.0581
vn -0.0000 0.9472 0.3206
vn 0.0002 0.9467 0.3220
vn -0.0000 0.9471 0.3209
vn -0.0000 0.9471 0.3208
vn -0.9752 0.2210 0.0149
vn -0.9741 0.2206 0.0497
vn -0.9741 0.2205 0.0498
vn -0.0000 0.9806 0.1961
vn -0.0000 0.9807 0.1955
vn 0.0008 0.9825 0.1864
vn -0.0001 0.9806 0.1961
vn -0.0000 0.9979 0.0644
vn -0.0000 0.9979 0.0643
vn -0.0000 0.9980 0.0637
vn -0.9752 0.2208 -0.0148
vn -0.0000 0.9979 -0.0643
vn -0.9753 0.2205 -0.0136
vn -0.0000 0.9806 -0.1961
vn -0.0000 0.9807 -0.1955
vn 0.2825 -0.9090 -0.3065
vn 0.2685 -0.8636 -0.4266
vn 0.2683 -0.8633 -0.4276
vn 0.2297 -0.7389 -0.6335
vn -0.4184 0.9069 -0.0501
vn -0.4175 0.9050 -0.0818
vn 0.4175 -0.9048 -0.0834
vn 0.4169 -0.9049 -0.0855
vn 0.5297 -0.8392 -0.1232
vn 0.4153 -0.9013 -0.1234
vn 0.4152 -0.9013 -0.1238
vn -0.5321 0.8427 -0.0818
vn -0.3237 0.7021 -0.6342
vn -0.3254 0.7048 -0.6304
vn -0.3790 0.8218 -0.4254
vn -0.3983 0.8637 -0.3089
vn 0.8729 -0.4587 -0.1664
vn 0.7956 -0.5620 -0.2264
vn -0.6345 0.4483 -0.6296
vn -0.6356 0.4489 -0.6281
vn -0.7367 0.5212 -0.4308
vn -0.7765 0.5493 -0.3087
vn -0.7386 0.5219 -0.4266
vn -0.7785 0.5497 -0.3030
vn -0.7961 0.5621 -0.2242
vn 0.6309 -0.4458 -0.6351
vn 0.3086 -0.2179 -0.9259
vn 0.3076 -0.2173 -0.9264
vn -0.3095 0.2186 -0.9254
vn 0.7955 -0.5620 -0.2265
vn 0.7765 -0.5492 -0.3089
vn 0.7396 -0.5226 -0.4240
vn 0.6319 -0.4463 -0.6336
vn 0.3421 0.1577 0.9264
vn -0.8222 -0.3781 0.4254
vn -0.8215 -0.3780 0.4268
vn -0.7954 0.5621 -0.2265
vn -0.8048 0.5687 -0.1698
vn -0.8045 0.5688 -0.1711
vn 0.8218 0.3791 0.4254
vn -0.8718 0.4590 -0.1708
vn 0.7036 0.3246 0.6322
vn 0.8620 -0.4535 -0.2263
vn -0.8848 -0.4078 0.2254
vn -0.4590 -0.8722 -0.1688
vn 0.9077 0.2823 0.3106
vn 0.8660 0.2685 0.4219
vn 0.8632 0.2685 0.4276
vn -0.3596 -0.1119 0.9264
vn -0.7384 -0.2298 0.6340
vn -0.8632 -0.2686 0.4275
vn -0.8652 -0.3979 0.3051
vn -0.8846 -0.4078 0.2261
vn -0.8950 -0.4126 0.1695
vn -0.9412 -0.2924 0.1695
vn 0.7402 0.2295 0.6321
vn 0.7398 0.2294 0.6325
vn 0.3600 0.1117 0.9262
vn 0.3597 0.1116 0.9264
vn -0.3637 -0.1128 0.9247
vn -0.7388 -0.2298 0.6335
vn -0.8636 -0.2686 0.4266
vn -0.3755 -0.0643 0.9246
vn -0.7654 -0.1311 0.6300
vn -0.9087 -0.2826 0.3074
vn -0.9094 -0.2825 0.3053
vn -0.9306 -0.2891 0.2246
vn -0.9378 -0.1612 0.3076
vn -0.9304 -0.2891 0.2253
vn -0.9605 -0.1647 0.2244
vn -0.8904 -0.1530 0.4288
vn -0.8910 -0.1529 0.4274
vn -0.9396 -0.1609 0.3019
vn -0.9381 -0.1610 0.3067
vn -0.9383 -0.1611 0.3061
vn -0.9599 -0.1650 0.2267
vn -0.9363 -0.1613 0.3119
vn -0.9714 -0.1665 0.1692
vn -0.9383 -0.1610 0.3061
vn -0.9513 -0.0374 0.3060
vn -0.9725 -0.0383 0.2297
vn -0.9015 -0.4151 0.1225
vn -0.9050 -0.4173 0.0834
vn -0.9680 0.2189 -0.1224
vn 0.3367 0.9146 -0.2241
vn 0.3411 0.9248 -0.1684
vn -0.9740 0.2208 -0.0500
vn -0.9741 0.2207 -0.0497
vn 0.3407 0.9254 -0.1660
vn -0.9741 0.2206 -0.0491
vn -0.9883 0.0906 -0.1227
vn -0.7555 0.1705 -0.6326
vn -0.9471 0.0868 -0.3091
vn -0.9497 0.2152 -0.2274
vn -0.9505 0.2148 -0.2245
vn -0.4434 -0.8425 -0.3058
vn -0.3131 -0.8493 -0.4250
vn -0.4434 -0.8415 -0.3086
vn -0.4218 -0.8013 -0.4243
vn -0.4216 -0.8007 -0.4256
vn -0.3601 -0.6835 -0.6350
vn -0.1761 -0.3344 -0.9259
vn -0.0000 0.9807 -0.1953
vn -0.9718 0.2200 -0.0845
vn -0.9718 0.2201 -0.0845
vn 0.1761 0.3343 -0.9258
vn 0.1765 0.3352 -0.9255
vn -0.9745 0.2207 -0.0399
vn 0.2684 0.7281 -0.6307
vn 0.1303 0.3535 -0.9263
vn -0.9738 0.2204 -0.0555
vn 0.1306 0.3546 -0.9258
vn -0.9883 0.0919 -0.1220
vn -0.9817 0.0901 -0.1678
vn -0.3408 -0.9255 -0.1653
vn -0.3366 -0.9141 -0.2261
vn 0.3298 0.8929 -0.3064
vn 0.3297 0.8939 -0.3036
vn -0.2156 -0.9496 -0.2274
vn -0.3367 -0.9137 -0.2276
vn -0.3292 -0.8932 -0.3062
vn -0.3292 -0.8932 -0.3064
vn 0.2681 0.7270 -0.6322
vn 0.3128 0.8480 -0.4279
vn 0.1996 0.8816 -0.4278
vn 0.3128 0.8479 -0.4281
vn -0.3130 -0.8478 -0.4281
vn -0.2680 -0.7270 -0.6322
vn -0.1307 -0.3546 -0.9258
vn -0.2674 -0.7244 -0.6354
vn -0.1310 -0.3557 -0.9254
vn 0.1710 0.7552 -0.6327
vn 0.1710 0.7554 -0.6326
vn -0.2101 -0.9283 -0.3067
vn -0.1998 -0.8815 -0.4278
vn 0.0833 0.3673 -0.9263
vn 0.0836 0.3692 -0.9256
vn -0.4539 -0.8626 -0.2235
vn -0.4591 -0.8721 -0.1693
vn -0.4541 -0.8617 -0.2263
vn 0.2155 0.9505 0.2238
vn 0.2145 0.9497 0.2280
vn 0.2104 0.9294 0.3034
vn 0.1996 0.8816 0.4278
vn 0.1996 0.8817 0.4276
vn 0.1711 0.7554 0.6326
vn 0.0832 0.3674 0.9263
vn -0.1710 -0.7552 0.6328
vn 0.8428 -0.4429 -0.3058
vn 0.8418 -0.4429 -0.3086
vn 0.6869 -0.3613 -0.6306
vn 0.6844 -0.3604 -0.6339
vn -0.3763 0.0347 -0.9258
vn -0.8723 0.4588 -0.1688
vn 0.8722 -0.4590 -0.1688
vn 0.8619 -0.4535 -0.2268
vn -0.9247 0.3412 -0.1690
vn -0.0000 0.9471 -0.3210
vn -0.0000 0.9471 -0.3208
vn 0.0007 0.9487 -0.3163
vn -0.0001 0.9468 -0.3219
vn -0.9720 0.2199 -0.0829
vn -0.9921 0.0929 -0.0844
vn -0.9880 0.0907 -0.1250
vn -0.9884 0.0901 -0.1226
vn -0.9922 0.0919 -0.0844
vn -0.9812 0.0902 -0.1705
vn -0.9704 0.0892 -0.2245
vn 0.0002 0.9014 -0.4329
vn -0.0000 0.8968 -0.4425
vn -0.0000 0.8960 -0.4440
vn -0.0000 0.8963 -0.4435
vn -0.0000 0.8962 -0.4436
vn 0.0004 0.8945 -0.4471
vn -0.0001 0.8962 -0.4437
vn -0.9813 0.0904 -0.1702
vn -0.9815 0.0900 -0.1691
vn -0.9812 0.0902 -0.1706
vn -0.9028 0.0827 -0.4221
vn -0.9704 0.0892 -0.2246
vn 0.3763 -0.0347 -0.9259
vn -0.8392 -0.5299 0.1222
vn -0.8427 -0.5317 0.0841
vn -0.8425 -0.5319 0.0853
vn -0.8336 -0.5260 0.1688
vn 0.7625 0.6350 0.1236
vn 0.7622 0.6348 0.1268
vn 0.8342 0.5257 0.1665
vn 0.8391 0.5297 0.1236
vn 0.8425 0.5318 0.0856
vn 0.8398 0.5293 0.1206
vn 0.8446 0.5331 0.0499
vn 0.8449 0.5327 0.0483
vn 0.8456 0.5336 0.0157
vn 0.8458 0.5333 0.0144
vn 0.9079 0.4189 0.0155
vn 0.9081 0.4185 0.0143
vn 0.9079 0.4189 -0.0143
vn 0.9081 0.4185 -0.0155
vn -0.8459 -0.5331 0.0144
vn -0.8454 -0.5339 0.0178
vn -0.8448 -0.5330 0.0483
vn -0.8445 -0.5333 0.0499
vn -0.6877 0.3617 -0.6295
vn -0.7984 0.4207 -0.4308
vn 0.8930 -0.3298 -0.3062
vn 0.8929 -0.3298 -0.3064
vn 0.8016 -0.4212 -0.4242
vn 0.8471 -0.3129 -0.4296
vn 0.7989 -0.4207 -0.4299
vn 0.3345 -0.1758 -0.9259
vn -0.3353 0.1763 -0.9255
vn -0.3545 0.1309 -0.9258
vn 0.3336 -0.1755 -0.9262
vn -0.3344 0.1759 -0.9259
vn -0.3534 0.1305 -0.9263
vn -0.6834 0.3602 -0.6350
vn -0.8019 0.4215 -0.4234
vn -0.8418 0.4434 -0.3078
vn -0.8927 0.3293 -0.3076
vn -0.8436 0.4434 -0.3028
vn -0.8617 0.4538 -0.2268
vn -0.8619 0.4538 -0.2263
vn 0.0005 0.4435 0.8963
vn -0.0059 0.4447 0.8957
vn -0.0229 0.4460 0.8947
vn 0.0048 0.4428 0.8966
vn 0.9606 0.1644 0.2242
vn 0.9403 0.1610 0.2998
vn 0.0001 0.5547 0.8321
vn 0.9713 0.1668 0.1698
vn 0.9599 0.1649 0.2268
vn -0.0000 0.6585 0.7526
vn 0.9716 0.1665 0.1683
vn 0.9714 0.1667 0.1693
vn 0.9713 0.1668 0.1697
vn -0.0000 0.7530 0.6580
vn -0.0000 0.7531 0.6579
vn 0.9783 0.1678 0.1219
vn 0.9783 0.1679 0.1212
vn 0.9783 0.1678 0.1213
vn 0.9783 0.1680 0.1216
vn 0.9819 0.1693 0.0853
vn 0.9819 0.1690 0.0857
vn 0.9777 0.1685 0.1251
vn 0.9713 0.1666 0.1699
vn 0.9716 0.1666 0.1680
vn -0.0000 0.8321 0.5547
vn -0.0000 0.8310 0.5562
vn -0.0002 0.8292 0.5589
vn -0.0000 0.8317 0.5553
vn 0.4125 -0.8951 -0.1695
vn 0.3781 -0.8215 -0.4268
vn -0.0000 0.8311 -0.5561
vn -0.0000 0.8309 -0.5564
vn -0.9702 0.0893 -0.2252
vn 0.1583 -0.3433 -0.9258
vn -0.9768 0.0899 -0.1943
vn 0.1576 -0.3421 -0.9264
vn -0.1575 0.3416 -0.9266
vn -0.3766 0.0347 -0.9257
vn -0.3981 0.8635 -0.3095
vn -0.0000 0.7530 -0.6580
vn -0.0000 0.7530 -0.6581
vn -0.0000 0.7499 -0.6616
vn -0.0000 0.7524 -0.6587
vn -0.9715 0.0895 -0.2196
vn -0.9691 0.0888 -0.2301
vn -0.7712 0.0712 -0.6326
vn -0.9580 0.0826 -0.2747
vn -0.9475 0.0869 -0.3077
vn -0.2009 0.3186 -0.9264
vn 0.4127 -0.8951 -0.1688
vn -0.0000 0.6581 -0.7530
vn 0.0001 0.6579 -0.7531
vn 0.4074 -0.8848 -0.2261
vn -0.0000 0.6476 -0.7620
vn -0.0000 0.6585 -0.7526
vn -0.9004 0.0832 -0.4271
vn -0.9025 0.0827 -0.4227
vn -0.9470 0.0870 -0.3092
vn -0.9703 0.0891 -0.2250
vn -0.9755 0.0897 -0.2011
vn 0.9464 -0.0873 -0.3111
vn 0.9475 -0.0872 -0.3076
vn 0.9004 -0.0829 -0.4270
vn 0.3981 -0.8645 -0.3068
vn -0.9479 -0.2941 0.1227
vn -0.9048 -0.4175 0.0843
vn 0.9012 0.4155 0.1234
vn -0.9411 -0.2924 0.1699
vn -0.9476 -0.2944 0.1240
vn -0.9517 -0.2955 0.0833
vn 0.0707 0.7713 0.6326
vn 0.0706 0.7709 0.6330
vn 0.0838 0.3692 0.9256
vn -0.0834 -0.3684 0.9259
vn 0.0345 0.3767 0.9257
vn -0.0840 -0.3703 0.9251
vn -0.0706 -0.7713 0.6326
vn -0.8720 0.4590 0.1704
vn -0.8781 0.4622 0.1237
vn -0.8819 0.4636 0.0856
vn -0.8840 0.4647 0.0512
vn -0.8817 0.4646 0.0821
vn -0.8836 0.4657 0.0476
vn -0.8138 0.5753 0.0823
vn 0.9349 -0.3448 0.0844
vn -0.9518 -0.2953 0.0826
vn -0.9069 -0.4184 0.0501
vn -0.9073 -0.4178 0.0476
vn -0.9081 -0.4185 0.0165
vn -0.9082 -0.4182 0.0155
vn -0.9081 -0.4185 -0.0155
vn -0.9537 -0.2966 0.0501
vn -0.9082 -0.4182 -0.0165
vn -0.9548 -0.2969 0.0172
vn -0.9539 -0.2962 0.0486
vn -0.9549 -0.2964 0.0156
vn -0.9548 -0.2969 -0.0156
vn -0.7578 -0.6302 0.1690
vn 0.7571 0.6305 0.1714
vn 0.7571 -0.5307 -0.3810
vn 0.7626 0.6352 0.1226
vn 0.7629 0.6349 0.1223
vn 0.7659 0.6374 0.0848
vn 0.7659 0.6373 0.0853
vn 0.8727 -0.4591 0.1659
vn 0.7666 0.6369 0.0826
vn 0.7665 0.6369 0.0826
vn 0.0893 0.9695 0.2281
vn 0.0826 0.9004 0.4271
vn 0.7815 -0.5474 -0.2995
vn 0.7814 -0.5473 -0.2998
vn 0.7816 -0.5474 -0.2991
vn 0.7574 -0.5320 -0.3786
vn 0.7571 -0.5309 -0.3807
vn 0.7571 -0.5302 -0.3817
vn 0.7570 -0.5302 -0.3818
vn 0.7572 -0.5304 -0.3813
vn 0.7571 -0.5300 -0.3819
vn 0.7574 -0.5308 -0.3804
vn 0.7571 -0.5306 -0.3812
vn 0.7572 -0.5311 -0.3803
vn 0.7676 0.6389 0.0510
vn 0.7685 0.6396 0.0157
vn 0.7815 -0.5475 -0.2992
vn 0.7685 0.6396 0.0158
vn 0.7814 -0.5474 -0.2995
vn 0.7814 -0.5474 -0.2996
vn 0.7816 -0.5476 -0.2987
vn -0.8459 -0.5331 -0.0178
vn -0.8454 -0.5339 -0.0144
vn -0.8395 -0.5297 0.1210
vn -0.8335 -0.5260 0.1693
vn -0.7689 -0.6391 -0.0177
vn 0.0825 0.9002 0.4275
vn 0.0344 0.3763 0.9258
vn -0.0344 -0.3763 0.9259
vn -0.0344 -0.3763 0.9258
vn 0.0891 0.9693 0.2291
vn 0.0872 0.9489 0.3034
vn 0.0870 0.9485 0.3046
vn -0.0705 -0.7709 0.6330
vn -0.0872 -0.9485 0.3046
vn 0.9370 -0.3456 0.0509
vn 0.9311 -0.3435 0.1232
vn 0.9311 -0.3436 0.1226
vn 0.9251 -0.3414 0.1660
vn 0.3763 -0.0347 -0.9258
vn 0.8840 -0.4648 0.0488
vn 0.8819 -0.4637 0.0845
vn -0.0011 0.5390 -0.8423
vn -0.0000 0.5574 -0.8302
vn -0.0000 0.5547 -0.8320
vn 0.8841 -0.4648 0.0489
vn 0.8819 -0.4638 0.0843
vn -0.0000 0.5561 -0.8311
vn -0.0000 0.5559 -0.8312
vn -0.7709 0.0712 -0.6330
vn 0.7735 0.0306 -0.6330
vn 0.7463 -0.0203 -0.6653
vn 0.9007 -0.0846 -0.4262
vn 0.9003 -0.0830 -0.4273
vn 0.7712 -0.0711 -0.6326
vn 0.7709 -0.0711 -0.6330
vn -0.7795 -0.0307 -0.6256
vn -0.0000 0.4472 -0.8944
vn -0.0000 0.4432 -0.8964
vn -0.0000 0.4435 -0.8963
vn -0.0005 0.4435 -0.8963
vn -0.0000 0.4434 -0.8963
vn 0.0016 0.4439 -0.8961
vn -0.0000 0.4436 -0.8962
vn -0.0000 0.4433 -0.8963
vn 0.9057 0.0359 -0.4223
vn -0.7244 0.2676 -0.6354
vn -0.9140 0.3369 -0.2261
vn -0.9248 0.3412 0.1684
vn -0.9139 0.3372 0.2261
vn -0.9137 0.3368 0.2276
vn -0.8931 0.3294 0.3064
vn -0.8500 0.3135 0.4233
vn -0.8928 0.3291 0.3076
vn -0.8499 0.3135 0.4235
vn -0.7268 0.2685 0.6322
vn -0.7554 0.1705 0.6327
vn -0.7245 0.2672 0.6354
vn 0.8930 -0.3299 0.3062
vn -0.3534 0.1305 0.9263
vn -0.3693 0.0835 0.9256
vn 0.3666 -0.0829 0.9267
vn 0.7552 -0.1710 0.6328
vn 0.3522 -0.1298 0.9269
vn 0.3545 -0.1309 0.9258
vn 0.7271 -0.2678 0.6322
vn 0.8474 -0.3121 0.4295
vn 0.7281 -0.2684 0.6307
vn 0.8498 -0.3139 0.4235
vn 0.8930 -0.3298 0.3064
vn 0.9138 -0.3375 0.2261
vn 0.9498 -0.2150 0.2274
vn 0.9135 -0.3371 0.2276
vn -0.7555 0.1705 0.6326
vn -0.3675 0.0829 0.9263
vn 0.3978 -0.8643 -0.3077
vn 0.8783 -0.4620 0.1234
vn 0.9517 0.0368 0.3048
vn 0.9513 0.0368 0.3059
vn 0.8727 -0.4590 0.1664
vn 0.3786 -0.8220 -0.4254
vn 0.8783 -0.4619 0.1237
vn 0.3241 -0.7038 -0.6322
vn 0.3249 -0.7050 -0.6304
vn -0.0000 0.8962 0.4437
vn -0.8845 0.4662 -0.0165
vn -0.8848 0.4656 0.0165
vn -0.8849 0.4656 -0.0143
vn -0.8846 0.4662 0.0143
vn 0.5267 -0.8336 -0.1665
vn 0.5203 -0.8235 -0.2263
vn 0.5260 -0.8335 -0.1688
vn -0.9549 -0.2964 -0.0172
vn 0.5190 -0.8231 -0.2307
vn -0.9713 -0.1667 0.1698
vn -0.9782 -0.1678 0.1222
vn 0.9369 -0.3462 0.0487
vn 0.9379 -0.3465 -0.0164
vn 0.9380 -0.3463 -0.0156
vn 0.9380 -0.3463 0.0164
vn -0.9779 -0.1683 0.1242
vn -0.8165 0.5772 0.0143
vn 0.8850 -0.4653 0.0165
vn -0.8161 0.5757 0.0511
vn -0.8157 0.5766 0.0478
vn -0.8164 0.5772 -0.0178
vn -0.8162 0.5758 -0.0482
vn 0.9844 0.1691 0.0483
vn 0.9844 0.1690 0.0484
vn 0.9821 0.1687 0.0835
vn 0.9822 0.1687 0.0825
vn -0.0001 0.9470 0.3213
vn -0.0000 0.9471 0.3210
vn -0.7686 -0.6396 -0.0156
vn 0.9853 0.1698 0.0180
vn 0.9842 0.1696 0.0502
vn -0.7689 -0.6391 0.0157
vn -0.7689 -0.6392 0.0161
vn -0.0002 0.9810 0.1940
vn -0.0000 0.9807 0.1957
vn 0.9853 0.1698 0.0178
vn 0.9855 0.1692 0.0143
vn 0.9854 0.1696 0.0172
vn -0.0000 0.9979 0.0645
vn -0.7685 -0.6396 0.0179
vn 0.9855 0.1689 -0.0174
vn 0.9854 0.1698 -0.0145
vn -0.7687 -0.6394 0.0173
vn -0.7686 -0.6395 0.0177
vn 0.9855 0.1691 -0.0170
vn 0.0001 0.9804 -0.1969
vn -0.0000 0.9808 -0.1949
vn -0.7681 -0.6385 0.0482
vn -0.7681 -0.6385 0.0483
vn 0.9605 0.1649 -0.2240
vn -0.7679 -0.6387 0.0496
vn 0.9714 0.1671 -0.1689
vn 0.9778 0.1677 -0.1256
vn -0.7662 -0.6370 0.0843
vn -0.7663 -0.6370 0.0841
vn 0.9782 0.1686 -0.1213
vn 0.9782 0.1687 -0.1213
vn -0.7660 -0.6371 0.0852
vn 0.9820 0.1686 -0.0853
vn -0.7634 -0.6345 0.1209
vn 0.9820 0.1693 -0.0837
vn 0.9843 0.1696 -0.0485
vn 0.9844 0.1694 -0.0484
vn 0.9843 0.1696 -0.0481
vn -0.7331 0.6784 0.0479
vn -0.8170 0.5763 0.0178
vn -0.7340 0.6789 0.0170
vn -0.7338 0.6791 0.0175
vn -0.8171 0.5764 -0.0143
vn -0.0000 0.9807 -0.1956
vn -0.0002 0.9810 -0.1941
vn -0.7320 0.6796 -0.0485
vn -0.8045 0.5687 0.1711
vn 0.9606 0.1650 -0.2237
vn -0.8045 0.5691 0.1698
vn -0.7660 -0.6372 0.0853
vn 0.8166 -0.5769 -0.0163
vn 0.8167 -0.5768 -0.0157
vn 0.8167 -0.5769 0.0157
vn 0.8167 -0.5768 0.0163
vn 0.8157 -0.5763 0.0490
vn 0.8158 -0.5761 0.0499
vn 0.8137 -0.5750 0.0846
vn 0.8138 -0.5750 0.0848
vn 0.8105 -0.5728 0.1224
vn 0.8106 -0.5725 0.1235
vn 0.8052 -0.5687 0.1679
vn -0.8106 0.5730 0.1207
vn -0.7238 0.6687 0.1702
vn -0.8107 0.5722 0.1235
vn -0.7289 0.6736 0.1219
vn -0.8140 0.5746 0.0848
vn -0.7289 0.6738 0.1210
vn -0.7288 0.6741 0.1203
vn -0.7288 0.6740 0.1206
vn -0.7316 0.6765 0.0845
vn -0.7317 0.6763 0.0847
vn -0.7316 0.6764 0.0846
vn -0.7334 0.6779 0.0498
vn -0.7316 0.6766 0.0842
vn -0.7815 -0.5474 -0.2995
vn -0.7573 -0.5306 -0.3807
vn -0.7568 -0.5306 -0.3818
vn -0.7569 -0.5306 -0.3816
vn -0.7572 -0.5304 -0.3811
vn -0.9918 -0.0389 0.1219
vn -0.9821 -0.1690 0.0835
vn -0.9822 -0.1688 0.0826
vn -0.7814 -0.5474 -0.2996
vn -0.9845 -0.1688 0.0483
vn -0.9853 -0.1699 0.0174
vn -0.9843 -0.1692 0.0496
vn -0.9855 -0.1690 0.0146
vn 0.7219 -0.6688 0.1779
vn -0.7819 -0.5478 -0.2976
vn -0.7815 -0.5474 -0.2993
vn -0.7572 -0.5304 -0.3812
vn -0.9855 -0.1690 -0.0174
vn -0.9854 -0.1699 -0.0146
vn 0.7314 -0.6768 0.0838
vn 0.7314 -0.6767 0.0845
vn 0.7314 -0.6768 0.0839
vn 0.7315 -0.6766 0.0847
vn 0.7314 -0.6766 0.0850
vn 0.7286 -0.6740 0.1219
vn -0.9991 -0.0386 0.0148
vn 0.7286 -0.6738 0.1227
vn 0.7239 -0.6695 0.1668
vn -0.7810 -0.5476 -0.3003
vn -0.7574 -0.5305 -0.3807
vn -0.7574 -0.5305 -0.3808
vn -0.7573 -0.5305 -0.3808
vn -0.7571 -0.5305 -0.3812
vn -0.7574 -0.5304 -0.3808
vn -0.9072 -0.4177 -0.0501
vn -0.9538 -0.2966 -0.0486
vn -0.7338 0.6791 0.0176
vn -0.9049 -0.4172 -0.0843
vn -0.7340 0.6789 -0.0171
vn -0.9538 -0.2961 -0.0501
vn -0.9048 -0.4175 -0.0834
vn -0.9013 -0.4156 -0.1225
vn -0.9013 -0.4150 -0.1246
vn -0.7339 0.6791 0.0177
vn -0.7339 0.6791 0.0176
vn -0.9518 -0.2953 -0.0833
vn -0.7339 0.6790 -0.0176
vn -0.7345 0.6784 -0.0175
vn -0.9844 -0.1692 -0.0483
vn -0.9518 -0.2955 -0.0826
vn -0.7341 0.6779 -0.0392
vn -0.9821 -0.1690 -0.0826
vn -0.7996 -0.5601 -0.2165
vn -0.7996 -0.5602 -0.2163
vn -0.8014 -0.5592 -0.2123
vn -0.7998 -0.5601 -0.2160
vn -0.9477 -0.2941 -0.1240
vn -0.9478 -0.2944 -0.1227
vn 0.9307 0.2890 -0.2242
vn -0.7997 -0.5602 -0.2160
vn -0.1711 -0.7554 0.6326
vn -0.0904 -0.9815 0.1687
vn -0.1997 -0.8816 0.4278
vn -0.0822 -0.9003 0.4275
vn -0.0824 -0.9007 0.4267
vn -0.2000 -0.8821 0.4265
vn -0.0865 -0.9474 0.3081
vn -0.0890 -0.9702 0.2254
vn -0.0892 -0.9704 0.2245
vn -0.2157 -0.9503 0.2244
vn -0.0900 -0.9813 0.1702
vn -0.2171 -0.9613 0.1698
vn -0.2183 -0.9618 0.1653
vn -0.0392 0.9848 0.1694
vn -0.0374 0.9518 0.3044
vn -0.0388 0.9726 0.2294
vn -0.0377 0.9513 0.3059
vn -0.0303 0.7736 0.6330
vn -0.0358 0.9033 0.4274
vn 0.0304 -0.7735 0.6330
vn 0.0301 -0.7760 0.6300
vn 0.0351 -0.9034 0.4274
vn -0.0354 0.9048 0.4243
vn -0.0304 0.7720 0.6349
vn -0.1530 0.8926 0.4240
vn -0.0148 0.3799 0.9249
vn -0.0149 0.3776 0.9259
vn 0.0148 -0.3760 0.9265
vn 0.9714 0.1668 -0.1690
vn 0.7740 0.0307 -0.6324
vn 0.9819 0.1692 -0.0850
vn 0.9819 0.1688 -0.0856
vn 0.9843 0.1691 -0.0506
vn 0.0147 -0.3776 0.9259
vn 0.9034 0.0351 -0.4274
vn 0.9022 0.0726 -0.4251
vn 0.9843 0.1691 -0.0500
vn 0.7736 0.0305 -0.6329
vn 0.8910 0.1528 -0.4274
vn 0.9000 -0.0830 -0.4280
vn -0.0383 0.9732 0.2267
vn -0.1647 0.9599 0.2267
vn -0.1667 0.9714 0.1693
vn -0.1644 0.9605 0.2244
vn -0.1606 0.9384 0.3060
vn -0.1608 0.9378 0.3076
vn -0.1532 0.8910 0.4274
vn -0.1310 0.7626 0.6335
vn -0.1309 0.7614 0.6349
vn -0.0643 0.3744 0.9251
vn -0.0640 0.3715 0.9262
vn 0.0639 -0.3711 0.9264
vn 0.0644 -0.3755 0.9246
vn -0.0004 0.9481 -0.3180
vn 0.1312 -0.7654 0.6300
vn 0.1311 -0.7625 0.6335
vn 0.0001 0.9469 -0.3216
vn -0.0000 0.9473 -0.3204
vn 0.1530 -0.8899 0.4296
vn 0.1529 -0.8910 0.4274
vn 0.9713 0.1666 -0.1698
vn 0.1610 -0.9383 0.3060
vn 0.0353 -0.9025 0.4293
vn 0.7632 0.1312 -0.6327
vn 0.1650 -0.9599 0.2267
vn 0.1646 -0.9607 0.2237
vn 0.0375 -0.9513 0.3059
vn 0.0372 -0.9518 0.3044
vn 0.0385 -0.9732 0.2267
vn 0.0383 -0.9734 0.2257
vn 0.2198 0.9719 0.0843
vn 0.2192 0.9680 0.1224
vn 0.3776 0.0149 -0.9259
vn -0.7728 -0.0310 -0.6339
vn -0.7736 -0.0301 -0.6330
vn -0.7768 -0.0306 -0.6290
vn -0.9059 -0.0357 -0.4220
vn -0.0002 0.3223 -0.9466
vn -0.0000 0.3208 -0.9471
vn -0.0000 0.3209 -0.9471
vn -0.0655 0.2574 -0.9641
vn -0.0012 0.3197 -0.9475
vn 0.0003 0.3208 -0.9471
vn -0.0003 0.3213 -0.9470
vn -0.0182 0.3432 -0.9391
vn -0.0000 0.3206 -0.9472
vn -0.0000 0.3211 -0.9471
vn -0.0000 0.3204 -0.9473
vn -0.0000 0.3207 -0.9472
vn -0.7738 -0.0305 -0.6327
vn -0.0000 0.1956 -0.9807
vn -0.0000 0.1955 -0.9807
vn -0.9548 -0.2968 0.0156
vn -0.0000 -0.9979 0.0643
vn -0.9538 -0.2964 0.0501
vn -0.9502 -0.2955 0.0987
vn -0.9527 -0.2984 0.0584
vn -0.9537 -0.2965 0.0504
vn -0.9538 -0.2964 0.0497
vn -0.0000 -0.9807 0.1955
vn 0.0001 -0.9808 0.1950
vn -0.0000 -0.9806 0.1961
vn -0.9517 -0.2958 0.0825
vn -0.9474 -0.2946 0.1252
vn 0.0005 -0.9486 0.3165
vn -0.0000 -0.9473 0.3205
vn -0.0000 -0.9465 0.3227
vn -0.0000 -0.9471 0.3210
vn -0.0000 -0.9471 0.3208
vn -0.9516 -0.2958 0.0832
vn -0.9516 -0.2959 0.0833
vn -0.9478 -0.2942 0.1227
vn -0.9370 -0.2908 0.1937
vn -0.9418 -0.2923 0.1658
vn -0.9419 -0.2923 0.1652
vn 0.0001 -0.8965 0.4431
vn -0.0000 -0.8961 0.4438
vn -0.0000 -0.8963 0.4435
vn -0.0000 -0.8962 0.4437
vn -0.9480 -0.2943 0.1209
vn -0.9418 -0.2923 0.1663
vn -0.9474 -0.2946 0.1250
vn -0.0000 -0.8312 0.5560
vn -0.5191 0.8236 -0.2287
vn -0.5255 0.8338 -0.1688
vn 0.5076 -0.8049 -0.3075
vn 0.4830 -0.7654 -0.4253
vn 0.5082 -0.8053 -0.3054
vn 0.6218 -0.7484 -0.2307
vn 0.6094 -0.7318 -0.3051
vn 0.4141 -0.6562 -0.6308
vn 0.4126 -0.6545 -0.6336
vn 0.4830 -0.7653 -0.4255
vn 0.2015 -0.3196 -0.9259
vn -0.5074 0.8041 -0.3097
vn -0.5203 0.8240 -0.2243
vn 0.2014 -0.3195 -0.9259
vn -0.5196 0.8244 0.2243
vn -0.5198 0.8231 0.2287
vn -0.5077 0.8047 0.3076
vn -0.4830 0.7654 0.4253
vn -0.5077 0.8040 0.3097
vn -0.4141 0.6563 0.6308
vn 0.2015 -0.3196 0.9259
vn -0.7633 -0.6346 0.1213
vn -0.7631 -0.6346 0.1221
vn -0.7584 -0.6301 0.1667
vn 0.7997 -0.5602 -0.2158
vn 0.7997 -0.5602 -0.2161
vn 0.7998 -0.5602 -0.2156
vn 0.7814 -0.5473 -0.2999
vn 0.7814 -0.5472 -0.3000
vn 0.7815 -0.5475 -0.2993
vn 0.7817 -0.5476 -0.2985
vn 0.7572 -0.5304 -0.3812
vn 0.7677 0.6390 -0.0483
vn 0.7676 0.6391 -0.0483
vn 0.7682 0.6381 -0.0508
vn 0.7683 0.6380 -0.0522
vn 0.7663 0.6367 -0.0855
vn 0.7665 0.6367 -0.0848
vn 0.8123 -0.5687 -0.1293
vn 0.7998 -0.5600 -0.2163
vn 0.8008 -0.5641 -0.2012
vn 0.7660 0.6375 -0.0826
vn 0.7627 0.6348 -0.1237
vn 0.7662 0.6369 -0.0853
vn 0.8123 -0.5686 -0.1296
vn 0.8124 -0.5685 -0.1295
vn 0.8122 -0.5686 -0.1305
vn 0.8123 -0.5685 -0.1302
vn 0.7627 0.6351 -0.1220
vn 0.7578 0.6310 -0.1661
vn 0.7628 0.6347 -0.1236
vn 0.7578 0.6307 -0.1671
vn 0.8847 0.4077 -0.2261
vn 0.8950 0.4125 -0.1695
vn 0.9078 0.2820 -0.3106
vn 0.7338 -0.6791 -0.0179
vn 0.9308 0.2891 -0.2235
vn 0.7343 -0.6787 -0.0157
vn 0.7342 -0.6788 -0.0156
vn 0.8633 0.3978 -0.3107
vn 0.8639 0.3986 -0.3077
vn 0.8850 0.4083 -0.2238
vn 0.7337 -0.6792 0.0157
vn -0.8649 -0.3986 -0.3051
vn 0.7338 -0.6791 0.0155
vn -0.8216 -0.3779 -0.4268
vn 0.7330 -0.6784 0.0496
vn -0.8636 -0.2687 -0.4266
vn 0.7341 -0.6787 0.0193
vn 0.7341 -0.6789 0.0161
vn 0.7347 -0.6781 0.0209
vn 0.7037 0.3244 -0.6322
vn 0.7331 -0.6783 0.0498
vn -0.7024 -0.3232 -0.6342
vn -0.8000 -0.5600 -0.2156
vn -0.8020 -0.5587 -0.2115
vn -0.7996 -0.5601 -0.2167
vn -0.7813 -0.5475 -0.2997
vn -0.3420 -0.1578 -0.9264
vn -0.3433 -0.1584 -0.9258
vn -0.7813 -0.5473 -0.3000
vn -0.7815 -0.5474 -0.2994
vn -0.7814 -0.5473 -0.2997
vn -0.7819 -0.5476 -0.2978
vn -0.7816 -0.5474 -0.2990
vn 0.8783 -0.4619 -0.1234
vn 0.8159 -0.5762 -0.0490
vn -0.8835 0.4656 -0.0512
vn -0.8841 0.4648 -0.0476
vn 0.0910 0.9883 0.1226
vn 0.2180 0.9615 0.1673
vn 0.2177 0.9614 0.1685
vn 0.0917 0.9922 0.0842
vn 0.0913 0.9921 0.0857
vn 0.0913 0.9884 0.1212
vn 0.0907 0.9817 0.1672
vn 0.0904 0.9815 0.1687
vn -0.0385 0.9919 0.1212
vn 0.0912 0.9957 0.0174
vn 0.2208 0.9752 0.0155
vn 0.2203 0.9753 0.0174
vn 0.0912 0.9957 -0.0174
vn 0.0912 0.9957 -0.0172
vn 0.0912 0.9957 0.0172
vn 0.0920 0.9947 0.0469
vn 0.0911 0.9946 0.0499
vn -0.0386 0.9982 0.0467
vn -0.0914 -0.9924 0.0829
vn 0.9502 0.0373 0.3094
vn 0.4830 -0.7654 0.4253
vn 0.9472 -0.0864 0.3087
vn 0.9469 -0.0867 0.3097
vn 0.4946 -0.5944 0.6341
vn 0.4830 -0.7653 0.4255
vn 0.9487 -0.0874 0.3037
vn 0.5788 -0.6957 0.4254
vn -0.4829 0.7653 0.4255
vn 0.9464 -0.0859 0.3115
vn -0.4140 0.6561 0.6310
vn -0.2021 0.3206 0.9254
vn -0.6226 0.7485 0.2284
vn 0.6088 -0.7311 0.3078
vn 0.6090 -0.7321 0.3051
vn -0.6305 0.7580 0.1669
vn -0.4960 0.5966 0.6309
vn -0.2422 0.2911 0.9255
vn -0.6391 0.7689 -0.0158
vn -0.6396 0.7686 -0.0139
vn -0.6392 0.7690 0.0139
vn -0.6384 0.7681 0.0503
vn -0.6396 0.7686 0.0158
vn -0.6369 0.7665 0.0832
vn -0.6370 0.7662 0.0842
vn -0.6344 0.7631 0.1236
vn -0.6345 0.7629 0.1243
vn -0.6305 0.7581 0.1665
vn -0.5328 0.8448 0.0499
vn -0.5329 0.8447 0.0505
vn -0.5320 0.8427 0.0830
vn -0.5295 0.8392 0.1236
vn -0.5260 0.8336 0.1688
vn -0.5257 0.8342 0.1665
vn -0.6343 0.7630 -0.1243
vn -0.6345 0.7630 -0.1236
vn -0.6368 0.7664 -0.0842
vn -0.6371 0.7663 -0.0832
vn -0.6383 0.7682 -0.0503
vn -0.6384 0.7681 -0.0496
vn -0.5295 0.8391 -0.1248
vn -0.5298 0.8391 -0.1236
vn -0.5318 0.8428 -0.0830
vn -0.5328 0.8447 -0.0505
vn -0.5329 0.8447 -0.0499
vn -0.8822 0.4637 -0.0821
vn -0.8783 0.4623 -0.1220
vn -0.8779 0.4626 -0.1237
vn 0.8782 -0.4619 -0.1237
vn 0.8819 -0.4638 -0.0845
vn 0.8820 -0.4637 -0.0843
vn 0.8840 -0.4648 -0.0489
vn 0.8841 -0.4648 -0.0488
vn 0.9310 -0.3436 -0.1232
vn 0.9348 -0.3449 -0.0844
vn 0.9368 -0.3461 -0.0509
vn 0.9371 -0.3456 -0.0487
vn 0.8728 -0.4591 -0.1659
vn -0.3570 0.1315 -0.9248
vn 0.7256 -0.2676 -0.6339
vn 0.7268 -0.2679 -0.6324
vn 0.8480 -0.3128 -0.4279
vn 0.9129 -0.3375 -0.2296
vn 0.9148 -0.3368 -0.2228
vn 0.9254 -0.3407 -0.1659
vn 0.3546 -0.1306 -0.9258
vn -0.8623 0.4540 -0.2246
vn -0.0001 -0.8321 0.5546
vn -0.0000 -0.8309 0.5564
vn -0.0907 -0.9881 0.1242
vn -0.0910 -0.9923 0.0842
vn -0.0910 -0.9882 0.1228
vn -0.0000 -0.8311 0.5561
vn -0.0000 -0.8306 0.5568
vn -0.0000 -0.7528 0.6582
vn -0.2187 -0.9680 0.1231
vn -0.0000 -0.7529 0.6582
vn -0.2196 -0.9718 0.0861
vn 0.0005 -0.7574 0.6530
vn -0.2201 -0.9718 0.0843
vn -0.9548 -0.2967 -0.0164
vn -0.2207 -0.9741 0.0491
vn -0.0000 -0.9807 -0.1956
vn -0.0000 -0.9807 -0.1955
vn -0.0000 -0.9807 -0.1957
vn 0.0001 -0.9810 -0.1941
vn -0.0000 -0.9806 -0.1961
vn -0.0916 -0.9945 0.0499
vn -0.0000 -0.9979 -0.0643
vn -0.0917 -0.9946 0.0494
vn 0.7722 0.0304 -0.6347
vn 0.3796 0.0151 -0.9250
vn -0.5486 -0.0218 -0.8358
vn -0.3777 -0.0150 -0.9258
vn 0.3782 0.0149 -0.9256
vn 0.3772 0.0148 -0.9260
vn -0.3765 -0.0149 -0.9263
vn -0.3654 -0.0137 -0.9308
vn -0.3776 -0.0151 -0.9259
vn -0.0000 0.1961 -0.9806
vn -0.2204 -0.9741 0.0499
vn -0.0911 -0.9957 0.0172
vn -0.0918 -0.9957 0.0149
vn 0.0001 0.0637 -0.9980
vn -0.0000 0.0643 -0.9979
vn -0.0000 0.0642 -0.9979
vn -0.0918 -0.9956 -0.0172
vn 0.0001 0.0643 -0.9979
vn -0.0000 0.0644 -0.9979
vn -0.0000 0.0830 -0.9965
vn -0.0912 -0.9957 -0.0149
vn 0.3798 0.0151 -0.9249
vn -0.5605 -0.0223 -0.8279
vn -0.2207 -0.9752 -0.0150
vn -0.2204 -0.9742 -0.0491
vn -0.0386 0.9991 -0.0172
vn -0.0393 0.9991 -0.0149
vn -0.3756 -0.0148 -0.9267
vn -0.3758 -0.0149 -0.9266
vn -0.3756 -0.0149 -0.9267
vn -0.3764 -0.0149 -0.9263
vn -0.0386 0.9991 0.0149
vn -0.7656 -0.1315 -0.6297
vn -0.0393 0.9991 0.0172
vn -0.0393 0.9980 0.0496
vn -0.0386 0.9958 0.0835
vn -0.3705 -0.0635 -0.9267
vn -0.0393 0.9914 0.1248
vn -0.0392 0.9955 0.0860
vn -0.0390 0.9849 0.1684
vn -0.3716 -0.0638 -0.9262
vn -0.1690 0.9854 -0.0178
vn -0.7389 -0.2297 -0.6335
vn -0.1698 0.9854 -0.0150
vn -0.3600 -0.1120 -0.9262
vn -0.1690 0.9855 0.0150
vn -0.1698 0.9853 0.0178
vn -0.0000 -0.0643 -0.9979
vn -0.1692 0.9844 0.0479
vn -0.1697 0.9843 0.0496
vn -0.1688 0.9821 0.0835
vn -0.1693 0.9819 0.0854
vn -0.1680 0.9782 0.1218
vn -0.1686 0.9778 0.1247
vn 0.3420 0.1578 -0.9263
vn -0.1668 0.9713 0.1697
vn 0.7049 0.3252 -0.6304
vn 0.1664 -0.9714 0.1692
vn 0.8231 0.3797 -0.4223
vn 0.3401 0.1568 -0.9272
vn 0.1689 -0.9822 0.0826
vn 0.7398 0.2294 -0.6325
vn 0.0392 -0.9848 0.1693
vn 0.8657 0.2692 -0.4220
vn 0.1677 -0.9783 0.1217
vn -0.9304 -0.2890 -0.2253
vn 0.0395 -0.9915 0.1242
vn 0.0390 -0.9849 0.1684
vn 0.1684 -0.9778 0.1248
vn -0.8953 -0.4128 -0.1674
vn -0.8952 -0.4122 -0.1695
vn -0.8848 -0.4079 -0.2254
vn -0.8847 -0.4077 -0.2261
vn -0.8639 -0.3973 -0.3095
vn 0.0389 -0.9918 0.1218
vn 0.1692 -0.9820 0.0835
vn 0.1693 -0.9843 0.0496
vn -0.9411 -0.2925 -0.1695
vn -0.9305 -0.2892 -0.2246
vn -0.9411 -0.2924 -0.1699
vn 0.0391 -0.9957 0.0835
vn 0.1688 -0.9845 0.0479
vn 0.7401 0.2296 -0.6321
vn 0.0393 -0.9980 0.0496
vn 0.0392 -0.9980 0.0493
vn 0.0390 -0.9958 0.0832
vn 0.1699 -0.9853 0.0178
vn -0.3597 -0.1116 -0.9264
vn 0.3597 0.1116 -0.9264
vn -0.9604 -0.1651 -0.2244
vn 0.1690 -0.9855 -0.0178
vn 0.0393 -0.9991 0.0172
vn -0.9093 -0.2828 -0.3053
vn -0.9088 -0.2823 -0.3074
vn -0.9378 -0.1610 -0.3076
vn 0.1699 -0.9853 -0.0150
vn -0.8632 -0.2685 -0.4276
vn -0.7388 -0.2299 -0.6335
vn 0.3750 0.0646 -0.9248
vn 0.1690 -0.9855 0.0150
vn 0.7615 0.1307 -0.6349
vn 0.0386 -0.9991 0.0149
vn 0.1688 -0.9844 -0.0496
vn 0.3716 0.0638 -0.9262
vn 0.0393 -0.9991 -0.0149
vn -0.0000 0.8962 -0.4437
vn 0.0386 -0.9991 -0.0172
vn 0.7997 -0.4213 -0.4276
vn 0.0393 -0.9980 -0.0493
vn -0.0001 0.8965 -0.4431
vn -0.0000 0.8961 -0.4438
vn 0.2200 0.9718 -0.0843
vn 0.9780 0.1678 -0.1243
vn 0.0917 0.9921 -0.0857
vn 0.9782 0.1686 -0.1214
vn 0.0914 0.9923 -0.0842
vn 0.2201 0.9742 -0.0499
vn 0.0913 0.9883 -0.1226
vn 0.0910 0.9884 -0.1212
vn 0.9377 0.1605 -0.3083
vn -0.3344 0.1761 -0.9259
vn 0.9381 0.1609 -0.3066
vn 0.0919 0.9945 -0.0499
vn 0.3335 -0.1756 -0.9262
vn 0.0911 0.9947 -0.0469
vn 0.3344 -0.1760 -0.9259
vn 0.8614 -0.4532 -0.2296
vn 0.9713 0.1666 -0.1701
vn -0.0393 0.9981 -0.0467
vn 0.2177 0.9616 -0.1673
vn 0.1996 0.8817 -0.4276
vn 0.2099 0.9295 -0.3034
vn 0.2152 0.9496 -0.2281
vn 0.7554 -0.1711 0.6326
vn -0.0345 -0.3763 -0.9258
vn -0.0000 -0.0000 -1.0000
vn 0.9732 0.0378 0.2267
vn -0.0362 -0.4595 -0.8875
vn 0.9850 0.0383 0.1684
vn 0.9735 0.0376 0.2257
vn -0.0344 -0.3763 -0.9259
vn 0.0345 0.3765 -0.9258
vn -0.0836 -0.3684 -0.9259
vn 0.8822 -0.1993 0.4265
vn 0.9696 -0.0884 0.2281
vn 0.9284 -0.2097 0.3067
vn 0.0297 0.3773 -0.9256
vn -0.8720 0.4589 -0.1704
vn 0.0893 0.9693 -0.2291
vn -0.8719 0.4589 -0.1708
vn 0.8837 -0.2001 0.4230
vn 0.0904 0.9818 -0.1672
vn -0.8626 0.4539 -0.2235
vn 0.0891 0.9695 -0.2281
vn 0.0907 0.9815 -0.1687
vn 0.9487 -0.0874 0.3038
vn 0.8727 -0.4591 -0.1664
vn 0.9702 -0.0890 0.2254
vn 0.9291 -0.2103 0.3043
vn 0.9497 -0.2148 0.2281
vn 0.9818 -0.0901 0.1669
vn 0.9614 -0.2175 0.1685
vn -0.9372 0.3454 0.0493
vn -0.9349 0.3451 0.0832
vn -0.0706 -0.7709 -0.6330
vn -0.9349 0.3445 0.0854
vn -0.9311 0.3437 0.1222
vn -0.9310 0.3433 0.1236
vn 0.0345 0.3766 -0.9257
vn -0.0374 0.9513 -0.3059
vn 0.8622 -0.4530 -0.2268
vn 0.0706 0.7709 -0.6330
vn 0.0706 0.7713 -0.6326
vn 0.0825 0.9002 -0.4275
vn 0.0870 0.9489 -0.3034
vn 0.0825 0.9004 -0.4271
vn 0.0872 0.9485 -0.3046
vn -0.0377 0.9518 -0.3044
vn 0.0353 -0.9034 -0.4274
vn 0.0345 0.3763 -0.9258
vn -0.0353 0.9034 -0.4274
vn 0.0392 -0.9980 -0.0496
vn 0.0390 -0.9957 -0.0835
vn -0.0916 -0.9946 -0.0494
vn 0.0391 -0.9958 -0.0832
vn -0.0911 -0.9924 -0.0829
vn -0.0917 -0.9945 -0.0499
vn 0.0395 -0.9918 -0.1218
vn 0.0389 -0.9915 -0.1242
vn 0.7954 -0.5621 -0.2265
vn -0.0000 0.8312 -0.5560
vn 0.6844 -0.3603 -0.6339
vn 0.6851 -0.3605 -0.6329
vn -0.0000 0.8310 -0.5562
vn 0.8014 -0.4217 -0.4242
vn 0.8416 -0.4434 -0.3086
vn 0.8439 -0.4434 -0.3021
vn -0.8422 0.4434 -0.3066
vn -0.8002 0.4215 -0.4265
vn -0.8018 0.4218 -0.4233
vn -0.6845 0.3601 -0.6339
vn -0.6836 0.3598 -0.6350
vn -0.3352 0.1764 -0.9255
vn -0.2206 -0.9741 -0.0499
vn -0.0914 -0.9922 -0.0842
vn -0.0907 -0.9883 -0.1228
vn -0.0910 -0.9881 -0.1242
vn -0.2196 -0.9719 -0.0843
vn -0.2187 -0.9680 -0.1231
vn -0.2187 -0.9679 -0.1235
vn 0.0392 -0.9849 -0.1684
vn 0.0390 -0.9848 -0.1693
vn 0.0386 -0.9734 -0.2257
vn 0.0383 -0.9732 -0.2267
vn 0.0375 -0.9518 -0.3044
vn -0.8168 0.5751 -0.0448
vn -0.8162 0.5758 -0.0473
vn -0.0892 -0.9702 -0.2254
vn -0.8155 0.5765 -0.0511
vn -0.8156 0.5766 -0.0476
vn -0.2173 -0.9620 -0.1653
vn -0.8143 0.5747 -0.0819
vn -0.0901 -0.9815 -0.1687
vn -0.0890 -0.9704 -0.2245
vn -0.0904 -0.9813 -0.1702
vn 0.8184 -0.5729 -0.0439
vn 0.8184 -0.5730 -0.0436
vn 0.8184 -0.5730 -0.0437
vn -0.2181 -0.9610 -0.1698
vn -0.8136 0.5752 -0.0851
vn 0.8123 -0.5687 -0.1291
vn 0.8183 -0.5732 -0.0425
vn 0.8124 -0.5688 -0.1284
vn 0.8447 0.5331 -0.0483
vn 0.8425 0.5318 -0.0853
vn 0.8426 0.5318 -0.0856
vn 0.8449 0.5327 -0.0499
vn 0.8124 -0.5685 -0.1300
vn 0.9048 0.4175 -0.0834
vn 0.8394 0.5299 -0.1206
vn 0.9049 0.4169 -0.0855
vn 0.8395 0.5291 -0.1236
vn 0.9013 0.4161 -0.1206
vn 0.9013 0.4152 -0.1238
vn -0.8447 -0.5329 -0.0499
vn -0.7384 -0.2297 -0.6340
vn -0.0000 -0.0831 -0.9965
vn -0.0000 -0.0647 -0.9979
vn -0.0000 -0.0640 -0.9980
vn -0.7761 -0.0307 -0.6299
vn -0.8042 -0.0319 -0.5935
vn -0.7757 -0.0306 -0.6303
vn 0.7625 0.1313 -0.6335
vn 0.7610 0.1305 -0.6354
vn 0.7617 0.1213 -0.6365
vn 0.7709 0.0304 -0.6362
vn 0.3793 0.0153 -0.9252
vn 0.3800 0.0147 -0.9249
vn 0.3840 0.0151 -0.9232
vn -0.0000 0.7529 -0.6582
vn -0.0000 0.7531 -0.6579
vn -0.7650 -0.1328 -0.6302
vn -0.7626 -0.1306 -0.6335
vn 0.9047 0.0359 -0.4245
vn 0.8922 0.1534 -0.4248
vn 0.9377 0.1605 -0.3080
vn 0.9600 0.1643 -0.2268
vn 0.9602 0.1643 -0.2259
vn -0.7654 -0.1315 -0.6300
vn -0.3787 -0.0148 -0.9254
vn 0.3800 0.0150 -0.9249
vn -0.0000 0.6580 -0.7530
vn -0.0000 0.6582 -0.7528
vn 0.7720 0.0303 -0.6349
vn -0.2151 -0.9504 -0.2244
vn -0.3636 -0.1131 -0.9246
vn -0.0871 -0.9474 -0.3081
vn -0.3754 -0.0647 -0.9246
vn -0.9821 -0.1688 -0.0835
vn -0.9844 -0.1688 -0.0496
vn -0.0866 -0.9485 -0.3046
vn -0.0822 -0.9007 -0.4267
vn -0.2103 -0.9277 -0.3084
vn -0.9980 -0.0392 -0.0496
vn -0.0823 -0.9003 -0.4275
vn -0.0705 -0.7713 -0.6326
vn -0.1998 -0.8821 -0.4265
vn -0.9958 -0.0392 -0.0831
vn -0.1710 -0.7552 -0.6328
vn -0.1711 -0.7554 -0.6326
vn -0.9957 -0.0390 -0.0835
vn -0.9781 -0.1683 -0.1222
vn -0.9780 -0.1678 -0.1242
vn -0.9918 -0.0395 -0.1219
vn -0.0839 -0.3703 -0.9251
vn -0.9915 -0.0389 -0.1242
vn -0.9714 -0.1667 -0.1692
vn -0.0385 0.9914 -0.1248
vn -0.9713 -0.1665 -0.1698
vn -0.0386 0.9955 -0.0860
vn -0.0393 0.9918 -0.1212
vn -0.0392 0.9957 -0.0835
vn -0.0385 0.9980 -0.0496
vn -0.9600 -0.1646 -0.2267
vn -0.1679 0.9779 -0.1247
vn -0.1686 0.9781 -0.1218
vn -0.1688 0.9819 -0.0854
vn -0.9384 -0.1614 -0.3054
vn -0.1693 0.9820 -0.0835
vn -0.8910 -0.1531 -0.4274
vn -0.1692 0.9843 -0.0496
vn -0.1697 0.9843 -0.0479
vn -0.8904 -0.1528 -0.4288
vn -0.9732 -0.0383 -0.2267
vn -0.7653 -0.1314 -0.6301
vn -0.7664 -0.1309 -0.6289
vn 0.7618 0.1310 -0.6345
vn -0.8901 -0.1523 -0.4295
vn -0.0393 0.9849 -0.1684
vn 0.0372 -0.9513 -0.3059
vn -0.8932 -0.1538 -0.4225
vn -0.8932 -0.1538 -0.4226
vn -0.9378 -0.1613 -0.3076
vn 0.0350 -0.9025 -0.4293
vn -0.8638 -0.2680 -0.4266
vn 0.0300 -0.7736 -0.6330
vn -0.8653 -0.2690 -0.4229
vn 0.0147 -0.3760 -0.9265
vn -0.9089 -0.2820 -0.3074
vn -0.0147 0.3776 -0.9259
vn 0.0014 -0.1645 -0.9864
vn -0.0001 -0.1976 -0.9803
vn -0.0000 -0.1959 -0.9806
vn -0.0388 0.9732 -0.2267
vn 0.0067 -0.2018 -0.9794
vn -0.0001 -0.1955 -0.9807
vn -0.0390 0.9848 -0.1694
vn -0.0000 -0.1955 -0.9807
vn -0.1643 0.9600 -0.2267
vn -0.1648 0.9605 -0.2244
vn 0.0007 -0.1973 -0.9803
vn -0.1667 0.9713 -0.1697
vn -0.0000 -0.1949 -0.9808
vn -0.1668 0.9714 -0.1693
vn -0.0302 0.7720 -0.6349
vn -0.1308 0.7615 -0.6349
vn -0.0000 -0.1953 -0.9807
vn -0.1311 0.7625 -0.6335
vn -0.1535 0.8926 -0.4240
vn -0.0305 0.7735 -0.6330
vn -0.0358 0.9048 -0.4243
vn -0.7626 -0.1305 -0.6335
vn -0.8794 -0.1505 -0.4517
vn -0.0383 0.9726 -0.2294
vn -0.8905 -0.1525 -0.4287
vn -0.1605 0.9379 -0.3075
vn -0.1608 0.9383 -0.3060
vn -0.9382 -0.1615 -0.3062
vn 0.8913 0.1533 -0.4268
vn 0.7609 0.1308 -0.6355
vn -0.9383 -0.1612 -0.3059
vn -0.9336 -0.1872 -0.3056
vn -0.9513 -0.0372 -0.3060
vn -0.9849 -0.0392 -0.1685
vn -0.9848 -0.0390 -0.1693
vn -0.9247 0.3410 0.1690
vn -0.9735 -0.0385 -0.2254
vn -0.9735 -0.0386 -0.2256
vn -0.9518 -0.0375 -0.3045
vn 0.9616 -0.2180 0.1666
vn 0.4594 0.8726 0.1659
vn 0.4589 0.8725 0.1679
vn 0.4538 0.8618 0.2268
vn 0.9247 -0.3412 0.1690
vn 0.0305 -0.7760 -0.6300
vn 0.0647 -0.3754 -0.9246
vn 0.9247 -0.3414 0.1684
vn 0.9678 -0.2194 0.1235
vn 0.9718 -0.2204 0.0834
vn 0.9309 -0.3436 0.1236
vn 0.3412 0.9252 0.1660
vn 0.9350 -0.3447 0.0832
vn 0.3377 0.9142 0.2241
vn 0.9350 -0.3451 0.0819
vn 0.3363 0.9134 0.2296
vn 0.9310 -0.3437 0.1232
vn 0.3301 0.8938 0.3037
vn 0.3294 0.8931 0.3064
vn 0.3128 0.8480 0.4279
vn 0.3127 0.8479 0.4281
vn 0.9371 -0.3454 0.0511
vn 0.4530 0.8615 0.2296
vn 0.4438 0.8430 0.3040
vn 0.4430 0.8425 0.3066
vn 0.9370 -0.3460 0.0493
vn 0.3617 0.6866 0.6306
vn 0.1761 0.3344 0.9259
vn -0.1756 -0.3335 0.9262
vn -0.1761 -0.3343 0.9258
vn -0.4215 -0.8008 0.4256
vn -0.4430 -0.8417 0.3086
vn -0.4439 -0.8423 0.3058
vn 0.2685 0.7281 0.6307
vn 0.2680 0.7270 0.6322
vn 0.1307 0.3546 0.9258
vn 0.9379 -0.3466 0.0156
vn 0.5689 0.8050 0.1684
vn 0.9030 0.0352 -0.4281
vn 0.9369 -0.3459 -0.0511
vn 0.9379 -0.3466 -0.0164
vn 0.9848 0.0385 0.1693
vn 0.9386 0.1597 -0.3059
vn 0.9918 0.0389 0.1218
vn 0.9573 0.1638 -0.2383
vn 0.9955 0.0391 0.0863
vn 0.9399 0.1520 -0.3058
vn -0.9383 -0.1613 -0.3060
vn -0.6306 0.7581 -0.1665
vn -0.9382 -0.1609 -0.3063
vn -0.9385 -0.1614 -0.3054
vn -0.9023 -0.0359 -0.4297
vn -0.5262 0.8339 -0.1665
vn -0.9025 -0.0359 -0.4292
vn -0.6084 0.7315 -0.3079
vn 0.6234 -0.7487 -0.2255
vn -0.0000 0.5564 -0.8309
vn -0.0007 0.5665 -0.8241
vn -0.0000 0.5560 -0.8312
vn 0.6085 -0.7314 -0.3078
vn -0.0000 0.5558 -0.8313
vn -0.0000 0.5569 -0.8306
vn 0.0001 0.5567 -0.8307
vn -0.5080 0.8045 -0.3076
vn 0.9047 0.0360 -0.4244
vn 0.9042 0.0356 -0.4256
vn 0.9514 0.0374 -0.3056
vn 0.9521 0.0377 -0.3036
vn -0.9360 -0.1598 -0.3137
vn -0.9376 -0.1663 -0.3054
vn -0.9514 -0.0378 -0.3055
vn -0.9027 -0.0350 -0.4289
vn -0.9026 -0.0352 -0.4291
vn -0.9025 -0.0352 -0.4292
vn -0.7760 -0.0304 -0.6300
vn -0.7748 -0.0302 -0.6315
vn -0.0001 0.4432 -0.8964
vn -0.0000 0.4437 -0.8962
vn -0.0002 0.4474 -0.8943
vn -0.0000 0.4429 -0.8966
vn 0.0305 0.4390 -0.8980
vn -0.0079 0.4455 -0.8952
vn 0.0008 0.4432 -0.8964
vn -0.0003 0.4435 -0.8963
vn 0.0001 0.4435 -0.8963
vn -0.0000 0.4440 -0.8960
vn 0.7719 0.0302 -0.6351
vn 0.7731 0.0305 -0.6336
vn 0.7726 0.0304 -0.6342
vn 0.9393 0.0368 -0.3411
vn -0.7758 -0.0305 -0.6302
vn -0.7736 -0.0309 -0.6330
vn 0.0009 0.3284 -0.9445
vn -0.0002 0.3210 -0.9471
vn -0.0000 0.3193 -0.9477
vn 0.3803 0.0150 -0.9247
vn 0.0815 -0.0162 -0.9965
vn -0.3760 -0.0147 -0.9265
vn -0.4783 -0.0188 -0.8780
vn -0.3692 -0.0145 -0.9292
vn 0.3783 0.0147 -0.9256
vn -0.0000 0.1953 -0.9807
vn 0.0002 0.1964 -0.9805
vn 0.8952 0.4133 -0.1665
vn 0.8339 0.5255 -0.1688
vn 0.8049 0.5076 -0.3075
vn 0.8218 0.3791 -0.4254
vn 0.3195 0.2017 -0.9259
vn -0.8952 -0.4124 -0.1688
vn -0.8954 -0.4130 -0.1665
vn 0.8844 0.4077 -0.2272
vn -0.8335 -0.5260 -0.1688
vn 0.8845 0.4080 -0.2261
vn 0.8642 0.3987 -0.3068
vn 0.8641 0.3984 -0.3077
vn -0.8042 0.5689 -0.1722
vn -0.8123 -0.5687 -0.1296
vn -0.7449 0.6655 -0.0475
vn -0.8142 0.5747 -0.0823
vn -0.8111 0.5724 -0.1203
vn -0.8109 0.5725 -0.1211
vn -0.8103 0.5728 -0.1235
vn -0.8104 0.5729 -0.1227
vn -0.8048 0.5689 -0.1694
vn -0.7963 0.5623 -0.2230
vn -0.7774 0.5493 -0.3065
vn -0.8047 0.5689 -0.1699
vn -0.8043 0.5690 -0.1711
vn -0.7778 0.5493 -0.3055
vn -0.7950 0.5624 -0.2273
vn -0.7776 0.5494 -0.3056
vn -0.7962 0.5623 -0.2235
vn -0.7779 0.5494 -0.3052
vn -0.0638 0.3715 -0.9262
vn 0.0148 -0.3776 -0.9259
vn -0.0645 0.3743 -0.9251
vn 0.0636 -0.3711 -0.9264
vn -0.0150 0.3798 -0.9249
vn 0.4463 0.6319 0.6336
vn 0.1766 0.3352 0.9255
vn -0.3599 -0.6835 0.6350
vn -0.3605 -0.6843 0.6339
vn -0.4219 -0.8012 0.4243
vn -0.4464 -0.6318 0.6336
vn 0.4213 0.8004 0.4265
vn 0.4209 0.8000 0.4277
vn 0.3602 0.6845 0.6339
vn -0.4544 -0.8623 0.2235
vn -0.5629 -0.7957 0.2235
vn 0.9816 -0.0896 0.1687
vn 0.9919 0.0387 0.1212
vn 0.9955 0.0390 0.0860
vn 0.5790 -0.6959 -0.4247
vn 0.5788 -0.6957 -0.4254
vn 0.4950 -0.5948 -0.6334
vn 0.4946 -0.5944 -0.6341
vn -0.2022 0.3205 -0.9254
vn 0.2419 -0.2906 -0.9258
vn -0.2421 0.2911 -0.9255
vn 0.9883 -0.0903 0.1228
vn -0.4140 0.6561 -0.6310
vn -0.4829 0.7654 -0.4255
vn -0.4830 0.7654 -0.4253
vn -0.4141 0.6562 -0.6308
vn 0.3454 0.1592 -0.9249
vn -0.4947 0.5950 -0.6334
vn 0.3434 0.1581 -0.9258
vn -0.4962 0.5964 -0.6309
vn -0.5786 0.6959 -0.4254
vn -0.7017 -0.3234 -0.6349
vn -0.5789 0.6961 -0.4247
vn -0.8213 -0.3786 -0.4268
vn -0.8218 -0.3790 -0.4254
vn -0.6084 0.7315 -0.3078
vn -0.6225 0.7485 -0.2284
vn -0.2429 0.2919 -0.9251
vn -0.6227 0.7486 -0.2279
vn -0.6305 0.7581 -0.1669
vn -0.8842 -0.4078 -0.2279
vn 0.7036 0.3246 -0.6321
vn 0.6347 -0.7627 0.1243
vn 0.5313 -0.8431 0.0830
vn 0.7017 0.3234 -0.6349
vn 0.6346 -0.7629 0.1236
vn 0.5332 -0.8445 0.0505
vn 0.6374 -0.7660 0.0832
vn 0.5338 -0.8454 0.0164
vn 0.6373 -0.7662 0.0825
vn 0.5336 -0.8456 0.0157
vn 0.5338 -0.8455 -0.0157
vn 0.5336 -0.8456 -0.0164
vn 0.6387 -0.7678 0.0503
vn 0.7576 0.6311 -0.1665
vn 0.7579 0.6295 -0.1712
vn 0.7489 0.6224 -0.2275
vn 0.7490 0.6221 -0.2281
vn 0.8238 0.5198 -0.2263
vn 0.8185 -0.5730 -0.0428
vn 0.8237 0.5194 -0.2276
vn 0.3194 0.2016 -0.9259
vn -0.7377 0.5213 -0.4290
vn -0.6325 0.4469 -0.6326
vn -0.6342 0.4483 -0.6299
vn -0.6318 0.4465 -0.6336
vn -0.8185 -0.5729 -0.0429
vn -0.8123 -0.5686 -0.1295
vn 0.7315 -0.6766 -0.0847
vn 0.8137 -0.5750 -0.0848
vn 0.7330 -0.6784 -0.0499
vn 0.8051 -0.5689 -0.1679
vn 0.8054 -0.5688 -0.1665
vn 0.8104 -0.5727 -0.1235
vn 0.8107 -0.5725 -0.1224
vn 0.8138 -0.5750 -0.0846
vn 0.8157 -0.5763 -0.0499
vn 0.3008 -0.2126 -0.9297
vn -0.8121 -0.5685 -0.1315
vn -0.7998 -0.5599 -0.2163
vn -0.7999 -0.5600 -0.2159
vn -0.8129 -0.5692 -0.1233
vn -0.8123 -0.5686 -0.1301
vn 0.7285 -0.6739 -0.1227
vn 0.7285 -0.6740 -0.1227
vn 0.7314 -0.6766 -0.0849
vn 0.7314 -0.6767 -0.0846
vn 0.7330 -0.6783 -0.0510
vn -0.8123 -0.5687 -0.1295
vn -0.8123 -0.5687 -0.1294
vn 0.7330 -0.6784 -0.0498
vn -0.0114 0.2370 -0.9714
vn -0.0000 0.1948 -0.9808
vn -0.3787 -0.0149 -0.9254
vn -0.3759 -0.0146 -0.9266
vn 0.9885 -0.0907 0.1212
vn 0.9922 -0.0906 0.0857
vn 0.9923 -0.0910 0.0842
vn 0.9678 -0.2195 0.1231
vn 0.9718 -0.2201 0.0843
vn 0.9741 -0.2207 0.0491
vn 0.9980 0.0392 0.0493
vn 0.9982 0.0385 0.0470
vn 0.9991 0.0394 0.0173
vn 0.9991 0.0386 0.0148
vn 0.9946 -0.0908 0.0499
vn 0.9946 -0.0910 0.0495
vn 0.9991 0.0394 -0.0148
vn 0.9957 -0.0911 0.0174
vn 0.9957 -0.0919 0.0147
vn 0.9741 -0.2204 0.0499
vn 0.9753 -0.2201 0.0174
vn 0.9752 -0.2207 0.0155
vn 0.9754 -0.2201 -0.0155
vn 0.9957 -0.0911 -0.0147
vn 0.9956 -0.0919 -0.0174
vn 0.9752 -0.2207 -0.0174
vn -0.9309 0.3437 -0.1236
vn -0.9312 0.3434 -0.1222
vn -0.9347 0.3451 -0.0854
vn -0.9351 0.3446 -0.0832
vn -0.9372 0.3454 -0.0487
vn 0.9742 -0.2204 -0.0491
vn 0.9371 -0.3455 -0.0493
vn 0.9351 -0.3447 -0.0819
vn 0.9719 -0.2202 -0.0834
vn 0.9349 -0.3450 -0.0832
vn 0.9309 -0.3437 -0.1236
vn -0.7270 0.2681 -0.6322
vn -0.8499 0.3135 -0.4235
vn -0.8500 0.3135 -0.4233
vn -0.8932 0.3292 -0.3064
vn -0.9136 0.3371 -0.2276
vn 0.9248 -0.3413 -0.1684
vn 0.9246 -0.3414 -0.1690
vn -0.5229 -0.7394 0.4240
vn -0.5611 -0.7953 0.2294
vn -0.0001 0.0643 -0.9979
vn 0.0003 0.0633 -0.9980
vn -0.0000 0.0646 -0.9979
vn 0.5333 -0.8446 -0.0477
vn 0.9753 -0.2202 0.0184
vn 0.6392 -0.7689 -0.0158
vn 0.9719 -0.2199 0.0840
vn 0.5325 -0.8449 -0.0505
vn 0.5312 -0.8429 -0.0856
vn 0.6385 -0.7680 -0.0503
vn 0.5319 -0.8427 -0.0830
vn 0.5296 -0.8392 -0.1236
vn 0.6375 -0.7660 -0.0825
vn 0.6373 -0.7661 -0.0832
vn -0.0000 -0.9979 0.0640
vn 0.6348 -0.7628 -0.1236
vn -0.0000 -0.9976 0.0696
vn -0.0000 -0.9979 0.0645
vn 0.6345 -0.7628 -0.1243
vn 0.9741 -0.2204 0.0501
vn 0.6306 -0.7581 -0.1665
vn 0.6299 -0.7581 -0.1690
vn -0.5788 0.6961 0.4247
vn -0.5787 0.6958 0.4254
vn -0.4949 0.5948 0.6334
vn -0.0000 -0.9811 0.1935
vn 0.4949 -0.5948 0.6334
vn 0.9679 -0.2190 0.1230
vn 0.9719 -0.2195 0.0856
vn 0.9719 -0.2200 0.0836
vn 0.9679 -0.2190 0.1231
vn -0.0000 -0.9471 0.3211
vn -0.0000 -0.9472 0.3206
vn 0.6226 -0.7493 0.2255
vn 0.9719 -0.2199 0.0838
vn 0.9683 -0.2235 0.1119
vn 0.9680 -0.2190 0.1228
vn 0.9678 -0.2190 0.1238
vn -0.0000 -0.8962 0.4436
vn -0.0004 -0.8943 0.4474
vn -0.0000 -0.8955 0.4450
vn -0.0000 -0.8964 0.4433
vn 0.9615 -0.2180 0.1672
vn 0.9612 -0.2174 0.1697
vn 0.9613 -0.2176 0.1687
vn 0.9680 -0.2195 0.1214
vn -0.0000 -0.8310 0.5562
vn 0.9615 -0.2179 0.1675
vn -0.0000 -0.7526 0.6585
vn 0.9753 -0.2204 -0.0153
vn 0.9752 -0.2208 -0.0175
vn -0.0000 -0.9979 -0.0642
vn -0.0000 -0.9979 -0.0644
vn -0.3786 -0.0148 -0.9254
vn -0.3794 -0.0149 -0.9251
vn 0.3808 0.0150 -0.9246
vn 0.3767 -0.0341 -0.9257
vn 0.3756 -0.0344 -0.9261
vn 0.3779 -0.0000 -0.9258
vn 0.3783 0.0150 -0.9256
vn -0.3777 -0.0144 -0.9258
vn -0.3764 0.0344 -0.9258
vn -0.3765 0.0345 -0.9258
vn -0.3762 0.0344 -0.9259
vn 0.7490 0.6227 -0.2266
vn 0.7323 0.6088 -0.3051
vn 0.7490 0.6221 -0.2279
vn 0.8185 -0.5728 -0.0440
vn 0.8184 -0.5730 -0.0433
vn 0.7326 0.6096 -0.3029
vn 0.6957 0.5789 -0.4254
vn 0.7323 0.6088 -0.3052
vn 0.8185 -0.5730 -0.0414
vn 0.8053 0.5082 -0.3054
vn 0.8184 -0.5730 -0.0439
vn 0.7334 -0.6781 -0.0480
vn -0.8124 -0.5686 -0.1296
vn -0.8124 -0.5687 -0.1290
vn -0.8120 -0.5688 -0.1305
vn -0.8124 -0.5688 -0.1284
vn -0.8123 -0.5687 -0.1298
vn -0.8124 -0.5686 -0.1292
vn -0.8000 -0.5600 -0.2153
vn -0.7998 -0.5600 -0.2160
vn 0.7154 -0.6610 -0.2265
vn 0.7238 -0.6693 -0.1676
vn 0.7236 -0.6695 -0.1677
vn 0.7237 -0.6694 -0.1677
vn 0.7243 -0.6692 -0.1660
vn -0.8185 -0.5729 -0.0433
vn -0.8185 -0.5730 -0.0409
vn -0.8185 -0.5730 -0.0428
vn -0.8185 -0.5729 -0.0425
vn -0.8121 -0.5683 -0.1325
vn 0.6994 -0.6458 -0.3063
vn 0.6955 -0.6501 -0.3061
vn 0.6993 -0.6513 -0.2945
vn 0.7163 -0.6614 -0.2222
vn 0.7155 -0.6609 -0.2266
vn 0.7150 -0.6613 -0.2268
vn -0.7386 0.5219 -0.4267
vn -0.8181 -0.5734 -0.0453
vn -0.8186 -0.5728 -0.0428
vn -0.8163 -0.5689 -0.0996
vn -0.8183 -0.5732 -0.0441
vn 0.7398 -0.5223 -0.4240
vn 0.7767 -0.5489 -0.3089
vn 0.7777 -0.5490 -0.3063
vn 0.7955 -0.5621 -0.2264
vn -0.8184 -0.5733 -0.0395
vn -0.8184 -0.5730 -0.0432
vn -0.8184 -0.5730 -0.0437
vn -0.8170 -0.5744 -0.0515
vn 0.6621 -0.6166 -0.4261
vn -0.7385 0.5219 -0.4269
vn -0.8183 -0.5732 -0.0418
vn -0.8183 -0.5731 -0.0429
vn -0.8183 -0.5731 -0.0438
vn -0.3090 0.2184 -0.9256
vn -0.3095 0.2187 -0.9254
vn -0.8182 -0.5731 -0.0449
vn -0.8184 -0.5732 -0.0408
vn -0.3045 0.2152 -0.9279
vn -0.8155 -0.5764 -0.0526
vn 0.6312 -0.4461 -0.6345
vn 0.6246 -0.4413 -0.6443
vn 0.6318 -0.4465 -0.6336
vn 0.7387 -0.5219 -0.4264
vn 0.7386 -0.5219 -0.4268
vn 0.3076 -0.2174 -0.9264
vn -0.8243 -0.5651 -0.0349
vn 0.3085 -0.2180 -0.9259
vn -0.8184 -0.5730 -0.0434
vn -0.8182 -0.5732 -0.0441
vn -0.8176 -0.5709 -0.0752
vn 0.6957 0.5788 -0.4254
vn 0.6945 0.5771 -0.4297
vn 0.5947 0.4942 -0.6341
vn 0.8185 -0.5729 -0.0426
vn 0.8184 -0.5731 -0.0429
vn 0.7653 0.4830 -0.4255
vn 0.6542 0.4130 -0.6336
vn 0.6533 0.4123 -0.6349
vn -0.3213 -0.2029 -0.9250
vn -0.2898 -0.2411 -0.9262
vn -0.8048 -0.5075 -0.3076
vn -0.6536 -0.4119 -0.6349
vn -0.6561 -0.4140 -0.6310
vn -0.7654 -0.4829 -0.4255
vn -0.8051 -0.5080 -0.3061
vn -0.8237 -0.5194 -0.2274
vn -0.8239 -0.5199 -0.2256
vn -0.8394 -0.5296 -0.1222
vn -0.8394 -0.5299 -0.1210
vn -0.8427 -0.5316 -0.0853
vn -0.8426 -0.5320 -0.0841
vn -0.8445 -0.5333 -0.0483
vn -0.7632 -0.6346 -0.1215
vn 0.8123 -0.5685 -0.1299
vn -0.7633 -0.6345 -0.1217
vn -0.7632 -0.6347 -0.1213
vn -0.7632 -0.6347 -0.1210
vn -0.7662 -0.6369 -0.0854
vn -0.7661 -0.6370 -0.0853
vn -0.7661 -0.6372 -0.0845
vn -0.7710 -0.6325 -0.0739
vn -0.7681 -0.6384 -0.0496
vn 0.7999 -0.5599 -0.2160
vn -0.7679 -0.6388 -0.0482
vn -0.7680 -0.6388 -0.0459
vn -0.7679 -0.6388 -0.0483
vn 0.8122 -0.5687 -0.1295
vn 0.8123 -0.5687 -0.1294
vn 0.8124 -0.5687 -0.1290
vn 0.8124 -0.5687 -0.1288
vn 0.8122 -0.5685 -0.1306
vn 0.7999 -0.5599 -0.2161
vn 0.7998 -0.5599 -0.2163
vn -0.8335 -0.5259 -0.1693
vn -0.5949 -0.4947 -0.6335
vn -0.6959 -0.5786 -0.4254
vn 0.8184 -0.5729 -0.0437
vn -0.5965 -0.4965 -0.6306
vn -0.6958 -0.5784 -0.4257
vn -0.6963 -0.5790 -0.4242
vn -0.7315 -0.6081 -0.3084
vn -0.7315 -0.6084 -0.3079
vn -0.7316 -0.6084 -0.3078
vn -0.7321 -0.6095 -0.3041
vn 0.9613 -0.2179 -0.1685
vn 0.6303 -0.7577 0.1690
vn 0.6301 -0.7584 0.1665
vn -0.6226 0.7486 0.2279
vn -0.6084 0.7315 0.3079
vn -0.6084 0.7315 0.3078
vn 0.9139 -0.3372 -0.2261
vn 0.9498 -0.2149 -0.2274
vn 0.9292 -0.2099 -0.3043
vn 0.9283 -0.2101 -0.3067
vn 0.8839 -0.1997 -0.4230
vn -0.7239 0.6694 0.1668
vn -0.7152 0.6605 0.2283
vn 0.9134 -0.3374 -0.2276
vn -0.2428 0.2919 0.9251
vn 0.2409 -0.2895 0.9264
vn 0.2418 -0.2907 0.9258
vn 0.8500 -0.3131 -0.4235
vn 0.3684 -0.0833 -0.9259
vn 0.3665 -0.0830 -0.9267
vn 0.7282 -0.2682 -0.6307
vn 0.7270 -0.2680 -0.6322
vn 0.3763 -0.0344 -0.9259
vn 0.7554 -0.1710 -0.6326
vn -0.3712 0.0840 -0.9247
vn -0.3684 0.0836 -0.9259
vn 0.3673 -0.0833 -0.9263
vn 0.3684 -0.0835 -0.9259
vn 0.0001 -0.0643 -0.9979
vn -0.0000 -0.0648 -0.9979
vn -0.0000 -0.0642 -0.9979
vn -0.0083 -0.0000 -1.0000
vn -0.0000 -0.0650 -0.9979
vn 0.0001 -0.0642 -0.9979
vn -0.0000 -0.0641 -0.9979
vn 0.7711 -0.0707 -0.6328
vn 0.7717 -0.0707 -0.6320
vn 0.7704 -0.0706 -0.6336
vn 0.7713 -0.0707 -0.6326
vn 0.3764 -0.0345 -0.9258
vn 0.9280 -0.2101 -0.3077
vn -0.7713 0.0706 -0.6325
vn -0.3752 0.0344 -0.9263
vn -0.3763 0.0344 -0.9259
vn -0.7716 0.0706 -0.6322
vn -0.7713 0.0706 -0.6326
vn -0.7554 0.1709 -0.6326
vn 0.8821 -0.1997 -0.4267
vn 0.8822 -0.1997 -0.4265
vn 0.0001 -0.1957 -0.9807
vn -0.0000 -0.1956 -0.9807
vn -0.0094 -0.0000 -1.0000
vn -0.0000 -0.1946 -0.9809
vn -0.0003 -0.1967 -0.9805
vn 0.9355 -0.0857 -0.3426
vn 0.9006 -0.0825 -0.4267
vn 0.8986 -0.0827 -0.4308
vn 0.6647 -0.6147 0.4246
vn 0.5790 -0.6960 0.4247
vn -0.6648 0.6147 0.4246
vn -0.7240 0.6686 0.1700
vn -0.6985 0.6461 0.3076
vn -0.6983 0.6456 0.3090
vn -0.5684 0.5252 0.6333
vn 0.2765 -0.2557 0.9264
vn 0.5680 -0.5256 0.6334
vn 0.6988 -0.6458 0.3076
vn 0.6989 -0.6463 0.3061
vn 0.7152 -0.6611 0.2266
vn 0.7153 -0.6614 0.2256
vn 0.5670 -0.5244 0.6353
vn 0.6642 -0.6139 0.4265
vn -0.3674 0.0831 -0.9263
vn 0.3546 -0.1307 -0.9258
vn 0.3521 -0.1300 -0.9269
vn -0.7554 0.1705 -0.6327
vn -0.3693 0.0834 -0.9256
vn 0.9980 0.0385 -0.0493
vn 0.9946 -0.0908 -0.0495
vn 0.9955 0.0391 -0.0860
vn 0.9946 -0.0910 -0.0499
vn 0.9919 0.0389 -0.1212
vn 0.9918 0.0387 -0.1218
vn 0.9923 -0.0906 -0.0842
vn 0.9922 -0.0910 -0.0857
vn 0.9741 -0.2206 -0.0499
vn 0.9885 -0.0903 -0.1212
vn 0.9883 -0.0907 -0.1228
vn 0.9718 -0.2204 -0.0843
vn 0.9678 -0.2194 -0.1231
vn 0.9678 -0.2195 -0.1235
vn 0.9850 0.0385 -0.1684
vn 0.9848 0.0383 -0.1693
vn 0.9735 0.0378 -0.2257
vn 0.9732 0.0376 -0.2267
vn 0.9819 -0.0897 -0.1669
vn 0.9505 0.0367 -0.3085
vn 0.9815 -0.0901 -0.1687
vn 0.9505 0.0367 -0.3086
vn 0.9500 0.0387 -0.3098
vn 0.9517 -0.0000 -0.3070
vn 0.9482 0.0771 -0.3083
vn 0.9468 -0.0875 -0.3097
vn 0.9617 -0.2176 -0.1666
vn 0.9472 -0.0872 -0.3086
vn 0.9702 -0.0885 -0.2254
vn 0.9696 -0.0890 -0.2281
vn 0.9496 -0.2150 -0.2281
vn 0.9488 -0.0865 -0.3038
vn -0.9036 0.0817 -0.4204
vn -0.9003 0.0824 -0.4273
vn -0.7711 0.0706 -0.6327
vn -0.9486 0.0867 -0.3045
vn -0.8974 0.0854 -0.4330
vn -0.9007 0.0823 -0.4267
vn 0.9509 -0.2146 -0.2229
vn -0.0087 -0.2426 -0.9701
vn -0.0000 -0.3250 -0.9457
vn -0.0002 -0.3207 -0.9472
vn 0.0004 -0.3205 -0.9473
vn -0.0000 -0.3233 -0.9463
vn 0.9007 -0.0825 -0.4266
vn 0.9295 -0.2097 -0.3034
vn 0.9006 -0.0826 -0.4267
vn 0.8754 -0.0802 -0.4766
vn 0.9489 -0.0869 -0.3034
vn 0.9489 -0.0872 -0.3032
vn 0.9488 -0.0871 -0.3037
vn 0.9496 -0.2152 -0.2279
vn 0.9608 -0.2178 -0.1716
vn -0.9009 0.0821 -0.4261
vn -0.9002 0.0824 -0.4275
vn 0.0006 -0.4520 -0.8920
vn -0.0000 -0.4430 -0.8965
vn -0.0000 -0.4437 -0.8962
vn -0.0090 -0.3949 -0.9187
vn -0.0000 -0.4440 -0.8960
vn -0.0015 -0.4438 -0.8961
vn -0.0470 -0.4459 -0.8938
vn 0.0012 -0.4433 -0.8964
vn 0.9487 -0.0870 -0.3040
vn 0.9797 -0.0898 -0.1793
vn 0.9692 -0.0887 -0.2297
vn 0.9680 -0.2190 -0.1228
vn 0.7390 0.2293 0.6335
vn 0.9102 0.2821 0.3033
vn 0.9090 0.2824 0.3065
vn 0.9299 0.2890 0.2277
vn 0.9300 0.2889 0.2271
vn 0.9416 0.2926 0.1668
vn 0.3633 0.1127 0.9248
vn 0.8634 0.2678 0.4276
vn 0.7237 -0.6690 0.1692
vn 0.7237 -0.6694 0.1677
vn -0.7154 0.6618 0.2241
vn -0.6643 0.6139 0.4265
vn -0.5710 0.5284 0.6282
vn -0.2784 0.2576 0.9253
vn -0.2773 0.2565 0.9259
vn -0.7959 0.5624 0.2242
vn 0.3085 -0.2180 0.9259
vn 0.2773 -0.2566 0.9259
vn -0.8046 0.5686 0.1711
vn -0.6355 0.4490 0.6281
vn 0.6310 -0.4456 0.6350
vn 0.7768 -0.5488 0.3089
vn 0.7772 -0.5496 0.3063
vn 0.8052 -0.5688 0.1679
vn -0.7957 0.5618 0.2265
vn -0.7780 0.5504 0.3030
vn -0.8432 0.4441 0.3028
vn -0.7770 0.5486 0.3087
vn -0.7484 -0.6218 -0.2306
vn -0.7581 -0.6299 -0.1689
vn 0.8185 -0.5729 -0.0432
vn -0.7487 -0.6233 -0.2255
vn -0.7581 -0.6299 -0.1690
vn -0.7581 -0.6297 -0.1695
vn -0.7581 -0.6305 -0.1666
vn 0.5969 0.4969 -0.6299
vn 0.5948 0.4946 -0.6337
vn 0.2906 0.2419 -0.9258
vn 0.2901 0.2411 -0.9261
vn 0.2918 0.2427 -0.9252
vn -0.2886 -0.2399 -0.9269
vn -0.2887 -0.2402 -0.9268
vn 0.8183 -0.5732 -0.0428
vn 0.8184 -0.5729 -0.0436
vn 0.8183 -0.5733 -0.0410
vn 0.8183 -0.5732 -0.0432
vn 0.8195 -0.5719 -0.0373
vn 0.8183 -0.5733 -0.0427
vn 0.8183 -0.5731 -0.0431
vn 0.8184 -0.5730 -0.0445
vn 0.8186 -0.5726 -0.0445
vn 0.8184 -0.5731 -0.0428
vn 0.8185 -0.5729 -0.0437
vn 0.8123 -0.5686 -0.1298
vn -0.9298 -0.2887 0.2282
vn -0.9088 -0.2823 0.3074
vn -0.8655 -0.2685 0.4229
vn -0.8637 -0.2685 0.4266
vn -0.9538 -0.2964 0.0498
vn -0.9516 -0.2959 0.0827
vn -0.9548 -0.2968 -0.0156
vn -0.9548 -0.2967 0.0164
vn -0.9072 -0.4178 -0.0500
vn 0.9006 -0.0829 -0.4267
vn 0.8821 -0.1998 -0.4265
vn 0.7554 -0.1711 -0.6326
vn 0.7552 -0.1710 -0.6328
vn -0.9735 -0.0383 0.2254
vn -0.9734 -0.0384 0.2257
vn -0.9732 -0.0385 0.2267
vn -0.9735 -0.0383 0.2256
vn -0.9736 -0.0383 0.2252
vn -0.9701 0.0889 0.2258
vn -0.9476 0.0866 0.3075
vn -0.9475 0.0865 0.3078
vn -0.9476 0.0865 0.3077
vn -0.9486 0.0872 0.3041
vn -0.9704 0.0892 0.2245
vn -0.9704 0.0892 0.2244
vn -0.9280 0.2102 0.3075
vn 0.3674 -0.0833 0.9263
vn -0.3684 0.0834 0.9259
vn -0.3712 0.0842 0.9247
vn 0.0069 -0.4476 -0.8942
vn 0.0002 -0.5568 -0.8307
vn -0.0000 -0.5560 -0.8312
vn -0.0000 -0.5565 -0.8308
vn 0.9496 -0.2151 -0.2278
vn 0.9612 -0.2178 -0.1692
vn 0.9702 -0.0820 -0.2279
vn 0.9616 -0.2180 -0.1667
vn 0.9615 -0.2176 -0.1678
vn 0.9695 -0.0904 -0.2277
vn 0.9679 -0.2190 -0.1229
vn 0.9703 -0.2196 -0.1013
vn 0.8639 0.2678 0.4266
vn -0.3450 -0.1588 0.9251
vn 0.7015 0.3237 0.6349
vn 0.8212 0.3788 0.4268
vn 0.8218 0.3789 0.4254
vn 0.8640 0.3985 0.3077
vn 0.8843 0.4079 0.2272
vn 0.8643 0.3985 0.3068
vn 0.8846 0.4078 0.2261
vn -0.9297 -0.2888 0.2288
vn -0.9095 -0.2822 0.3053
vn -0.7385 -0.2296 0.6340
vn -0.3600 -0.1119 0.9262
vn -0.3596 -0.1118 0.9264
vn 0.3454 0.1590 0.9249
vn -0.3420 -0.1577 0.9264
vn 0.3600 0.1120 0.9262
vn 0.7037 0.3243 0.6322
vn -0.8956 -0.4125 0.1665
vn -0.8950 -0.4128 0.1688
vn -0.8842 -0.4077 0.2279
vn -0.8840 -0.4077 0.2287
vn -0.8648 -0.3987 0.3051
vn -0.8646 -0.3987 0.3056
vn -0.8219 -0.3788 0.4254
vn -0.8212 -0.3787 0.4268
vn -0.7022 -0.3236 0.6342
vn -0.7016 -0.3235 0.6349
vn 0.9475 0.2943 0.1249
vn 0.9478 0.2941 0.1236
vn 0.9517 0.2955 0.0833
vn 0.9538 0.2961 0.0503
vn 0.9518 0.2953 0.0826
vn -0.9417 -0.2924 0.1664
vn 0.8949 0.4131 0.1688
vn 0.8955 0.4128 0.1665
vn 0.0002 -0.6601 -0.7512
vn -0.0000 -0.7530 -0.6580
vn 0.9678 -0.2190 -0.1238
vn 0.9680 -0.2191 -0.1225
vn 0.9719 -0.2199 -0.0840
vn -0.0000 -0.8309 -0.5564
vn -0.0000 -0.8312 -0.5560
vn -0.0000 -0.8310 -0.5562
vn 0.9719 -0.2199 -0.0838
vn 0.9718 -0.2200 -0.0847
vn -0.0000 -0.8967 -0.4427
vn 0.0027 -0.9080 -0.4189
vn -0.0000 -0.8962 -0.4437
vn 0.9743 -0.2200 -0.0477
vn -0.0000 -0.9471 -0.3210
vn -0.0000 -0.9472 -0.3206
vn 0.9741 -0.2204 -0.0511
vn 0.9742 -0.2202 -0.0503
vn -0.0000 -0.9806 -0.1958
vn -0.0001 -0.9810 -0.1941
vn -0.8821 0.1998 0.4265
vn 0.7257 -0.2675 0.6339
vn 0.3546 -0.1307 0.9258
vn 0.3535 -0.1302 0.9263
vn -0.3546 0.1306 0.9258
vn -0.3570 0.1317 0.9248
vn -0.7544 0.1707 0.6338
vn -0.7554 0.1711 0.6326
vn -0.7256 0.2678 0.6339
vn -0.8821 0.1998 0.4267
vn -0.8487 0.3128 0.4264
vn -0.9280 0.2102 0.3077
vn -0.9499 0.2152 0.2266
vn -0.9503 0.2157 0.2244
vn -0.8927 0.3290 0.3078
vn -0.9143 0.3370 0.2248
vn -0.9141 0.3366 0.2263
vn -0.9247 0.3405 0.1702
vn -0.9617 0.2183 0.1660
vn -0.9250 0.3415 0.1664
vn -0.9848 -0.0392 0.1693
vn -0.9915 -0.0394 0.1242
vn -0.9849 -0.0390 0.1685
vn -0.9816 0.0905 0.1684
vn -0.9958 -0.0390 0.0831
vn -0.9957 -0.0392 0.0835
vn -0.9946 0.0917 0.0492
vn -0.9881 0.0907 0.1242
vn -0.9883 0.0911 0.1226
vn -0.9923 0.0913 0.0832
vn -0.9923 0.0910 0.0842
vn -0.9945 0.0915 0.0499
vn -0.9980 -0.0393 0.0496
vn -0.9991 -0.0393 0.0171
vn -0.9980 -0.0392 0.0494
vn -0.9991 -0.0393 -0.0148
vn -0.9991 -0.0386 -0.0171
vn -0.9980 -0.0393 -0.0494
vn -0.9956 0.0918 -0.0174
vn -0.9946 0.0915 -0.0492
vn -0.9957 0.0911 0.0174
vn -0.9957 0.0918 0.0149
vn -0.9752 0.2207 0.0155
vn -0.9957 0.0911 -0.0149
vn -0.9752 0.2208 0.0150
vn -0.9752 0.2207 -0.0150
vn -0.9945 0.0917 -0.0499
vn -0.9742 0.2204 -0.0485
vn -0.9740 0.2208 -0.0499
vn -0.9611 0.2171 0.1705
vn -0.9681 0.2188 0.1224
vn -0.9718 0.2203 0.0843
vn -0.9741 0.2204 0.0499
vn -0.9741 0.2208 0.0485
vn -0.9680 0.2187 0.1228
vn -0.9717 0.2196 0.0867
vn -0.9311 0.3436 0.1226
vn -0.9082 -0.4183 -0.0155
vn -0.9081 -0.4186 -0.0143
vn -0.9082 -0.4183 0.0143
vn -0.9080 -0.4186 0.0155
vn -0.9476 -0.2941 -0.1247
vn -0.9475 -0.2938 -0.1261
vn -0.9477 -0.2946 -0.1229
vn -0.9477 -0.2947 -0.1227
vn -0.9537 -0.2964 -0.0505
vn -0.9536 -0.2971 -0.0484
vn -0.9538 -0.2964 -0.0501
vn -0.9014 -0.4152 -0.1225
vn -0.9014 -0.4154 -0.1219
vn -0.9051 -0.4168 -0.0843
vn -0.9050 -0.4171 -0.0834
vn -0.9072 -0.4178 -0.0501
vn -0.9094 -0.2825 -0.3053
vn -0.9419 -0.2926 -0.1649
vn -0.9298 -0.2888 -0.2282
vn -0.9414 -0.2913 -0.1701
vn -0.9418 -0.2924 -0.1657
vn 0.5624 0.7959 0.2243
vn 0.5618 0.7957 0.2265
vn 0.5493 0.7774 0.3065
vn 0.5486 0.7770 0.3087
vn 0.5219 0.7386 0.4266
vn 0.5218 0.7386 0.4269
vn 0.4471 0.6328 0.6322
vn -0.2173 -0.3076 0.9264
vn 0.6788 0.7342 0.0157
vn 0.6780 0.7334 0.0495
vn 0.6780 0.7334 0.0498
vn 0.6744 0.7285 0.1206
vn 0.6690 0.7236 0.1700
vn 0.5771 0.8165 -0.0157
vn 0.5772 0.8164 0.0157
vn 0.5767 0.8155 0.0490
vn 0.5765 0.8156 0.0499
vn 0.5753 0.8135 0.0848
vn 0.5732 0.8105 0.1207
vn 0.5725 0.8106 0.1235
vn 0.5685 0.8050 0.1698
vn 0.6741 0.7281 -0.1242
vn 0.6738 0.7290 -0.1206
vn 0.5753 0.8135 -0.0848
vn 0.5753 0.8136 -0.0846
vn 0.6780 0.7334 -0.0498
vn 0.6780 0.7334 -0.0496
vn 0.5730 0.8102 -0.1235
vn 0.5727 0.8109 -0.1207
vn 0.5767 0.8155 -0.0499
vn 0.5765 0.8156 -0.0490
vn 0.5256 0.5680 -0.6334
vn 0.5263 0.5689 -0.6319
vn 0.6458 0.6982 -0.3090
vn 0.6616 0.7152 -0.2256
vn 0.6616 0.7156 -0.2241
vn 0.6695 0.7232 -0.1700
vn 0.5687 0.8048 -0.1698
vn 0.5686 0.8052 -0.1684
vn 0.2566 0.2773 -0.9259
vn -0.7383 0.5224 0.4267
vn -0.7370 0.5208 0.4308
vn -0.3095 0.2187 0.9254
vn -0.3086 0.2179 0.9259
vn 0.7955 -0.5620 0.2265
vn 0.7955 -0.5620 0.2264
vn -0.8422 0.4427 0.3078
vn -0.7988 0.4199 0.4308
vn 0.8052 -0.5692 0.1665
vn -0.6346 0.4482 0.6296
vn -0.3345 0.1758 0.9259
vn 0.3337 -0.1754 0.9262
vn 0.3344 -0.1759 0.9259
vn 0.6845 -0.3600 0.6338
vn 0.6318 -0.4464 0.6336
vn 0.7992 -0.4200 0.4299
vn 0.8420 -0.4425 0.3086
vn 0.7386 -0.5219 0.4266
vn 0.8012 -0.4219 0.4243
vn 0.7394 -0.5229 0.4240
vn -0.8015 0.4224 0.4233
vn -0.6874 0.3623 0.6295
vn -0.6837 0.3596 0.6350
vn -0.3353 0.1763 0.9255
vn 0.8620 -0.4536 0.2263
vn 0.8726 -0.4592 0.1664
vn 0.9417 0.2925 0.1664
vn 0.9009 0.4159 0.1238
vn 0.9016 0.4154 0.1206
vn 0.9051 0.4170 0.0834
vn 0.9047 0.4174 0.0855
vn 0.9538 0.2961 0.0501
vn -0.9072 -0.4178 0.0500
vn -0.9051 -0.4168 0.0834
vn -0.9071 -0.4178 0.0501
vn -0.9050 -0.4170 0.0843
vn -0.9015 -0.4153 0.1219
vn -0.9014 -0.4154 0.1225
vn 0.4470 0.6329 -0.6322
vn 0.5219 0.7386 -0.4266
vn 0.5489 0.7768 -0.3087
vn 0.5490 0.7776 -0.3065
vn 0.5621 0.7954 -0.2265
vn 0.5621 0.7961 -0.2242
vn -0.2179 -0.3086 -0.9259
vn -0.2173 -0.3076 -0.9264
vn 0.2180 0.3085 -0.9259
vn 0.8342 0.5258 0.1665
vn 0.8227 0.5195 0.2307
vn 0.8053 0.5081 0.3054
vn 0.7653 0.4829 0.4255
vn 0.6541 0.4131 0.6336
vn 0.3225 0.2031 0.9245
vn -0.3197 -0.2014 0.9259
vn 0.3167 0.2000 0.9272
vn -0.3177 -0.2003 0.9268
vn -0.6561 -0.4140 0.6310
vn -0.6582 -0.4150 0.6281
vn 0.7478 0.6226 0.2307
vn 0.6958 0.5787 0.4254
vn 0.2930 0.2438 0.9245
vn 0.7577 0.6309 0.1669
vn 0.6947 0.5782 0.4279
vn 0.7315 0.6084 0.3078
vn 0.2939 0.2445 0.9240
vn -0.2564 -0.2774 0.9259
vn -0.2556 -0.2766 0.9264
vn 0.6135 0.6635 0.4282
vn 0.7493 0.6226 0.2255
vn 0.7325 0.6086 0.3052
vn 0.6618 0.7154 0.2241
vn 0.6613 0.7154 0.2256
vn 0.6461 0.6985 0.3076
vn 0.6456 0.6983 0.3090
vn 0.6142 0.6640 0.4265
vn 0.2564 0.2775 0.9259
vn 0.5264 0.5688 0.6319
vn 0.5255 0.5681 0.6334
vn 0.2597 0.2806 0.9240
vn 0.2187 0.3095 0.9254
vn -0.2180 -0.3085 0.9259
vn 0.2179 0.3086 0.9259
vn -0.4456 -0.6310 0.6351
vn -0.5219 -0.7386 0.4266
vn -0.5240 -0.5673 0.6353
vn -0.6132 -0.6638 0.4281
vn -0.6139 -0.6642 0.4265
vn -0.5483 -0.7771 0.3089
vn -0.5503 -0.7781 0.3028
vn -0.6474 -0.6993 0.3030
s 0
usemtl color_16089887
f 4//1 5//1 3//1
f 6//2 7//2 3//2
f 5//3 6//3 3//3
f 2//4 3//4 7//4
f 8//4 2//4 7//4
f 10//5 11//5 9//5
f 12//4 9//4 11//4
f 74//6 1713//6 73//6
f 1713//7 15//7 14//7
f 1216//8 22//8 21//8
f 39//9 2098//9 38//9
f 40//10 41//10 33//10
f 37//11 36//11 1345//11
f 43//12 44//12 35//12
f 43//13 35//13 34//13
f 49//14 50//14 225//14
f 2070//15 51//15 50//15
f 53//16 56//16 52//16
f 56//17 55//17 52//17
f 57//18 56//18 53//18
f 54//19 57//19 53//19
f 56//20 203//20 55//20
f 59//21 60//21 58//21
f 60//22 61//22 58//22
f 58//23 61//23 62//23
f 63//24 58//24 62//24
f 64//25 54//25 58//25
f 54//26 64//26 57//26
f 57//27 64//27 205//27
f 446//28 66//28 497//28
f 68//29 69//29 554//29
f 13//30 14//30 2//30
f 8//31 13//31 2//31
f 72//30 2//30 14//30
f 15//32 72//32 14//32
f 1//33 76//33 75//33
f 1//34 75//34 73//34
f 1//35 79//35 76//35
f 77//36 80//36 1//36
f 80//37 81//37 1//37
f 1//38 81//38 79//38
f 15//39 74//39 72//39
f 74//40 73//40 72//40
f 73//41 75//41 78//41
f 78//42 72//42 73//42
f 76//43 78//43 75//43
f 77//44 83//44 80//44
f 77//45 84//45 83//45
f 77//46 158//46 85//46
f 82//47 78//47 80//47
f 76//48 79//48 78//48
f 81//49 80//49 78//49
f 81//50 78//50 79//50
f 2072//51 94//51 93//51
f 85//52 84//52 77//52
f 80//53 83//53 82//53
f 83//54 84//54 82//54
f 84//55 85//55 82//55
f 87//56 82//56 85//56
f 85//57 86//57 87//57
f 97//58 94//58 2072//58
f 87//59 89//59 91//59
f 88//59 91//59 89//59
f 89//60 87//60 90//60
f 90//61 87//61 86//61
f 2073//62 96//62 2072//62
f 97//63 2072//63 96//63
f 161//64 98//64 2073//64
f 91//65 93//65 95//65
f 88//66 92//66 91//66
f 92//67 93//67 91//67
f 94//65 95//65 93//65
f 102//68 103//68 101//68
f 100//68 101//68 103//68
f 103//68 104//68 100//68
f 104//68 105//68 100//68
f 105//68 106//68 100//68
f 106//68 107//68 100//68
f 99//68 100//68 107//68
f 108//68 134//68 107//68
f 109//68 134//68 108//68
f 110//68 134//68 109//68
f 111//68 129//68 110//68
f 128//68 129//68 115//68
f 113//68 87//68 112//68
f 116//68 91//68 115//68
f 117//68 91//68 116//68
f 118//68 91//68 117//68
f 112//68 91//68 118//68
f 120//68 136//68 121//68
f 122//68 123//68 120//68
f 121//68 122//68 120//68
f 123//68 124//68 120//68
f 119//68 120//68 124//68
f 119//68 124//68 125//68
f 119//68 125//68 126//68
f 119//68 126//68 127//68
f 131//68 110//68 130//68
f 132//68 110//68 131//68
f 133//68 110//68 132//68
f 129//68 130//68 110//68
f 134//68 110//68 133//68
f 99//68 107//68 134//68
f 111//68 114//68 129//68
f 114//68 115//68 129//68
f 128//68 115//68 135//68
f 135//68 115//68 95//68
f 136//68 137//68 121//68
f 113//68 121//68 137//68
f 137//68 138//68 113//68
f 138//68 3//68 113//68
f 3//68 2//68 113//68
f 2//68 72//68 113//68
f 72//68 78//68 113//68
f 78//68 82//68 113//68
f 82//68 87//68 113//68
f 91//68 112//68 87//68
f 95//68 115//68 91//68
f 140//69 141//69 540//69
f 539//70 139//70 140//70
f 142//71 143//71 333//71
f 333//72 332//72 142//72
f 143//73 144//73 350//73
f 2110//74 2111//74 2106//74
f 2105//75 2110//75 2106//75
f 333//76 143//76 350//76
f 146//77 145//77 1004//77
f 150//78 149//78 450//78
f 64//79 58//79 154//79
f 154//24 58//24 63//24
f 63//80 155//80 154//80
f 155//81 156//81 157//81
f 155//82 157//82 154//82
f 71//83 89//83 158//83
f 98//84 96//84 2073//84
f 95//85 96//85 135//85
f 94//86 97//86 95//86
f 97//87 96//87 95//87
f 96//88 98//88 135//88
f 161//89 135//89 98//89
f 162//90 2073//90 163//90
f 167//68 173//68 166//68
f 171//68 172//68 168//68
f 168//68 172//68 167//68
f 169//68 170//68 168//68
f 171//68 168//68 170//68
f 173//68 167//68 172//68
f 174//68 166//68 173//68
f 166//68 180//68 165//68
f 164//68 165//68 180//68
f 176//68 164//68 180//68
f 175//68 176//68 181//68
f 182//68 183//68 176//68
f 180//68 182//68 176//68
f 180//68 166//68 174//68
f 179//68 177//68 178//68
f 181//68 178//68 175//68
f 177//68 175//68 178//68
f 183//68 184//68 176//68
f 184//68 181//68 176//68
f 185//68 177//68 179//68
f 187//68 186//68 188//68
f 186//68 190//68 188//68
f 59//68 194//68 193//68
f 194//68 195//68 191//68
f 190//68 191//68 195//68
f 195//68 196//68 190//68
f 196//68 189//68 190//68
f 189//68 188//68 190//68
f 197//68 59//68 193//68
f 198//68 63//68 197//68
f 199//68 63//68 198//68
f 192//68 193//68 194//68
f 191//68 192//68 194//68
f 59//91 197//91 60//91
f 60//92 197//92 61//92
f 63//68 62//68 197//68
f 155//68 63//68 199//68
f 61//68 197//68 62//68
f 156//68 155//68 199//68
f 55//93 203//93 202//93
f 203//94 56//94 204//94
f 202//95 312//95 51//95
f 204//96 56//96 57//96
f 204//97 57//97 205//97
f 210//98 211//98 19//98
f 213//99 214//99 23//99
f 23//100 214//100 24//100
f 214//101 215//101 24//101
f 215//102 25//102 24//102
f 216//103 25//103 215//103
f 217//104 209//104 216//104
f 210//105 209//105 217//105
f 216//106 209//106 25//106
f 212//107 1218//107 213//107
f 140//108 2056//108 141//108
f 141//109 219//109 541//109
f 46//110 223//110 222//110
f 47//111 222//111 221//111
f 46//112 48//112 223//112
f 222//113 1286//113 221//113
f 224//114 48//114 49//114
f 223//115 48//115 224//115
f 49//116 225//116 224//116
f 226//117 50//117 51//117
f 50//118 226//118 225//118
f 226//119 51//119 312//119
f 17//120 16//120 227//120
f 144//121 17//121 227//121
f 143//122 2118//122 144//122
f 2102//123 229//123 228//123
f 2103//124 230//124 229//124
f 240//125 238//125 237//125
f 344//126 234//126 233//126
f 345//127 235//127 234//127
f 475//128 240//128 239//128
f 239//129 240//129 237//129
f 239//130 237//130 236//130
f 238//131 240//131 241//131
f 245//132 238//132 241//132
f 244//133 233//133 1551//133
f 238//134 245//134 1807//134
f 558//135 160//135 247//135
f 64//136 154//136 249//136
f 205//137 64//137 249//137
f 157//138 250//138 154//138
f 249//139 154//139 250//139
f 1959//140 251//140 157//140
f 157//141 251//141 250//141
f 1959//142 207//142 251//142
f 207//143 322//143 251//143
f 263//144 264//144 253//144
f 253//145 255//145 263//145
f 255//146 904//146 263//146
f 257//147 254//147 256//147
f 252//148 256//148 254//148
f 259//149 256//149 258//149
f 260//150 256//150 259//150
f 256//151 260//151 257//151
f 252//152 253//152 264//152
f 264//153 256//153 252//153
f 256//154 264//154 265//154
f 248//155 247//155 1771//155
f 268//156 267//156 1799//156
f 270//157 158//157 77//157
f 1801//158 1802//158 270//158
f 1801//159 270//159 269//159
f 270//160 1802//160 158//160
f 272//161 1806//161 267//161
f 1806//162 1799//162 267//162
f 514//163 277//163 276//163
f 2036//164 283//164 273//164
f 284//165 373//165 285//165
f 369//166 288//166 287//166
f 294//167 433//167 293//167
f 200//168 201//168 447//168
f 296//169 1839//169 297//169
f 300//170 1838//170 296//170
f 296//171 295//171 1865//171
f 1863//172 1864//172 295//172
f 1838//173 1839//173 296//173
f 1839//174 1840//174 297//174
f 1846//175 1847//175 298//175
f 297//176 1845//176 298//176
f 1846//177 298//177 1845//177
f 1849//178 299//178 1848//178
f 2051//179 2052//179 302//179
f 2047//180 2048//180 301//180
f 2050//181 2051//181 302//181
f 1858//182 293//182 303//182
f 1296//183 298//183 299//183
f 218//184 210//184 217//184
f 1444//185 218//185 1443//185
f 1444//186 304//186 218//186
f 218//187 217//187 1443//187
f 218//188 211//188 210//188
f 211//189 218//189 304//189
f 459//190 304//190 460//190
f 211//191 311//191 19//191
f 308//192 306//192 305//192
f 309//193 306//193 308//193
f 309//194 310//194 307//194
f 309//195 307//195 306//195
f 2083//196 305//196 306//196
f 311//197 211//197 459//197
f 202//198 203//198 313//198
f 312//199 202//199 313//199
f 203//200 314//200 313//200
f 204//201 314//201 203//201
f 1545//202 312//202 313//202
f 229//203 1084//203 228//203
f 1085//204 229//204 230//204
f 1084//205 229//205 1085//205
f 1096//206 231//206 315//206
f 323//207 205//207 324//207
f 204//208 205//208 323//208
f 323//209 314//209 204//209
f 251//210 321//210 250//210
f 207//211 1567//211 322//211
f 321//212 251//212 322//212
f 208//213 206//213 1562//213
f 324//214 205//214 249//214
f 325//215 249//215 250//215
f 324//216 249//216 325//216
f 325//217 250//217 321//217
f 246//218 1808//218 245//218
f 327//219 245//219 241//219
f 246//220 327//220 328//220
f 326//221 246//221 328//221
f 246//222 245//222 327//222
f 265//223 266//223 261//223
f 265//224 261//224 256//224
f 261//225 266//225 330//225
f 266//226 442//226 330//226
f 336//227 330//227 442//227
f 315//228 231//228 2105//228
f 316//229 1097//229 315//229
f 1097//230 316//230 1098//230
f 317//231 1098//231 316//231
f 1098//232 317//232 1173//232
f 318//233 1173//233 317//233
f 320//234 1177//234 319//234
f 333//235 319//235 332//235
f 319//236 333//236 320//236
f 333//237 350//237 320//237
f 332//238 319//238 318//238
f 1364//239 296//239 297//239
f 292//240 334//240 1465//240
f 301//241 1560//241 337//241
f 1561//242 301//242 302//242
f 339//243 206//243 1875//243
f 311//244 459//244 340//244
f 16//245 19//245 361//245
f 147//246 311//246 340//246
f 374//247 286//247 285//247
f 368//248 286//248 374//248
f 287//249 368//249 369//249
f 328//250 329//250 326//250
f 329//251 595//251 326//251
f 329//252 596//252 595//252
f 341//253 342//253 243//253
f 341//254 243//254 242//254
f 342//255 244//255 243//255
f 343//256 244//256 342//256
f 233//257 244//257 343//257
f 233//258 343//258 344//258
f 344//259 345//259 234//259
f 346//260 235//260 345//260
f 518//261 342//261 341//261
f 520//262 344//262 343//262
f 346//263 345//263 348//263
f 349//264 2002//264 346//264
f 241//265 240//265 490//265
f 523//266 329//266 522//266
f 347//267 345//267 344//267
f 347//268 348//268 345//268
f 346//269 348//269 349//269
f 144//270 351//270 350//270
f 144//271 227//271 351//271
f 350//272 351//272 331//272
f 350//273 331//273 320//273
f 357//274 356//274 359//274
f 357//275 359//275 360//275
f 359//276 358//276 2082//276
f 2082//277 2083//277 359//277
f 360//278 359//278 2083//278
f 2084//279 2114//279 360//279
f 19//280 311//280 361//280
f 361//281 311//281 147//281
f 500//282 499//282 361//282
f 361//283 147//283 500//283
f 504//284 358//284 355//284
f 355//285 358//285 356//285
f 358//286 359//286 356//286
f 340//287 148//287 147//287
f 365//288 340//288 528//288
f 340//289 365//289 148//289
f 365//290 450//290 149//290
f 365//291 149//291 148//291
f 370//292 289//292 288//292
f 291//293 290//293 372//293
f 291//294 372//294 375//294
f 291//295 375//295 292//295
f 334//296 292//296 376//296
f 368//297 287//297 286//297
f 288//298 369//298 370//298
f 370//299 371//299 289//299
f 371//300 372//300 290//300
f 289//301 371//301 290//301
f 562//302 370//302 369//302
f 374//303 285//303 373//303
f 375//304 565//304 376//304
f 565//305 566//305 376//305
f 375//306 376//306 292//306
f 566//307 377//307 376//307
f 334//308 376//308 377//308
f 378//309 335//309 377//309
f 378//310 732//310 335//310
f 377//311 335//311 334//311
f 378//312 737//312 732//312
f 371//313 379//313 372//313
f 374//314 560//314 368//314
f 561//315 369//315 368//315
f 562//316 369//316 561//316
f 563//317 371//317 370//317
f 379//318 371//318 563//318
f 379//319 564//319 372//319
f 375//320 372//320 564//320
f 564//321 565//321 375//321
f 563//322 1496//322 379//322
f 337//323 1559//323 338//323
f 1564//324 339//324 363//324
f 363//325 364//325 1565//325
f 1564//326 363//326 1565//326
f 383//327 384//327 382//327
f 381//327 382//327 384//327
f 384//327 385//327 381//327
f 385//327 386//327 381//327
f 386//327 387//327 381//327
f 387//327 388//327 381//327
f 380//327 381//327 388//327
f 389//327 399//327 388//327
f 390//327 399//327 389//327
f 391//327 399//327 390//327
f 392//327 395//327 391//327
f 396//327 391//327 395//327
f 397//327 391//327 396//327
f 392//327 413//327 395//327
f 398//327 391//327 397//327
f 399//327 391//327 398//327
f 380//327 388//327 399//327
f 394//327 395//327 413//327
f 393//327 394//327 413//327
f 400//327 401//327 402//327
f 400//327 402//327 403//327
f 400//327 403//327 404//327
f 400//327 404//327 405//327
f 400//327 405//327 406//327
f 400//327 406//327 407//327
f 400//327 407//327 408//327
f 400//327 408//327 409//327
f 400//327 409//327 410//327
f 418//327 410//327 412//327
f 411//327 412//327 410//327
f 410//327 393//327 413//327
f 413//327 414//327 410//327
f 414//327 415//327 410//327
f 415//327 416//327 410//327
f 416//327 417//327 410//327
f 411//327 410//327 417//327
f 420//327 410//327 419//327
f 421//327 410//327 420//327
f 422//327 410//327 421//327
f 423//327 410//327 422//327
f 424//327 410//327 423//327
f 425//327 410//327 424//327
f 426//327 410//327 425//327
f 427//327 410//327 426//327
f 400//327 410//327 427//327
f 418//327 419//327 410//327
f 1084//328 430//328 429//328
f 293//329 433//329 432//329
f 294//330 434//330 433//330
f 437//331 435//331 367//331
f 436//332 367//332 366//332
f 436//333 437//333 367//333
f 437//334 438//334 435//334
f 441//335 1831//335 440//335
f 336//336 442//336 443//336
f 362//337 336//337 443//337
f 444//338 362//338 443//338
f 444//339 445//339 439//339
f 444//340 439//340 362//340
f 446//341 445//341 66//341
f 65//341 66//341 445//341
f 67//28 497//28 66//28
f 445//342 440//342 439//342
f 438//343 308//343 305//343
f 438//344 305//344 435//344
f 367//345 2080//345 366//345
f 435//346 2081//346 367//346
f 531//347 534//347 451//347
f 450//348 531//348 451//348
f 451//349 534//349 452//349
f 150//350 450//350 451//350
f 452//351 151//351 451//351
f 451//352 151//352 150//352
f 310//353 457//353 458//353
f 1722//354 458//354 20//354
f 1535//355 1536//355 454//355
f 1535//356 454//356 453//356
f 456//357 1537//357 1467//357
f 456//358 455//358 1537//358
f 1467//359 457//359 456//359
f 458//360 457//360 1468//360
f 459//361 211//361 304//361
f 460//362 1541//362 461//362
f 461//363 462//363 529//363
f 303//364 293//364 432//364
f 434//365 294//365 200//365
f 434//366 200//366 447//366
f 448//367 447//367 201//367
f 433//368 464//368 432//368
f 465//369 433//369 434//369
f 464//370 433//370 465//370
f 466//371 465//371 434//371
f 447//372 466//372 434//372
f 448//373 467//373 447//373
f 141//374 541//374 540//374
f 220//375 542//375 219//375
f 1115//376 542//376 220//376
f 448//377 449//377 468//377
f 538//378 468//378 449//378
f 464//379 463//379 432//379
f 448//380 468//380 467//380
f 447//381 467//381 466//381
f 281//382 469//382 282//382
f 275//383 274//383 473//383
f 474//384 514//384 276//384
f 277//385 514//385 515//385
f 471//386 472//386 273//386
f 274//387 273//387 472//387
f 472//388 473//388 274//388
f 275//389 473//389 474//389
f 276//390 275//390 474//390
f 480//391 1386//391 479//391
f 481//392 1378//392 479//392
f 572//393 479//393 478//393
f 572//394 573//394 479//394
f 573//395 481//395 479//395
f 481//396 574//396 482//396
f 489//397 478//397 1388//397
f 475//398 490//398 240//398
f 241//399 490//399 491//399
f 327//400 241//400 491//400
f 491//401 521//401 327//401
f 493//402 349//402 348//402
f 492//403 348//403 347//403
f 348//404 492//404 493//404
f 494//405 349//405 493//405
f 43//406 34//406 494//406
f 349//407 494//407 34//407
f 475//408 42//408 495//408
f 495//409 490//409 475//409
f 446//410 440//410 445//410
f 497//411 441//411 446//411
f 497//412 498//412 441//412
f 497//413 553//413 498//413
f 446//414 441//414 440//414
f 553//415 497//415 67//415
f 498//416 1968//416 441//416
f 2102//417 357//417 360//417
f 16//418 361//418 499//418
f 227//419 16//419 499//419
f 227//420 499//420 713//420
f 501//421 147//421 148//421
f 501//422 500//422 147//422
f 148//423 505//423 501//423
f 502//424 2079//424 503//424
f 148//425 149//425 505//425
f 506//426 149//426 150//426
f 502//427 353//427 352//427
f 502//428 503//428 353//428
f 504//429 354//429 503//429
f 503//430 354//430 353//430
f 355//431 354//431 504//431
f 150//432 507//432 506//432
f 505//433 149//433 506//433
f 150//434 151//434 507//434
f 355//435 356//435 509//435
f 508//436 355//436 509//436
f 356//437 510//437 509//437
f 356//438 357//438 510//438
f 357//439 228//439 510//439
f 713//440 653//440 652//440
f 652//441 331//441 351//441
f 351//442 713//442 652//442
f 511//443 1969//443 498//443
f 282//444 469//444 470//444
f 470//445 283//445 282//445
f 471//446 283//446 470//446
f 283//447 471//447 273//447
f 880//448 279//448 879//448
f 280//449 279//449 880//449
f 879//450 279//450 278//450
f 516//451 280//451 880//451
f 280//238 516//238 281//238
f 516//452 469//452 281//452
f 673//453 515//453 514//453
f 495//454 496//454 490//454
f 496//455 491//455 490//455
f 517//456 491//456 496//456
f 521//457 491//457 517//457
f 342//458 518//458 519//458
f 519//459 343//459 342//459
f 343//460 519//460 520//460
f 520//461 347//461 344//461
f 521//462 522//462 328//462
f 329//463 328//463 522//463
f 521//464 328//464 327//464
f 524//465 519//465 518//465
f 520//466 519//466 525//466
f 524//467 525//467 519//467
f 520//468 525//468 526//468
f 526//469 347//469 520//469
f 526//470 492//470 347//470
f 517//471 527//471 521//471
f 527//472 522//472 521//472
f 460//473 461//473 528//473
f 459//474 460//474 528//474
f 528//475 340//475 459//475
f 528//476 461//476 529//476
f 365//477 528//477 529//477
f 529//478 450//478 365//478
f 529//479 531//479 450//479
f 455//480 456//480 308//480
f 457//481 309//481 456//481
f 309//482 308//482 456//482
f 310//483 309//483 457//483
f 531//484 462//484 530//484
f 530//485 534//485 531//485
f 462//486 531//486 529//486
f 532//487 1573//487 1586//487
f 1586//488 533//488 532//488
f 532//489 530//489 1573//489
f 534//490 530//490 532//490
f 532//491 533//491 535//491
f 534//492 532//492 535//492
f 535//493 452//493 534//493
f 454//494 437//494 453//494
f 436//494 453//494 437//494
f 438//495 437//495 455//495
f 454//495 455//495 437//495
f 455//496 308//496 438//496
f 538//497 449//497 139//497
f 139//498 539//498 538//498
f 539//499 140//499 540//499
f 541//500 616//500 540//500
f 541//501 219//501 542//501
f 463//502 464//502 615//502
f 466//503 545//503 465//503
f 539//504 540//504 614//504
f 611//505 610//505 467//505
f 468//506 611//506 467//506
f 541//507 617//507 616//507
f 617//508 541//508 542//508
f 463//509 615//509 543//509
f 1332//510 463//510 543//510
f 610//511 466//511 467//511
f 545//512 466//512 610//512
f 544//513 465//513 545//513
f 548//514 558//514 550//514
f 546//515 558//515 10//515
f 550//516 558//516 546//516
f 549//517 551//517 547//517
f 547//518 551//518 552//518
f 553//519 67//519 68//519
f 68//520 554//520 553//520
f 553//521 554//521 511//521
f 512//522 511//522 554//522
f 553//523 511//523 498//523
f 69//524 70//524 555//524
f 554//525 69//525 555//525
f 554//526 555//526 512//526
f 70//527 159//527 556//527
f 555//528 70//528 556//528
f 555//529 556//529 513//529
f 513//530 556//530 547//530
f 555//531 513//531 512//531
f 556//532 159//532 557//532
f 159//533 160//533 557//533
f 160//534 558//534 557//534
f 618//535 247//535 248//535
f 618//536 558//536 247//536
f 556//537 557//537 547//537
f 549//538 557//538 548//538
f 558//539 548//539 557//539
f 557//540 549//540 547//540
f 373//541 803//541 559//541
f 559//542 560//542 374//542
f 559//543 374//543 373//543
f 561//544 368//544 560//544
f 562//545 563//545 370//545
f 566//546 641//546 567//546
f 566//547 567//547 377//547
f 567//548 568//548 378//548
f 567//549 378//549 377//549
f 575//550 576//550 488//550
f 569//551 570//551 483//551
f 569//552 483//552 482//552
f 484//553 483//553 570//553
f 570//554 571//554 484//554
f 571//555 1083//555 428//555
f 571//556 428//556 484//556
f 508//557 509//557 570//557
f 508//558 570//558 569//558
f 509//559 571//559 570//559
f 573//560 574//560 481//560
f 574//561 569//561 482//561
f 574//562 573//562 666//562
f 489//563 488//563 576//563
f 575//564 488//564 487//564
f 576//565 577//565 489//565
f 572//566 478//566 577//566
f 577//567 478//567 489//567
f 576//568 575//568 954//568
f 487//569 486//569 1439//569
f 1439//570 575//570 487//570
f 584//571 581//571 582//571
f 583//572 582//572 679//572
f 583//573 584//573 582//573
f 583//574 585//574 584//574
f 585//575 583//575 679//575
f 584//576 585//576 586//576
f 585//577 587//577 586//577
f 585//578 679//578 587//578
f 587//579 588//579 586//579
f 514//580 474//580 586//580
f 590//581 522//581 527//581
f 590//582 591//582 523//582
f 523//583 522//583 590//583
f 978//584 523//584 591//584
f 524//585 723//585 525//585
f 724//585 525//585 723//585
f 724//14 725//14 525//14
f 602//586 597//586 537//586
f 452//587 152//587 151//587
f 1023//588 599//588 598//588
f 452//589 598//589 152//589
f 598//590 599//590 153//590
f 598//591 153//591 152//591
f 599//592 754//592 153//592
f 600//593 754//593 599//593
f 601//594 537//594 536//594
f 601//595 602//595 537//595
f 602//596 603//596 597//596
f 603//597 366//597 597//597
f 366//598 603//598 436//598
f 605//599 604//599 692//599
f 605//600 692//600 606//600
f 605//601 606//601 536//601
f 536//602 606//602 601//602
f 611//603 468//603 612//603
f 468//604 538//604 612//604
f 538//605 539//605 613//605
f 612//606 538//606 613//606
f 613//607 539//607 614//607
f 615//608 464//608 544//608
f 464//609 465//609 544//609
f 540//610 616//610 614//610
f 616//611 708//611 614//611
f 617//612 806//612 616//612
f 1404//613 1405//613 617//613
f 825//614 826//614 615//614
f 271//615 619//615 248//615
f 618//616 248//616 619//616
f 618//617 10//617 558//617
f 1600//618 271//618 272//618
f 619//619 271//619 1600//619
f 1590//620 619//620 1600//620
f 267//621 268//621 1712//621
f 1599//622 272//622 267//622
f 620//327 624//327 623//327
f 626//327 258//327 623//327
f 621//327 622//327 624//327
f 622//327 623//327 624//327
f 625//327 621//327 624//327
f 253//327 252//327 628//327
f 629//327 253//327 628//327
f 255//327 253//327 629//327
f 252//327 254//327 628//327
f 254//327 257//327 628//327
f 257//327 260//327 628//327
f 620//327 623//327 258//327
f 626//327 627//327 258//327
f 260//327 259//327 628//327
f 259//327 258//327 627//327
f 627//327 628//327 259//327
f 635//327 633//327 631//327
f 634//327 637//327 631//327
f 632//327 631//327 633//327
f 552//327 630//327 632//327
f 636//327 637//327 634//327
f 635//327 631//327 637//327
f 640//327 552//327 639//327
f 631//327 632//327 630//327
f 10//327 9//327 546//327
f 549//327 638//327 551//327
f 548//327 638//327 549//327
f 546//327 9//327 550//327
f 642//623 567//623 641//623
f 567//624 642//624 568//624
f 1498//625 1547//625 565//625
f 565//626 564//626 1498//626
f 568//627 642//627 643//627
f 804//628 568//628 643//628
f 1852//629 643//629 642//629
f 564//630 1497//630 1498//630
f 731//631 647//631 644//631
f 735//632 645//632 647//632
f 647//633 645//633 644//633
f 735//634 646//634 645//634
f 646//635 736//635 284//635
f 485//636 579//636 1514//636
f 1186//637 331//637 652//637
f 652//638 653//638 1187//638
f 1735//639 1737//639 579//639
f 659//640 775//640 660//640
f 686//641 294//641 657//641
f 293//642 657//642 294//642
f 200//643 658//643 659//643
f 508//644 569//644 667//644
f 666//645 665//645 352//645
f 352//646 353//646 666//646
f 353//647 354//647 667//647
f 667//648 666//648 353//648
f 508//649 667//649 354//649
f 354//650 355//650 508//650
f 326//651 595//651 1842//651
f 595//652 596//652 670//652
f 596//653 668//653 670//653
f 668//654 671//654 670//654
f 668//655 669//655 671//655
f 593//656 592//656 965//656
f 965//657 966//657 593//657
f 966//658 594//658 593//658
f 666//659 573//659 665//659
f 665//660 573//660 572//660
f 574//661 666//661 667//661
f 667//662 569//662 574//662
f 588//663 589//663 586//663
f 588//664 679//664 589//664
f 588//665 587//665 679//665
f 672//666 514//666 589//666
f 586//667 589//667 514//667
f 672//668 673//668 514//668
f 674//669 515//669 673//669
f 676//670 675//670 1229//670
f 680//671 675//671 676//671
f 1229//672 515//672 676//672
f 674//673 676//673 515//673
f 1295//674 675//674 1308//674
f 676//675 674//675 680//675
f 673//676 679//676 674//676
f 589//677 679//677 672//677
f 673//678 672//678 679//678
f 866//679 867//679 677//679
f 868//680 678//680 867//680
f 678//681 470//681 677//681
f 678//682 580//682 471//682
f 580//683 472//683 471//683
f 584//684 473//684 581//684
f 586//685 474//685 584//685
f 474//686 473//686 584//686
f 868//687 869//687 678//687
f 677//688 867//688 678//688
f 873//689 580//689 869//689
f 678//689 869//689 580//689
f 679//690 683//690 674//690
f 660//691 783//691 661//691
f 661//692 2053//692 660//692
f 662//693 2054//693 661//693
f 686//694 687//694 294//694
f 659//695 201//695 200//695
f 200//696 294//696 658//696
f 201//697 659//697 660//697
f 201//698 660//698 2053//698
f 413//699 392//699 656//699
f 657//700 656//700 392//700
f 658//701 294//701 687//701
f 687//702 688//702 658//702
f 658//703 690//703 659//703
f 793//704 794//704 663//704
f 685//705 663//705 794//705
f 392//706 391//706 687//706
f 657//707 392//707 686//707
f 686//708 392//708 687//708
f 391//709 688//709 687//709
f 784//710 661//710 783//710
f 688//711 689//711 658//711
f 689//712 690//712 658//712
f 774//713 659//713 691//713
f 690//714 691//714 659//714
f 774//715 775//715 659//715
f 775//716 771//716 660//716
f 661//717 789//717 662//717
f 778//718 685//718 777//718
f 604//719 609//719 692//719
f 1016//720 606//720 692//720
f 754//721 600//721 827//721
f 827//722 600//722 844//722
f 608//723 609//723 693//723
f 609//724 604//724 693//724
f 608//725 693//725 697//725
f 969//726 970//726 705//726
f 705//727 970//727 706//727
f 887//728 888//728 545//728
f 612//729 1104//729 611//729
f 709//730 614//730 708//730
f 807//731 806//731 824//731
f 710//732 716//732 711//732
f 712//733 957//733 1429//733
f 227//734 713//734 351//734
f 499//735 500//735 714//735
f 714//736 713//736 499//736
f 715//737 500//737 501//737
f 714//738 500//738 715//738
f 714//739 653//739 713//739
f 716//740 715//740 501//740
f 714//741 664//741 653//741
f 501//742 505//742 716//742
f 715//743 664//743 714//743
f 715//744 716//744 710//744
f 717//745 711//745 716//745
f 715//746 710//746 664//746
f 506//747 717//747 505//747
f 718//748 506//748 507//748
f 717//749 716//749 505//749
f 717//750 506//750 718//750
f 712//751 717//751 718//751
f 717//752 712//752 711//752
f 548//327 550//327 638//327
f 9//327 638//327 550//327
f 639//327 552//327 638//327
f 640//327 630//327 552//327
f 551//327 638//327 552//327
f 1012//753 722//753 721//753
f 1050//754 720//754 719//754
f 526//14 525//14 725//14
f 492//755 526//755 725//755
f 724//756 723//756 1155//756
f 1154//757 1155//757 723//757
f 725//758 724//758 1152//758
f 1136//759 728//759 727//759
f 719//760 1134//760 1050//760
f 1152//761 1148//761 725//761
f 724//762 729//762 1152//762
f 651//763 649//763 648//763
f 649//764 651//764 730//764
f 730//765 731//765 650//765
f 730//766 650//766 649//766
f 731//767 644//767 650//767
f 731//768 730//768 871//768
f 1602//769 335//769 732//769
f 646//770 735//770 736//770
f 373//771 284//771 736//771
f 737//772 378//772 568//772
f 737//773 733//773 732//773
f 738//774 733//774 737//774
f 739//775 734//775 738//775
f 796//776 734//776 739//776
f 738//777 734//777 733//777
f 796//778 739//778 795//778
f 750//779 751//779 741//779
f 741//780 740//780 750//780
f 751//781 752//781 742//781
f 742//782 741//782 751//782
f 352//783 742//783 752//783
f 746//784 814//784 747//784
f 502//785 352//785 752//785
f 753//786 507//786 151//786
f 753//787 151//787 152//787
f 153//788 754//788 808//788
f 755//789 753//789 152//789
f 725//790 1149//790 726//790
f 984//791 762//791 756//791
f 1191//792 760//792 759//792
f 762//793 1189//793 756//793
f 1156//794 757//794 756//794
f 1202//795 758//795 757//795
f 756//796 1189//796 1156//796
f 760//797 1191//797 1192//797
f 1192//798 761//798 760//798
f 763//799 764//799 765//799
f 779//800 2024//800 778//800
f 778//801 2024//801 685//801
f 390//802 690//802 391//802
f 689//803 391//803 690//803
f 391//804 689//804 688//804
f 390//802 691//802 690//802
f 783//805 660//805 773//805
f 772//806 773//806 660//806
f 772//807 660//807 771//807
f 794//808 786//808 685//808
f 788//809 685//809 787//809
f 776//810 777//810 685//810
f 788//811 776//811 685//811
f 781//812 2024//812 780//812
f 780//813 2024//813 779//813
f 2024//814 781//814 782//814
f 2024//815 782//815 185//815
f 389//816 773//816 772//816
f 771//817 389//817 772//817
f 390//818 389//818 775//818
f 390//819 774//819 691//819
f 774//818 390//818 775//818
f 775//820 389//820 771//820
f 777//821 177//821 778//821
f 776//822 177//822 777//822
f 779//823 778//823 177//823
f 779//824 177//824 780//824
f 782//825 781//825 177//825
f 780//826 177//826 781//826
f 185//827 782//827 177//827
f 784//828 785//828 661//828
f 787//829 685//829 786//829
f 783//830 773//830 388//830
f 389//830 388//830 773//830
f 388//831 785//831 784//831
f 783//832 388//832 784//832
f 177//833 788//833 175//833
f 786//830 175//830 787//830
f 787//834 175//834 788//834
f 788//832 177//832 776//832
f 785//835 789//835 661//835
f 790//836 662//836 789//836
f 790//837 791//837 662//837
f 884//838 663//838 662//838
f 793//839 663//839 792//839
f 884//840 792//840 663//840
f 789//841 785//841 387//841
f 388//841 387//841 785//841
f 789//842 387//842 790//842
f 387//843 791//843 790//843
f 796//844 795//844 799//844
f 795//845 797//845 799//845
f 797//846 798//846 800//846
f 797//847 800//847 799//847
f 945//848 800//848 798//848
f 651//849 1160//849 870//849
f 871//850 730//850 870//850
f 730//851 651//851 870//851
f 735//852 801//852 802//852
f 735//853 802//853 736//853
f 801//854 735//854 647//854
f 802//855 803//855 736//855
f 373//856 736//856 803//856
f 568//857 804//857 737//857
f 738//858 737//858 804//858
f 804//859 859//859 738//859
f 1552//860 803//860 802//860
f 804//861 643//861 1803//861
f 152//862 153//862 755//862
f 153//863 808//863 755//863
f 807//864 616//864 806//864
f 2086//865 2087//865 752//865
f 752//866 751//866 2086//866
f 708//867 616//867 807//867
f 811//868 617//868 809//868
f 806//869 617//869 811//869
f 2092//870 750//870 810//870
f 809//871 822//871 811//871
f 823//872 824//872 806//872
f 708//873 807//873 826//873
f 811//874 823//874 806//874
f 613//875 1108//875 612//875
f 816//876 1108//876 613//876
f 816//877 613//877 817//877
f 614//878 817//878 613//878
f 817//879 614//879 819//879
f 709//880 819//880 614//880
f 819//881 1002//881 817//881
f 709//882 708//882 826//882
f 749//883 818//883 820//883
f 823//884 822//884 543//884
f 2090//885 815//885 814//885
f 824//886 823//886 543//886
f 1403//887 543//887 821//887
f 543//888 615//888 826//888
f 754//889 827//889 953//889
f 615//890 829//890 825//890
f 2089//891 814//891 813//891
f 2090//892 814//892 2089//892
f 824//893 543//893 826//893
f 844//894 828//894 827//894
f 805//895 842//895 831//895
f 833//896 973//896 704//896
f 831//897 833//897 1798//897
f 818//898 832//898 834//898
f 834//899 835//899 820//899
f 704//900 969//900 705//900
f 835//901 812//901 820//901
f 834//902 820//902 818//902
f 810//903 743//903 815//903
f 740//904 810//904 750//904
f 810//905 740//905 743//905
f 830//906 838//906 828//906
f 669//907 837//907 700//907
f 671//908 669//908 700//908
f 839//909 830//909 832//909
f 701//910 700//910 837//910
f 839//911 838//911 830//911
f 840//912 701//912 837//912
f 839//913 832//913 818//913
f 818//914 748//914 839//914
f 707//915 706//915 971//915
f 818//916 749//916 748//916
f 820//917 744//917 749//917
f 745//918 744//918 812//918
f 812//919 813//919 745//919
f 746//920 813//920 814//920
f 746//921 745//921 813//921
f 814//922 815//922 747//922
f 840//923 841//923 702//923
f 743//924 747//924 815//924
f 805//925 702//925 841//925
f 840//926 702//926 701//926
f 696//927 607//927 697//927
f 608//928 697//928 607//928
f 697//929 2089//929 696//929
f 697//930 693//930 2090//930
f 830//931 828//931 694//931
f 694//932 695//932 830//932
f 695//933 698//933 832//933
f 834//934 832//934 698//934
f 832//935 830//935 695//935
f 834//936 698//936 699//936
f 2088//937 843//937 696//937
f 844//938 694//938 828//938
f 1199//939 699//939 698//939
f 1200//940 843//940 699//940
f 845//941 2037//941 763//941
f 2033//942 769//942 768//942
f 134//699 763//699 99//699
f 766//943 849//943 846//943
f 766//944 846//944 847//944
f 849//945 766//945 850//945
f 852//946 851//946 767//946
f 766//947 767//947 850//947
f 855//948 856//948 768//948
f 901//949 262//949 904//949
f 764//950 848//950 765//950
f 847//951 848//951 766//951
f 764//951 766//951 848//951
f 765//952 848//952 99//952
f 100//706 99//706 848//706
f 846//707 100//707 847//707
f 848//706 847//706 100//706
f 851//953 850//953 767//953
f 770//954 262//954 914//954
f 901//955 902//955 262//955
f 100//802 849//802 101//802
f 846//956 849//956 100//956
f 850//957 101//957 849//957
f 851//958 101//958 850//958
f 853//959 852//959 767//959
f 911//960 920//960 908//960
f 769//961 908//961 768//961
f 262//962 902//962 914//962
f 263//963 904//963 262//963
f 851//820 852//820 101//820
f 102//818 101//818 852//818
f 853//964 102//964 852//964
f 767//965 768//965 856//965
f 684//966 861//966 858//966
f 864//967 865//967 858//967
f 804//968 1803//968 859//968
f 858//969 865//969 677//969
f 860//970 861//970 684//970
f 862//971 739//971 859//971
f 860//972 679//972 861//972
f 862//973 795//973 739//973
f 862//974 877//974 795//974
f 683//975 863//975 684//975
f 859//976 739//976 738//976
f 684//977 863//977 860//977
f 864//978 858//978 861//978
f 801//979 1551//979 802//979
f 865//980 866//980 677//980
f 1803//981 1804//981 859//981
f 859//982 1804//982 862//982
f 731//983 871//983 872//983
f 872//984 801//984 647//984
f 647//985 731//985 872//985
f 1548//986 871//986 870//986
f 871//987 1548//987 1549//987
f 580//988 873//988 874//988
f 1549//989 872//989 871//989
f 874//990 873//990 875//990
f 877//991 862//991 1805//991
f 581//992 580//992 875//992
f 874//993 875//993 580//993
f 581//994 875//994 876//994
f 581//571 876//571 582//571
f 682//690 674//690 683//690
f 682//995 681//995 674//995
f 680//996 674//996 681//996
f 863//690 683//690 679//690
f 877//997 878//997 797//997
f 868//998 875//998 869//998
f 867//999 875//999 868//999
f 873//1000 869//1000 875//1000
f 875//1001 867//1001 866//1001
f 865//1002 864//1002 679//1002
f 861//1003 679//1003 864//1003
f 863//1004 679//1004 860//1004
f 866//1005 865//1005 679//1005
f 875//1006 866//1006 679//1006
f 875//1007 679//1007 876//1007
f 582//1008 876//1008 679//1008
f 877//1009 797//1009 795//1009
f 878//1010 798//1010 797//1010
f 681//1011 879//1011 680//1011
f 1308//1012 680//1012 879//1012
f 682//1013 880//1013 681//1013
f 878//1014 881//1014 798//1014
f 881//1015 1161//1015 946//1015
f 879//1016 681//1016 880//1016
f 946//1017 798//1017 881//1017
f 684//1018 880//1018 683//1018
f 682//1019 683//1019 880//1019
f 684//1020 858//1020 516//1020
f 880//1021 684//1021 516//1021
f 1549//1022 1550//1022 872//1022
f 677//1023 469//1023 858//1023
f 677//1024 470//1024 469//1024
f 516//1025 858//1025 469//1025
f 786//1026 794//1026 175//1026
f 176//1027 175//1027 794//1027
f 792//841 176//841 793//841
f 793//1028 176//1028 794//1028
f 662//1029 791//1029 884//1029
f 883//1030 884//1030 791//1030
f 885//1031 886//1031 884//1031
f 615//1032 544//1032 829//1032
f 882//1033 829//1033 544//1033
f 544//1034 545//1034 888//1034
f 884//1035 886//1035 889//1035
f 884//1036 892//1036 885//1036
f 889//1037 891//1037 884//1037
f 890//1038 885//1038 892//1038
f 883//1039 892//1039 884//1039
f 894//1038 884//1038 893//1038
f 891//1040 893//1040 884//1040
f 884//1041 894//1041 792//1041
f 387//1042 386//1042 791//1042
f 883//1043 791//1043 386//1043
f 386//1044 886//1044 885//1044
f 890//1045 386//1045 885//1045
f 891//1046 889//1046 164//1046
f 886//1038 164//1038 889//1038
f 892//1038 386//1038 890//1038
f 883//1047 386//1047 892//1047
f 176//1048 894//1048 164//1048
f 891//1042 164//1042 893//1042
f 893//1038 164//1038 894//1038
f 894//1047 176//1047 792//1047
f 886//1049 896//1049 903//1049
f 895//1049 903//1049 896//1049
f 897//1050 886//1050 903//1050
f 895//1051 896//1051 898//1051
f 903//1052 899//1052 897//1052
f 767//1053 856//1053 853//1053
f 768//1054 908//1054 900//1054
f 900//1055 857//1055 768//1055
f 855//1056 768//1056 857//1056
f 854//1057 769//1057 770//1057
f 854//1058 908//1058 769//1058
f 476//954 477//954 903//954
f 854//1059 770//1059 914//1059
f 917//1060 914//1060 902//1060
f 476//1061 903//1061 895//1061
f 903//1062 477//1062 905//1062
f 102//830 855//830 103//830
f 855//1063 857//1063 103//1063
f 903//1064 905//1064 991//1064
f 903//1065 991//1065 992//1065
f 853//1066 856//1066 102//1066
f 855//1067 102//1067 856//1067
f 900//1068 103//1068 857//1068
f 902//1067 901//1067 629//1067
f 901//1069 904//1069 629//1069
f 255//1070 629//1070 904//1070
f 906//1071 903//1071 992//1071
f 899//1072 903//1072 906//1072
f 907//1073 908//1073 909//1073
f 910//1074 909//1074 908//1074
f 995//1075 905//1075 1064//1075
f 996//1076 1074//1076 905//1076
f 907//1077 911//1077 908//1077
f 431//1078 476//1078 895//1078
f 908//1079 912//1079 910//1079
f 431//1080 895//1080 921//1080
f 913//1081 912//1081 854//1081
f 908//1064 854//1064 912//1064
f 896//1082 386//1082 898//1082
f 385//1083 898//1083 386//1083
f 854//1084 914//1084 915//1084
f 854//1085 915//1085 916//1085
f 918//1086 914//1086 917//1086
f 914//1087 918//1087 919//1087
f 914//1088 919//1088 915//1088
f 886//1089 386//1089 896//1089
f 900//1090 908//1090 920//1090
f 897//1091 899//1091 164//1091
f 897//1038 164//1038 886//1038
f 165//1083 164//1083 906//1083
f 899//1083 906//1083 164//1083
f 907//1092 909//1092 104//1092
f 909//1093 910//1093 104//1093
f 910//1094 912//1094 104//1094
f 104//841 103//841 907//841
f 922//1095 923//1095 895//1095
f 923//1096 1072//1096 895//1096
f 913//1097 104//1097 912//1097
f 895//1098 898//1098 922//1098
f 916//841 915//841 628//841
f 915//1099 919//1099 628//1099
f 919//1100 918//1100 628//1100
f 918//1101 917//1101 628//1101
f 900//1102 920//1102 103//1102
f 920//1103 911//1103 103//1103
f 911//1104 907//1104 103//1104
f 628//1105 917//1105 629//1105
f 902//1102 629//1102 917//1102
f 854//1106 924//1106 925//1106
f 926//1107 924//1107 854//1107
f 925//1108 913//1108 854//1108
f 854//1109 927//1109 926//1109
f 854//1110 916//1110 927//1110
f 627//1111 924//1111 926//1111
f 104//1042 913//1042 105//1042
f 925//1043 105//1043 913//1043
f 105//1111 925//1111 924//1111
f 627//1112 926//1112 927//1112
f 627//1048 927//1048 628//1048
f 628//1113 927//1113 916//1113
f 931//1114 1001//1114 932//1114
f 932//1115 1001//1115 934//1115
f 933//1116 929//1116 942//1116
f 934//1117 651//1117 648//1117
f 934//1118 648//1118 932//1118
f 1347//1119 933//1119 936//1119
f 937//1120 938//1120 27//1120
f 936//1121 944//1121 939//1121
f 937//1122 935//1122 1102//1122
f 1105//1123 940//1123 938//1123
f 933//1124 942//1124 943//1124
f 933//1125 943//1125 936//1125
f 943//1126 944//1126 936//1126
f 945//1127 798//1127 946//1127
f 948//1128 943//1128 947//1128
f 948//1129 924//1129 943//1129
f 944//1130 943//1130 950//1130
f 924//1131 950//1131 943//1131
f 950//1132 951//1132 944//1132
f 29//1133 800//1133 945//1133
f 948//1134 947//1134 105//1134
f 946//1135 997//1135 945//1135
f 997//1136 946//1136 949//1136
f 949//1137 952//1137 999//1137
f 106//1083 105//1083 947//1083
f 924//1089 948//1089 105//1089
f 945//1138 997//1138 30//1138
f 820//1139 812//1139 744//1139
f 754//1140 953//1140 808//1140
f 953//1141 827//1141 836//1141
f 827//1142 828//1142 836//1142
f 1068//1143 808//1143 953//1143
f 1073//1144 953//1144 836//1144
f 836//1145 828//1145 838//1145
f 576//1146 954//1146 955//1146
f 955//1147 577//1147 576//1147
f 955//1148 956//1148 577//1148
f 956//1149 572//1149 577//1149
f 956//1150 665//1150 572//1150
f 958//1151 1066//1151 959//1151
f 740//1152 741//1152 955//1152
f 955//1153 954//1153 740//1153
f 956//1154 955//1154 741//1154
f 741//1155 742//1155 956//1155
f 742//1156 352//1156 665//1156
f 665//1157 956//1157 742//1157
f 961//1158 954//1158 575//1158
f 747//1159 743//1159 961//1159
f 961//1160 960//1160 747//1160
f 954//1161 961//1161 743//1161
f 743//1162 740//1162 954//1162
f 744//1163 745//1163 962//1163
f 805//1164 841//1164 842//1164
f 842//1165 964//1165 831//1165
f 973//1166 833//1166 964//1166
f 964//1167 833//1167 831//1167
f 966//1168 967//1168 594//1168
f 967//1169 341//1169 242//1169
f 967//1170 242//1170 594//1170
f 968//1171 965//1171 592//1171
f 592//1172 703//1172 968//1172
f 706//1173 970//1173 971//1173
f 707//1174 971//1174 972//1174
f 972//1175 703//1175 707//1175
f 972//1176 968//1176 703//1176
f 470//1177 678//1177 471//1177
f 581//1178 472//1178 580//1178
f 472//75 581//75 473//75
f 969//1179 704//1179 973//1179
f 973//1180 1172//1180 969//1180
f 1304//1181 986//1181 1305//1181
f 841//1182 840//1182 1166//1182
f 1167//1183 842//1183 841//1183
f 523//1184 978//1184 596//1184
f 523//1185 596//1185 329//1185
f 596//1186 978//1186 668//1186
f 669//1187 980//1187 837//1187
f 1164//1188 837//1188 980//1188
f 965//1189 975//1189 966//1189
f 976//1190 966//1190 975//1190
f 967//1191 976//1191 977//1191
f 976//1192 967//1192 966//1192
f 977//1193 341//1193 967//1193
f 341//1194 977//1194 518//1194
f 979//1195 668//1195 978//1195
f 988//1196 979//1196 978//1196
f 1302//1197 1305//1197 986//1197
f 980//1198 669//1198 979//1198
f 979//1199 669//1199 668//1199
f 982//1200 998//1200 981//1200
f 984//1201 985//1201 976//1201
f 976//1202 985//1202 977//1202
f 975//1203 984//1203 976//1203
f 987//1204 977//1204 985//1204
f 518//1205 977//1205 987//1205
f 518//1206 987//1206 524//1206
f 982//1207 983//1207 998//1207
f 986//1208 1125//1208 974//1208
f 978//1209 591//1209 988//1209
f 983//1210 990//1210 998//1210
f 921//1211 1080//1211 430//1211
f 431//1212 921//1212 430//1212
f 1385//1213 1376//1213 981//1213
f 991//1214 905//1214 993//1214
f 986//1215 1304//1215 994//1215
f 993//1216 905//1216 995//1216
f 30//1217 29//1217 945//1217
f 1002//1218 819//1218 887//1218
f 999//1219 997//1219 949//1219
f 31//1220 30//1220 997//1220
f 888//1221 882//1221 544//1221
f 999//1222 31//1222 997//1222
f 1000//1223 1001//1223 931//1223
f 887//1224 545//1224 1002//1224
f 1000//1225 931//1225 930//1225
f 1158//1226 1159//1226 1001//1226
f 934//1227 1001//1227 1159//1227
f 1000//1228 1158//1228 1001//1228
f 952//1229 1003//1229 999//1229
f 999//1230 32//1230 31//1230
f 999//1231 1003//1231 32//1231
f 1003//1232 145//1232 32//1232
f 1003//1233 1004//1233 145//1233
f 1004//1234 1113//1234 1005//1234
f 146//1235 1004//1235 1005//1235
f 1006//1236 1717//1236 1005//1236
f 1720//1237 1717//1237 1006//1237
f 1005//1238 1717//1238 146//1238
f 1007//1239 1720//1239 1006//1239
f 935//1240 1110//1240 1102//1240
f 1008//1241 1110//1241 935//1241
f 924//1089 627//1089 950//1089
f 626//1242 950//1242 627//1242
f 626//1243 951//1243 950//1243
f 930//1244 941//1244 1011//1244
f 603//1245 602//1245 1010//1245
f 1012//1246 928//1246 722//1246
f 453//1247 436//1247 1013//1247
f 930//1248 1011//1248 1000//1248
f 1009//1249 1612//1249 1010//1249
f 1612//1250 1613//1250 1010//1250
f 1013//1251 1010//1251 1613//1251
f 1614//1252 453//1252 1013//1252
f 952//1253 1014//1253 1003//1253
f 1014//1254 1004//1254 1003//1254
f 1014//1255 1113//1255 1004//1255
f 1626//1256 1016//1256 1015//1256
f 944//1257 1022//1257 939//1257
f 1016//1258 1627//1258 1017//1258
f 1623//1259 1009//1259 1017//1259
f 939//1260 1022//1260 1629//1260
f 928//1261 1038//1261 1018//1261
f 1018//1262 929//1262 928//1262
f 1039//1263 1040//1263 1018//1263
f 1018//1264 942//1264 929//1264
f 951//1265 1033//1265 944//1265
f 1020//1266 944//1266 1019//1266
f 1020//1038 1021//1038 944//1038
f 1033//1267 1019//1267 944//1267
f 1021//1268 1025//1268 944//1268
f 533//1269 1023//1269 535//1269
f 1022//1270 944//1270 1041//1270
f 1025//1271 1041//1271 944//1271
f 533//1272 1024//1272 1023//1272
f 1024//1273 1663//1273 1026//1273
f 1028//1274 942//1274 1027//1274
f 1027//1275 942//1275 1029//1275
f 1049//1276 1029//1276 942//1276
f 1049//1277 942//1277 1018//1277
f 1032//1278 943//1278 1031//1278
f 1028//1279 1031//1279 942//1279
f 947//1280 943//1280 1032//1280
f 1023//1281 598//1281 535//1281
f 942//1282 1031//1282 943//1282
f 1030//1283 1035//1283 1026//1283
f 598//1284 452//1284 535//1284
f 1023//1285 1024//1285 1034//1285
f 1024//1286 1026//1286 1034//1286
f 1019//1287 626//1287 1020//1287
f 1020//1038 623//1038 1021//1038
f 1023//1288 1034//1288 599//1288
f 623//1289 1025//1289 1021//1289
f 1034//1290 1026//1290 1035//1290
f 1034//1291 1035//1291 600//1291
f 1034//1292 600//1292 599//1292
f 1009//1293 1010//1293 602//1293
f 1009//1294 602//1294 601//1294
f 1028//1295 1027//1295 106//1295
f 1013//1296 603//1296 1010//1296
f 1031//1297 1028//1297 106//1297
f 436//1298 603//1298 1013//1298
f 107//1299 106//1299 1029//1299
f 947//1300 1032//1300 106//1300
f 1027//1297 1029//1297 106//1297
f 1030//1301 1036//1301 1035//1301
f 1031//1302 106//1302 1032//1302
f 623//1303 1020//1303 626//1303
f 1033//1297 626//1297 1019//1297
f 626//1299 1033//1299 951//1299
f 1050//1304 1037//1304 720//1304
f 1037//1305 721//1305 720//1305
f 1012//1306 721//1306 1037//1306
f 1037//1307 1124//1307 1012//1307
f 1053//1308 928//1308 1051//1308
f 1022//1309 1047//1309 1629//1309
f 1054//1310 1055//1310 1629//1310
f 1039//1311 1018//1311 1038//1311
f 1041//1312 1042//1312 1022//1312
f 1042//1313 1043//1313 1022//1313
f 1043//1314 1044//1314 1022//1314
f 1044//1315 1045//1315 1022//1315
f 1045//1316 1046//1316 1022//1316
f 1022//1317 1046//1317 1047//1317
f 1040//1318 1048//1318 1018//1318
f 1049//1319 1018//1319 1048//1319
f 1038//1320 108//1320 1039//1320
f 1048//1321 1040//1321 107//1321
f 108//1322 107//1322 1039//1322
f 1029//1322 1049//1322 107//1322
f 1042//1323 1041//1323 623//1323
f 622//1324 1045//1324 623//1324
f 1025//1325 623//1325 1041//1325
f 1042//1326 623//1326 1043//1326
f 1043//1323 623//1323 1044//1323
f 1044//1327 623//1327 1045//1327
f 622//1325 1047//1325 1046//1325
f 1045//1328 622//1328 1046//1328
f 1039//1329 107//1329 1040//1329
f 1048//1330 107//1330 1049//1330
f 1130//1331 1037//1331 1129//1331
f 1130//1332 1131//1332 1037//1332
f 1051//1333 1012//1333 1052//1333
f 1052//1334 1012//1334 1126//1334
f 1038//1335 928//1335 1053//1335
f 1012//1336 1051//1336 928//1336
f 1127//1337 1629//1337 1056//1337
f 1054//1338 1629//1338 1047//1338
f 1051//1339 108//1339 1053//1339
f 1055//1340 1054//1340 622//1340
f 621//1341 1055//1341 622//1341
f 621//1342 1056//1342 1055//1342
f 1052//1343 109//1343 1051//1343
f 1038//1344 1053//1344 108//1344
f 108//1345 1051//1345 109//1345
f 1047//1346 622//1346 1054//1346
f 1128//1347 1037//1347 1050//1347
f 745//1348 746//1348 963//1348
f 963//1349 962//1349 745//1349
f 960//1350 963//1350 746//1350
f 746//1351 747//1351 960//1351
f 1062//1352 748//1352 1063//1352
f 1063//1353 748//1353 749//1353
f 1058//1354 749//1354 744//1354
f 962//1355 963//1355 1514//1355
f 1060//1356 1061//1356 1526//1356
f 1078//1357 1062//1357 1061//1357
f 1061//1358 1062//1358 1527//1358
f 1058//1359 1063//1359 749//1359
f 744//1360 962//1360 1058//1360
f 1065//1361 507//1361 753//1361
f 1065//1362 753//1362 1066//1362
f 753//1363 755//1363 1066//1363
f 1064//1364 905//1364 1074//1364
f 718//1365 957//1365 712//1365
f 718//1366 507//1366 1065//1366
f 1065//1367 957//1367 718//1367
f 1065//1368 1066//1368 958//1368
f 384//1299 923//1299 385//1299
f 922//1299 385//1299 923//1299
f 898//1299 385//1299 922//1299
f 1065//1369 958//1369 957//1369
f 1066//1370 755//1370 1067//1370
f 808//1371 1067//1371 755//1371
f 991//1372 993//1372 165//1372
f 993//1373 995//1373 165//1373
f 992//1374 991//1374 165//1374
f 906//1038 992//1038 165//1038
f 1066//1375 1067//1375 959//1375
f 166//1376 165//1376 995//1376
f 1067//1377 808//1377 1068//1377
f 995//1378 1064//1378 166//1378
f 1069//1379 1070//1379 921//1379
f 1070//1380 1082//1380 921//1380
f 1069//1381 921//1381 1071//1381
f 1072//1382 1071//1382 921//1382
f 1067//1383 1068//1383 1057//1383
f 921//1095 895//1095 1072//1095
f 428//1384 429//1384 1250//1384
f 1067//1385 1057//1385 959//1385
f 1080//1386 429//1386 430//1386
f 953//1387 1073//1387 1068//1387
f 1068//1388 1059//1388 1057//1388
f 1059//1389 1068//1389 1073//1389
f 836//1390 838//1390 1075//1390
f 1088//1391 1089//1391 1181//1391
f 838//1392 1078//1392 1075//1392
f 996//1393 1076//1393 1077//1393
f 1075//1394 1073//1394 836//1394
f 1074//1395 996//1395 1077//1395
f 1073//1396 1075//1396 1060//1396
f 383//1322 1070//1322 384//1322
f 1075//1397 1061//1397 1060//1397
f 1069//1398 1071//1398 384//1398
f 1075//1399 1078//1399 1061//1399
f 1071//1400 1072//1400 384//1400
f 1073//1401 1060//1401 1059//1401
f 1069//1322 384//1322 1070//1322
f 1078//1402 838//1402 839//1402
f 1072//1403 923//1403 384//1403
f 1074//1404 1077//1404 166//1404
f 167//1324 166//1324 1077//1324
f 1064//1322 1074//1322 166//1322
f 1078//1405 839//1405 748//1405
f 1076//1406 167//1406 1077//1406
f 1079//1407 1080//1407 1081//1407
f 1080//1408 921//1408 1082//1408
f 1078//1409 748//1409 1062//1409
f 1080//1410 1082//1410 1081//1410
f 1083//1411 429//1411 428//1411
f 1083//1412 1084//1412 429//1412
f 1079//1413 1086//1413 1080//1413
f 429//1414 1080//1414 1086//1414
f 1248//1415 429//1415 1086//1415
f 1089//1416 1091//1416 1181//1416
f 1087//1417 1181//1417 1091//1417
f 996//1418 1087//1418 1090//1418
f 1076//1419 996//1419 1090//1419
f 510//1420 228//1420 1083//1420
f 1090//1421 1087//1421 1092//1421
f 1094//1422 1092//1422 1087//1422
f 228//1423 1084//1423 1083//1423
f 1091//1424 1093//1424 1087//1424
f 1087//1425 1093//1425 1094//1425
f 571//1426 510//1426 1083//1426
f 1095//1427 1085//1427 230//1427
f 383//1345 382//1345 1079//1345
f 1081//1346 383//1346 1079//1346
f 1081//1428 1082//1428 383//1428
f 1070//1346 383//1346 1082//1346
f 382//1429 1086//1429 1079//1429
f 1076//1346 1090//1346 167//1346
f 1092//1430 1094//1430 167//1430
f 1090//1431 1092//1431 167//1431
f 1266//1432 1268//1432 1011//1432
f 1100//1433 1099//1433 611//1433
f 1000//1434 1011//1434 1268//1434
f 1268//1435 1158//1435 1000//1435
f 822//1436 1409//1436 821//1436
f 823//1437 811//1437 822//1437
f 1106//1438 940//1438 1105//1438
f 1106//1439 941//1439 940//1439
f 826//1440 825//1440 709//1440
f 819//1441 709//1441 825//1441
f 826//1442 807//1442 824//1442
f 825//1441 829//1441 819//1441
f 829//1443 882//1443 819//1443
f 882//1444 888//1444 819//1444
f 888//1445 887//1445 819//1445
f 1107//1446 1007//1446 1157//1446
f 610//1447 611//1447 1099//1447
f 1008//1448 1007//1448 1107//1448
f 1008//1449 1107//1449 1110//1449
f 937//1450 1102//1450 1103//1450
f 938//1451 937//1451 1103//1451
f 611//1452 1101//1452 1100//1452
f 1105//1453 938//1453 1103//1453
f 1101//1454 611//1454 1104//1454
f 941//1455 1106//1455 1011//1455
f 1109//1456 1002//1456 1104//1456
f 1101//1457 1104//1457 1002//1457
f 1100//1458 1101//1458 1099//1458
f 1109//1459 612//1459 1108//1459
f 1109//1460 1104//1460 612//1460
f 1110//1461 1259//1461 1102//1461
f 816//1462 817//1462 1002//1462
f 1111//1463 1101//1463 1002//1463
f 1108//1464 816//1464 1002//1464
f 1116//1465 998//1465 990//1465
f 1264//1466 1105//1466 1103//1466
f 1111//1467 1002//1467 545//1467
f 1112//1468 1111//1468 610//1468
f 545//1469 610//1469 1111//1469
f 1266//1470 1011//1470 1106//1470
f 1099//1471 1112//1471 610//1471
f 1113//1472 1014//1472 1271//1472
f 1108//1473 1002//1473 1109//1473
f 1112//1474 1101//1474 1111//1474
f 1099//1475 1101//1475 1112//1475
f 998//1476 1235//1476 1234//1476
f 983//1477 982//1477 1376//1477
f 998//1478 1116//1478 1235//1478
f 1385//1479 981//1479 1380//1479
f 979//1480 988//1480 989//1480
f 277//439 515//439 1120//439
f 980//1481 989//1481 1121//1481
f 989//1482 980//1482 979//1482
f 758//1483 723//1483 524//1483
f 1126//1484 1012//1484 1124//1484
f 1124//1485 1037//1485 1123//1485
f 109//1486 1124//1486 110//1486
f 1052//1487 1126//1487 109//1487
f 1123//1488 110//1488 1124//1488
f 1124//1489 109//1489 1126//1489
f 1233//644 65//644 1125//644
f 1056//1490 621//1490 1127//1490
f 625//1491 1127//1491 621//1491
f 1128//1492 1050//1492 1132//1492
f 1128//1493 1129//1493 1037//1493
f 1131//1494 1123//1494 1037//1494
f 1130//1495 1129//1495 110//1495
f 1128//1496 111//1496 1129//1496
f 1131//1497 1130//1497 110//1497
f 111//1498 110//1498 1129//1498
f 110//1499 1123//1499 1131//1499
f 1133//1500 1132//1500 1050//1500
f 114//1501 111//1501 1133//1501
f 1132//1502 1133//1502 111//1502
f 1128//1503 1132//1503 111//1503
f 728//1504 1136//1504 1134//1504
f 1134//1505 719//1505 728//1505
f 1143//1506 1144//1506 1136//1506
f 1138//1507 1139//1507 1134//1507
f 1133//1508 1050//1508 1135//1508
f 1134//1509 1139//1509 1050//1509
f 1135//1510 1050//1510 1139//1510
f 114//1511 1133//1511 1135//1511
f 1145//1512 1146//1512 726//1512
f 726//1513 1146//1513 727//1513
f 1147//1514 727//1514 1146//1514
f 1136//1515 727//1515 1141//1515
f 1147//1516 1140//1516 727//1516
f 1138//1517 1134//1517 1137//1517
f 1134//1518 1136//1518 1137//1518
f 114//1519 1138//1519 115//1519
f 1135//1520 1139//1520 114//1520
f 1139//1521 1138//1521 114//1521
f 1137//1522 115//1522 1138//1522
f 1141//1523 727//1523 1140//1523
f 1142//1524 1143//1524 1136//1524
f 1136//1525 1141//1525 1142//1525
f 1137//1526 1136//1526 1144//1526
f 115//1527 1142//1527 116//1527
f 1140//1528 116//1528 1141//1528
f 1141//1529 116//1529 1142//1529
f 1143//1527 1142//1527 115//1527
f 1137//1530 1144//1530 115//1530
f 1143//1531 115//1531 1144//1531
f 1149//1532 1150//1532 726//1532
f 1145//1533 117//1533 1146//1533
f 1147//1534 1146//1534 116//1534
f 1140//1535 1147//1535 116//1535
f 117//1536 116//1536 1146//1536
f 1149//1537 725//1537 1148//1537
f 1151//1538 726//1538 1150//1538
f 726//1539 1151//1539 1145//1539
f 1148//1540 118//1540 1149//1540
f 117//1541 1151//1541 118//1541
f 1149//1542 118//1542 1150//1542
f 1145//1541 1151//1541 117//1541
f 1150//1543 118//1543 1151//1543
f 1148//1544 1152//1544 118//1544
f 112//1545 118//1545 1152//1545
f 729//1546 112//1546 1152//1546
f 729//1547 724//1547 1153//1547
f 729//1548 113//1548 112//1548
f 729//1548 1153//1548 113//1548
f 1155//1549 1153//1549 724//1549
f 1154//1550 113//1550 1155//1550
f 1154//1551 121//1551 113//1551
f 1153//1550 1155//1550 113//1550
f 1005//1552 1113//1552 1114//1552
f 1157//1553 1006//1553 1114//1553
f 1114//1554 1006//1554 1005//1554
f 1007//1555 1006//1555 1157//1555
f 1160//1556 651//1556 934//1556
f 934//1557 1159//1557 1160//1557
f 1161//1558 949//1558 946//1558
f 1161//1559 1162//1559 949//1559
f 1843//1560 1163//1560 1162//1560
f 1163//1561 952//1561 1162//1561
f 1162//1562 952//1562 949//1562
f 1554//1563 1160//1563 1159//1563
f 1263//1564 1103//1564 1102//1564
f 1263//1565 1264//1565 1103//1565
f 1265//1566 1105//1566 1264//1566
f 1105//1567 1265//1567 1106//1567
f 1121//1568 1164//1568 980//1568
f 840//1569 837//1569 1164//1569
f 970//1570 1168//1570 1169//1570
f 970//1571 969//1571 1168//1571
f 1169//1572 1165//1572 971//1572
f 972//1573 971//1573 1165//1573
f 971//1574 970//1574 1169//1574
f 1174//1575 972//1575 1165//1575
f 968//1576 972//1576 1174//1576
f 1170//1577 964//1577 842//1577
f 964//1578 1171//1578 973//1578
f 1171//1579 1172//1579 973//1579
f 1172//1580 1168//1580 969//1580
f 840//1581 1164//1581 1166//1581
f 1167//1582 841//1582 1166//1582
f 842//1583 1167//1583 1170//1583
f 1170//1584 1171//1584 964//1584
f 1097//1585 1096//1585 315//1585
f 319//1586 1176//1586 318//1586
f 1176//1587 1173//1587 318//1587
f 968//1588 1174//1588 1175//1588
f 968//1589 1175//1589 965//1589
f 965//1590 1175//1590 975//1590
f 230//1591 231//1591 1095//1591
f 1175//1592 1219//1592 975//1592
f 231//1593 1096//1593 1095//1593
f 1220//1594 1238//1594 1166//1594
f 1178//1595 1177//1595 320//1595
f 1036//1596 844//1596 1035//1596
f 1084//1597 1085//1597 430//1597
f 1095//1598 431//1598 1085//1598
f 430//1599 1085//1599 431//1599
f 1098//1600 1179//1600 1097//1600
f 1173//1601 1180//1601 1098//1601
f 1181//1602 1180//1602 1173//1602
f 319//1603 1177//1603 1176//1603
f 1178//1604 320//1604 331//1604
f 331//1605 1186//1605 1178//1605
f 1186//1606 1282//1606 1178//1606
f 431//1607 1095//1607 476//1607
f 1095//1608 1096//1608 476//1608
f 477//1609 476//1609 1096//1609
f 477//1610 1096//1610 1097//1610
f 1179//1611 477//1611 1097//1611
f 1098//1612 1180//1612 1179//1612
f 1181//1613 1173//1613 1176//1613
f 1179//1614 905//1614 477//1614
f 1179//1615 996//1615 905//1615
f 1176//1616 1182//1616 1181//1616
f 1177//1617 1182//1617 1176//1617
f 1183//1618 1182//1618 1177//1618
f 1184//1619 1181//1619 1182//1619
f 1178//1620 1183//1620 1177//1620
f 1185//1621 1182//1621 1183//1621
f 1179//961 1180//961 996//961
f 996//1622 1180//1622 1087//1622
f 1087//1623 1180//1623 1181//1623
f 169//1624 1181//1624 170//1624
f 169//1625 1088//1625 1181//1625
f 1184//1626 171//1626 1181//1626
f 1185//1627 1184//1627 1182//1627
f 170//1628 1181//1628 171//1628
f 1183//1629 1361//1629 1185//1629
f 1184//1630 172//1630 171//1630
f 172//1631 1184//1631 173//1631
f 174//1632 173//1632 1184//1632
f 652//1633 1187//1633 1186//1633
f 653//1634 1281//1634 1187//1634
f 1202//1635 757//1635 1156//1635
f 1017//1636 606//1636 1016//1636
f 1017//1637 1009//1637 601//1637
f 1154//1638 723//1638 1188//1638
f 1206//1639 1188//1639 723//1639
f 606//1640 1017//1640 601//1640
f 723//1641 758//1641 1206//1641
f 1227//1642 1226//1642 1156//1642
f 1191//1643 759//1643 1190//1643
f 761//138 1192//138 1193//138
f 1333//1644 1334//1644 1192//1644
f 762//1645 761//1645 1193//1645
f 762//1646 1193//1646 1189//1646
f 1196//1647 695//1647 1194//1647
f 1196//1648 1209//1648 1199//1648
f 1194//1649 695//1649 694//1649
f 1196//1650 698//1650 695//1650
f 698//1651 1196//1651 1199//1651
f 1200//1652 699//1652 1199//1652
f 843//1653 1200//1653 1201//1653
f 121//1654 1154//1654 1188//1654
f 1204//1655 758//1655 1203//1655
f 1202//1656 1221//1656 758//1656
f 696//1657 1201//1657 607//1657
f 1201//1658 696//1658 843//1658
f 1204//1659 1205//1659 758//1659
f 1210//1660 608//1660 607//1660
f 1210//1661 607//1661 1214//1661
f 1205//1662 1206//1662 758//1662
f 1201//1663 1214//1663 607//1663
f 1226//1664 1223//1664 1156//1664
f 1224//1665 1225//1665 1202//1665
f 1030//1666 1207//1666 1036//1666
f 1194//1667 1036//1667 1207//1667
f 1015//1668 1016//1668 692//1668
f 1015//1669 692//1669 609//1669
f 1208//1670 1207//1670 1673//1670
f 1208//1671 1194//1671 1207//1671
f 1208//1672 1196//1672 1194//1672
f 1208//1673 1209//1673 1196//1673
f 608//1674 1210//1674 1211//1674
f 1211//1675 609//1675 608//1675
f 1625//1676 1015//1676 1211//1676
f 1211//1677 1015//1677 609//1677
f 1199//1678 1209//1678 1212//1678
f 1212//1679 1213//1679 1200//1679
f 1200//1680 1213//1680 1201//1680
f 1212//1681 1200//1681 1199//1681
f 1201//1682 1213//1682 1214//1682
f 1210//1683 1624//1683 1211//1683
f 1211//1684 1624//1684 1625//1684
f 1209//1685 1208//1685 1674//1685
f 1212//1686 1209//1686 1703//1686
f 1214//1687 1634//1687 1210//1687
f 1210//1688 1634//1688 1624//1688
f 1036//1689 694//1689 844//1689
f 844//1690 600//1690 1035//1690
f 1036//1691 1194//1691 694//1691
f 1215//1692 21//1692 20//1692
f 1215//1693 1216//1693 21//1693
f 22//1694 1216//1694 1217//1694
f 212//1695 22//1695 1217//1695
f 1217//1696 1218//1696 212//1696
f 1280//1697 213//1697 1218//1697
f 213//1698 1280//1698 214//1698
f 215//1699 1285//1699 216//1699
f 1167//1700 1238//1700 1239//1700
f 1167//1701 1166//1701 1238//1701
f 1240//1702 1241//1702 1171//1702
f 1170//1703 1240//1703 1171//1703
f 1190//1704 1331//1704 1278//1704
f 1219//1705 984//1705 975//1705
f 1164//1706 1121//1706 1220//1706
f 1220//1707 1166//1707 1164//1707
f 762//1708 984//1708 1219//1708
f 1203//1709 122//1709 1204//1709
f 122//1710 121//1710 1204//1710
f 1204//1711 121//1711 1205//1711
f 1188//1710 1206//1710 121//1710
f 1205//1712 121//1712 1206//1712
f 1203//1713 758//1713 1221//1713
f 1202//1714 1222//1714 1221//1714
f 1223//1715 1224//1715 1202//1715
f 1202//1716 1156//1716 1223//1716
f 1222//1717 1202//1717 1225//1717
f 1262//1718 1156//1718 1189//1718
f 1189//1719 1193//1719 1267//1719
f 1221//1720 1222//1720 122//1720
f 1203//1721 1221//1721 122//1721
f 1223//1722 123//1722 1224//1722
f 122//1723 1225//1723 123//1723
f 1226//1724 123//1724 1223//1724
f 1224//1725 123//1725 1225//1725
f 1225//1726 122//1726 1222//1726
f 1261//1727 1262//1727 1189//1727
f 1228//1728 1227//1728 1156//1728
f 1262//1729 1228//1729 1156//1729
f 1337//1730 1338//1730 1192//1730
f 1193//1731 1269//1731 1267//1731
f 1329//1732 1198//1732 1197//1732
f 1119//1733 1118//1733 1314//1733
f 1118//1734 1117//1734 1313//1734
f 1313//1735 1314//1735 1118//1735
f 1119//1736 1315//1736 278//1736
f 974//1737 1229//1737 1298//1737
f 1295//1738 1297//1738 1229//1738
f 1120//1739 515//1739 1229//1739
f 1229//1740 974//1740 1122//1740
f 974//1741 1125//1741 1122//1741
f 1229//1742 1122//1742 1120//1742
f 986//1743 1233//1743 1125//1743
f 986//1744 994//1744 1233//1744
f 998//1745 1234//1745 994//1745
f 1233//1746 994//1746 1234//1746
f 1233//1747 66//1747 65//1747
f 1234//1748 66//1748 1233//1748
f 1234//1749 1235//1749 67//1749
f 1235//1150 1680//1150 68//1150
f 1235//1149 68//1149 67//1149
f 1234//1750 67//1750 66//1750
f 1232//1751 1231//1751 1311//1751
f 1311//1752 1312//1752 1232//1752
f 1312//1753 1313//1753 1117//1753
f 1117//1754 1232//1754 1312//1754
f 1237//1755 1169//1755 1168//1755
f 1243//1756 1165//1756 1169//1756
f 1238//1757 1943//1757 1239//1757
f 1943//1758 1946//1758 1239//1758
f 1170//1759 1167//1759 1239//1759
f 1239//1760 1946//1760 1240//1760
f 1239//1761 1240//1761 1170//1761
f 1241//1762 1242//1762 1172//1762
f 1168//1763 1172//1763 1242//1763
f 1237//1764 1242//1764 1967//1764
f 1241//1765 1172//1765 1171//1765
f 1242//1766 1237//1766 1168//1766
f 1967//1767 1837//1767 1237//1767
f 1237//1768 1243//1768 1169//1768
f 1165//1769 1243//1769 1244//1769
f 1244//1770 1245//1770 1174//1770
f 1244//1771 760//1771 1245//1771
f 1244//1772 1174//1772 1165//1772
f 1175//1773 1174//1773 1245//1773
f 1219//1774 1175//1774 1245//1774
f 168//1775 167//1775 1089//1775
f 1094//1776 1093//1776 167//1776
f 1088//1342 168//1342 1089//1342
f 1091//1777 1089//1777 167//1777
f 1093//1778 1091//1778 167//1778
f 1246//1384 1247//1384 429//1384
f 1247//1779 1250//1779 429//1779
f 429//1780 1248//1780 1246//1780
f 381//1488 1247//1488 1246//1488
f 1248//1781 381//1781 1246//1781
f 1086//1486 382//1486 1248//1486
f 381//1486 1248//1486 382//1486
f 1088//1489 169//1489 168//1489
f 484//1782 428//1782 1251//1782
f 428//1783 1250//1783 1249//1783
f 380//1498 1249//1498 381//1498
f 1250//1497 381//1497 1249//1497
f 1247//1784 381//1784 1250//1784
f 484//1785 1251//1785 1252//1785
f 1252//1786 1253//1786 484//1786
f 1249//1787 1251//1787 428//1787
f 380//1501 399//1501 1251//1501
f 1249//1788 380//1788 1251//1788
f 1251//1789 399//1789 1252//1789
f 1257//1790 1254//1790 484//1790
f 1254//1791 1255//1791 484//1791
f 483//1792 484//1792 1255//1792
f 1255//1793 1256//1793 483//1793
f 399//1511 1253//1511 1252//1511
f 1355//1794 1356//1794 483//1794
f 1356//1795 1375//1795 483//1795
f 1256//1796 1355//1796 483//1796
f 484//1797 1258//1797 1257//1797
f 1253//1798 1258//1798 484//1798
f 1254//1519 398//1519 1255//1519
f 1256//1799 1255//1799 398//1799
f 1257//1800 399//1800 1254//1800
f 1258//1801 399//1801 1257//1801
f 1253//1802 399//1802 1258//1802
f 398//1519 1254//1519 399//1519
f 952//1803 1163//1803 1014//1803
f 1279//1804 1157//1804 1114//1804
f 1226//1805 124//1805 123//1805
f 1228//1806 124//1806 1227//1806
f 124//1805 1226//1805 1227//1805
f 1189//1807 1267//1807 1260//1807
f 1110//1808 1354//1808 1259//1808
f 1260//1809 1261//1809 1189//1809
f 1107//1810 1354//1810 1110//1810
f 1259//1811 1263//1811 1102//1811
f 1331//1812 1190//1812 1198//1812
f 1106//1813 1265//1813 1266//1813
f 1261//1814 125//1814 1262//1814
f 124//1815 1262//1815 125//1815
f 1260//1816 125//1816 1261//1816
f 1228//1817 1262//1817 124//1817
f 1270//1818 1269//1818 1193//1818
f 1272//1819 1270//1819 1193//1819
f 1190//1820 1278//1820 1191//1820
f 1334//1821 1273//1821 1193//1821
f 1193//1822 1192//1822 1334//1822
f 1263//1823 1259//1823 1798//1823
f 1163//1824 1271//1824 1014//1824
f 125//1825 1260//1825 126//1825
f 1267//1826 126//1826 1260//1826
f 1113//1827 1271//1827 1275//1827
f 1270//1828 126//1828 1269//1828
f 1267//1829 1269//1829 126//1829
f 1337//1830 1192//1830 1191//1830
f 1333//1831 1192//1831 1338//1831
f 1274//1832 1193//1832 1273//1832
f 1272//1833 1193//1833 1276//1833
f 1274//1834 1276//1834 1193//1834
f 636//1835 1277//1835 1978//1835
f 1335//1836 1978//1836 1277//1836
f 1336//1837 1195//1837 1335//1837
f 1275//1838 1114//1838 1113//1838
f 1187//1839 1283//1839 1186//1839
f 664//1840 1281//1840 653//1840
f 509//1841 510//1841 571//1841
f 1183//1842 1178//1842 1282//1842
f 1186//1843 1283//1843 1282//1843
f 1187//1844 1281//1844 1289//1844
f 1280//1845 1218//1845 1318//1845
f 1318//1846 1319//1846 1280//1846
f 1284//1847 214//1847 1280//1847
f 215//1848 1284//1848 1285//1848
f 1284//1849 1280//1849 1319//1849
f 1284//1850 215//1850 214//1850
f 1327//1851 1285//1851 1321//1851
f 220//1852 221//1852 1115//1852
f 221//1853 1286//1853 1115//1853
f 222//1854 223//1854 1287//1854
f 223//1855 1353//1855 1287//1855
f 1286//1856 222//1856 1287//1856
f 223//1857 224//1857 1353//1857
f 1287//1858 1369//1858 1286//1858
f 298//1859 1296//1859 1288//1859
f 1283//1860 1187//1860 1289//1860
f 1281//1861 664//1861 1290//1861
f 664//1862 710//1862 1290//1862
f 710//1863 711//1863 1291//1863
f 1291//1864 1290//1864 710//1864
f 1292//1865 1291//1865 711//1865
f 1281//1866 1290//1866 1293//1866
f 711//1867 712//1867 1292//1867
f 1290//1868 1294//1868 1293//1868
f 1281//1869 1293//1869 1289//1869
f 1290//1870 1291//1870 1294//1870
f 1291//1871 1292//1871 1360//1871
f 1315//1872 1307//1872 879//1872
f 1229//1873 675//1873 1295//1873
f 680//1874 1308//1874 675//1874
f 1297//1875 1298//1875 1229//1875
f 1300//1876 974//1876 1298//1876
f 1300//1877 1301//1877 974//1877
f 986//1878 974//1878 1301//1878
f 432//1879 463//1879 1299//1879
f 1303//1880 1302//1880 986//1880
f 1301//1881 1303//1881 986//1881
f 1324//1882 1216//1882 1215//1882
f 1317//1883 1218//1883 1217//1883
f 1305//1884 1381//1884 1304//1884
f 1303//1885 1391//1885 1302//1885
f 1391//1886 1390//1886 1302//1886
f 1295//1887 1306//1887 1297//1887
f 1394//1888 1297//1888 1236//1888
f 1394//1889 1393//1889 1301//1889
f 1300//1890 1394//1890 1301//1890
f 1298//1891 1394//1891 1300//1891
f 1297//1892 1394//1892 1298//1892
f 1307//1893 1295//1893 1308//1893
f 1306//1894 1295//1894 1307//1894
f 1236//1895 1297//1895 1306//1895
f 1309//1896 994//1896 1304//1896
f 1309//1897 981//1897 994//1897
f 1304//1898 1381//1898 1309//1898
f 998//1899 994//1899 981//1899
f 981//1900 1309//1900 1380//1900
f 1381//1901 1380//1901 1309//1901
f 1305//1902 1302//1902 1390//1902
f 1310//1903 1311//1903 1231//1903
f 1310//1904 1231//1904 1230//1904
f 1119//1905 1314//1905 1315//1905
f 879//1906 278//1906 1315//1906
f 1310//1907 1316//1907 1311//1907
f 1318//1908 1218//1908 1317//1908
f 1320//1909 1284//1909 1319//1909
f 1285//1910 1284//1910 1320//1910
f 1285//1911 1320//1911 1321//1911
f 1216//1912 1324//1912 1325//1912
f 1325//1913 1217//1913 1216//1913
f 1325//1914 1317//1914 1217//1914
f 1322//1915 1327//1915 1321//1915
f 1326//1916 1444//1916 1323//1916
f 297//1917 298//1917 1288//1917
f 299//1918 1299//1918 1296//1918
f 1299//1919 299//1919 303//1919
f 432//1920 1299//1920 303//1920
f 1198//1921 1329//1921 1331//1921
f 1328//1922 1364//1922 1288//1922
f 1328//1923 1288//1923 1330//1923
f 1276//1924 1274//1924 126//1924
f 1272//1925 1276//1925 126//1925
f 1270//1926 1272//1926 126//1926
f 1328//1927 1367//1927 1364//1927
f 1288//1928 1296//1928 1330//1928
f 127//1929 1274//1929 1273//1929
f 127//1929 126//1929 1274//1929
f 634//1930 1277//1930 636//1930
f 1191//1931 1278//1931 1337//1931
f 1338//1730 1337//1730 1341//1730
f 1339//1932 1342//1932 1329//1932
f 1342//1933 1344//1933 1329//1933
f 1456//1934 1339//1934 1340//1934
f 1336//1935 1340//1935 1195//1935
f 1339//1936 1197//1936 1195//1936
f 1339//1937 1329//1937 1197//1937
f 1576//1938 1577//1938 1278//1938
f 1273//1939 1334//1939 127//1939
f 1334//1940 1333//1940 127//1940
f 119//1941 127//1941 1333//1941
f 634//1942 631//1942 1335//1942
f 634//1943 1335//1943 1277//1943
f 1335//1944 631//1944 1336//1944
f 119//1945 1333//1945 1338//1945
f 631//1946 1340//1946 1336//1946
f 1339//1947 1343//1947 1342//1947
f 1237//1948 1837//1948 1243//1948
f 761//1949 1219//1949 1245//1949
f 719//1950 43//1950 728//1950
f 719//1951 44//1951 43//1951
f 719//1952 720//1952 44//1952
f 720//1953 721//1953 45//1953
f 721//1954 232//1954 45//1954
f 44//1955 720//1955 45//1955
f 721//1956 722//1956 232//1956
f 36//1957 722//1957 1345//1957
f 722//1958 928//1958 1345//1958
f 232//1959 722//1959 36//1959
f 41//1960 40//1960 1349//1960
f 37//1961 1345//1961 1346//1961
f 929//1962 933//1962 1346//1962
f 1346//1963 933//1963 1347//1963
f 936//1964 1348//1964 1347//1964
f 1346//1965 1347//1965 38//1965
f 37//1966 1346//1966 38//1966
f 39//1967 1347//1967 1348//1967
f 39//1968 1348//1968 40//1968
f 1347//1969 39//1969 38//1969
f 40//1970 1348//1970 1349//1970
f 41//1971 1349//1971 1350//1971
f 1350//1972 42//1972 41//1972
f 1350//1973 1638//1973 1351//1973
f 1350//1974 1351//1974 42//1974
f 1345//1975 928//1975 929//1975
f 1346//1976 1345//1976 929//1976
f 1275//1977 1279//1977 1114//1977
f 1296//1978 1299//1978 1332//1978
f 258//1979 256//1979 620//1979
f 1546//1980 620//1980 256//1980
f 1299//1981 463//1981 1332//1981
f 1279//1982 1352//1982 1157//1982
f 1296//1983 1332//1983 1330//1983
f 1352//1984 1107//1984 1157//1984
f 482//1794 483//1794 1375//1794
f 1352//1985 1354//1985 1107//1985
f 397//1527 1355//1527 398//1527
f 1256//1986 398//1986 1355//1986
f 1359//1987 225//1987 226//1987
f 224//1988 225//1988 1358//1988
f 225//1989 1359//1989 1358//1989
f 1356//1527 1355//1527 397//1527
f 224//1990 1358//1990 1353//1990
f 1844//1991 1357//1991 1271//1991
f 1275//1992 1271//1992 1357//1992
f 1844//1993 1271//1993 1163//1993
f 1291//1994 1360//1994 1294//1994
f 1490//1995 1275//1995 1357//1995
f 1183//1996 1282//1996 1361//1996
f 1368//1997 1361//1997 1282//1997
f 297//1998 1288//1998 1364//1998
f 1363//1999 1362//1999 295//1999
f 295//2000 296//2000 1363//2000
f 1363//2001 296//2001 1364//2001
f 1282//2002 1283//2002 1368//2002
f 1358//2003 1396//2003 1353//2003
f 1365//582 1362//582 1366//582
f 1363//582 1366//582 1362//582
f 1363//2004 1364//2004 1366//2004
f 1367//2004 1366//2004 1364//2004
f 1353//2005 1370//2005 1287//2005
f 1369//2006 1287//2006 1370//2006
f 1358//2007 1397//2007 1396//2007
f 1668//2008 1669//2008 1359//2008
f 1372//2009 1373//2009 482//2009
f 1373//2010 1379//2010 482//2010
f 1316//1907 1371//1907 1311//1907
f 1372//2011 482//2011 1374//2011
f 482//2012 1375//2012 1374//2012
f 1374//2013 397//2013 1372//2013
f 1373//1533 1372//1533 396//1533
f 1375//2014 397//2014 1374//2014
f 396//1536 1372//1536 397//1536
f 1311//2015 1371//2015 1376//2015
f 397//2014 1375//2014 1356//2014
f 1377//2016 1378//2016 481//2016
f 481//2009 482//2009 1379//2009
f 1379//2017 1377//2017 481//2017
f 1382//2018 1312//2018 1381//2018
f 1380//2019 1381//2019 1312//2019
f 1378//1540 1377//1540 395//1540
f 1377//2020 1379//2020 395//2020
f 396//1541 395//1541 1379//1541
f 1373//2021 396//2021 1379//2021
f 1384//2022 1383//2022 479//2022
f 480//2023 479//2023 1383//2023
f 1384//2024 479//2024 1378//2024
f 480//2025 1383//2025 394//2025
f 395//1545 394//1545 1384//1545
f 1384//1546 394//1546 1383//1546
f 395//1545 1384//1545 1378//1545
f 1380//2026 1312//2026 1385//2026
f 478//2027 479//2027 1386//2027
f 478//2028 1389//2028 1387//2028
f 480//1548 394//1548 393//1548
f 1376//2029 1385//2029 1312//2029
f 1386//1548 480//1548 393//1548
f 1311//2030 1376//2030 1312//2030
f 478//2031 1386//2031 1389//2031
f 393//2032 1387//2032 1389//2032
f 393//2033 1389//2033 1386//2033
f 1313//2034 1382//2034 1390//2034
f 1312//2035 1382//2035 1313//2035
f 1699//2036 485//2036 1659//2036
f 1391//2037 1313//2037 1390//2037
f 1621//2038 486//2038 1617//2038
f 487//2039 1616//2039 1617//2039
f 1394//2040 1236//2040 1314//2040
f 1393//2041 1394//2041 1314//2041
f 487//2042 488//2042 1462//2042
f 1462//2043 1463//2043 487//2043
f 1392//2044 1393//2044 1314//2044
f 489//2045 1453//2045 488//2045
f 1306//2046 1315//2046 1236//2046
f 1464//2047 1462//2047 488//2047
f 1387//2048 1388//2048 478//2048
f 489//2049 1388//2049 1395//2049
f 489//2050 1395//2050 1457//2050
f 1314//2044 1391//2044 1392//2044
f 1370//2051 1425//2051 1369//2051
f 1370//2052 1353//2052 1396//2052
f 1426//2053 1427//2053 1396//2053
f 1396//2054 1427//2054 1370//2054
f 1358//2055 1359//2055 1397//2055
f 1395//2056 1388//2056 410//2056
f 410//1551 1388//1551 393//1551
f 1387//2057 393//2057 1388//2057
f 1775//2058 1436//2058 1397//2058
f 1404//2059 542//2059 1115//2059
f 486//2060 1659//2060 485//2060
f 617//2061 542//2061 1404//2061
f 1391//2062 1314//2062 1313//2062
f 1365//2063 1366//2063 1399//2063
f 1399//2064 1398//2064 1365//2064
f 1400//2065 1399//2065 1366//2065
f 1366//2066 1367//2066 1400//2066
f 1367//2067 1328//2067 1401//2067
f 1401//2068 1400//2068 1367//2068
f 1328//2069 1330//2069 1402//2069
f 1402//2070 1401//2070 1328//2070
f 1403//2071 1402//2071 1330//2071
f 1330//2072 1332//2072 1403//2072
f 1332//2073 543//2073 1403//2073
f 1115//2074 1407//2074 1404//2074
f 1405//2075 809//2075 617//2075
f 1115//2076 1286//2076 1407//2076
f 1405//2077 1404//2077 1406//2077
f 1369//2078 1407//2078 1286//2078
f 1409//2079 1404//2079 1408//2079
f 1404//2080 1409//2080 1406//2080
f 1408//2081 1404//2081 1407//2081
f 1412//2082 1407//2082 1411//2082
f 1407//2083 1369//2083 1410//2083
f 1410//2084 1411//2084 1407//2084
f 1369//2085 1413//2085 1410//2085
f 1407//2086 1412//2086 1408//2086
f 1410//2087 1418//2087 1411//2087
f 1411//2088 1417//2088 1412//2088
f 1406//2089 822//2089 1405//2089
f 1405//2090 822//2090 809//2090
f 1417//2091 1419//2091 1412//2091
f 1361//2092 1368//2092 2062//2092
f 1368//2093 1283//2093 1414//2093
f 1289//2094 1414//2094 1283//2094
f 1413//2095 1418//2095 1410//2095
f 1293//2096 1415//2096 1289//2096
f 1421//2097 1293//2097 1294//2097
f 1414//2098 1289//2098 1415//2098
f 1415//2099 1293//2099 1421//2099
f 822//2100 821//2100 543//2100
f 1417//2101 1411//2101 1418//2101
f 1525//2102 1416//2102 1431//2102
f 1419//2103 1420//2103 1408//2103
f 1408//2091 1412//2091 1419//2091
f 1424//2104 1294//2104 1360//2104
f 1421//2105 1294//2105 1424//2105
f 1417//2106 1418//2106 1401//2106
f 1401//2107 1419//2107 1417//2107
f 1418//2108 1416//2108 1401//2108
f 1401//2109 1402//2109 1419//2109
f 1420//2110 1419//2110 1402//2110
f 1422//2111 1420//2111 1402//2111
f 1421//2112 2068//2112 1415//2112
f 1423//2113 1422//2113 1403//2113
f 1402//2113 1403//2113 1422//2113
f 1403//2114 821//2114 1423//2114
f 1418//2115 1431//2115 1416//2115
f 1409//2116 1408//2116 1420//2116
f 1420//2117 1422//2117 1409//2117
f 1422//2118 1423//2118 1409//2118
f 1409//2119 1423//2119 821//2119
f 1409//2120 822//2120 1406//2120
f 712//2121 1429//2121 1292//2121
f 1413//2051 1369//2051 1425//2051
f 1360//2122 1292//2122 1428//2122
f 1430//2123 1370//2123 1427//2123
f 1432//2124 957//2124 958//2124
f 1396//2125 1433//2125 1426//2125
f 1292//2126 1429//2126 1428//2126
f 957//2127 1432//2127 1429//2127
f 1432//2128 958//2128 1434//2128
f 959//2129 1434//2129 958//2129
f 1370//2130 1430//2130 1431//2130
f 1370//2131 1431//2131 1425//2131
f 1429//2132 1432//2132 1437//2132
f 1433//2133 1396//2133 1435//2133
f 1396//2134 1397//2134 1435//2134
f 1360//2135 1428//2135 1702//2135
f 1428//2136 1429//2136 1437//2136
f 1436//2137 1435//2137 1397//2137
f 1428//2138 1437//2138 1705//2138
f 1433//2139 1521//2139 1426//2139
f 1435//2140 1521//2140 1433//2140
f 1436//2141 1521//2141 1435//2141
f 1775//2142 1521//2142 1436//2142
f 1413//2102 1425//2102 1418//2102
f 1437//2143 1432//2143 1438//2143
f 1434//2144 1438//2144 1432//2144
f 1439//2145 486//2145 1515//2145
f 1427//2146 1426//2146 1521//2146
f 1285//2147 1327//2147 216//2147
f 1442//2148 1542//2148 1541//2148
f 1327//2149 217//2149 216//2149
f 1322//2150 1323//2150 1443//2150
f 1327//2151 1322//2151 1443//2151
f 1327//2152 1443//2152 217//2152
f 1443//2153 1323//2153 1444//2153
f 1445//2154 1326//2154 1442//2154
f 1444//2155 1326//2155 1445//2155
f 1445//2156 304//2156 1444//2156
f 1442//2157 1541//2157 1445//2157
f 1541//2158 460//2158 1445//2158
f 1445//2159 460//2159 304//2159
f 1324//2160 1601//2160 1459//2160
f 1460//2161 1317//2161 1325//2161
f 1325//2162 1324//2162 1459//2162
f 1446//2163 1317//2163 1460//2163
f 1447//2164 1319//2164 1318//2164
f 1318//2165 1317//2165 1446//2165
f 1322//2166 1321//2166 1450//2166
f 1450//2167 1458//2167 1322//2167
f 1323//2168 1322//2168 1458//2168
f 1446//2169 1447//2169 1318//2169
f 1448//2170 1319//2170 1447//2170
f 1446//2171 286//2171 1447//2171
f 1448//2172 1449//2172 1320//2172
f 1448//2173 1320//2173 1319//2173
f 1450//2174 1321//2174 1449//2174
f 486//2175 1661//2175 1659//2175
f 1473//2176 1329//2176 1452//2176
f 1454//2177 488//2177 1453//2177
f 1464//2178 488//2178 1454//2178
f 489//2179 1455//2179 1453//2179
f 1449//2180 1321//2180 1320//2180
f 1451//2181 1343//2181 1339//2181
f 1456//2182 1451//2182 1339//2182
f 1455//2183 489//2183 1457//2183
f 1452//2184 1329//2184 1344//2184
f 579//2185 1732//2185 578//2185
f 1195//2186 1340//2186 1339//2186
f 1459//2187 1460//2187 1325//2187
f 284//2188 1460//2188 1459//2188
f 646//2189 284//2189 1459//2189
f 284//2190 285//2190 1460//2190
f 285//2191 1446//2191 1460//2191
f 285//2192 286//2192 1446//2192
f 1447//2193 286//2193 287//2193
f 287//2194 288//2194 1448//2194
f 287//2195 1448//2195 1447//2195
f 1448//2196 288//2196 1449//2196
f 1449//2197 288//2197 289//2197
f 1450//2198 1449//2198 289//2198
f 289//2199 290//2199 1450//2199
f 1455//2200 410//2200 1453//2200
f 290//2201 1458//2201 1450//2201
f 1454//1709 1453//1709 409//1709
f 290//2202 291//2202 1458//2202
f 409//1710 1453//1710 410//1710
f 1455//2203 1457//2203 410//2203
f 1395//2204 410//2204 1457//2204
f 1461//2205 1458//2205 291//2205
f 291//2206 292//2206 1461//2206
f 487//2207 1617//2207 486//2207
f 292//2208 1465//2208 1461//2208
f 1458//2209 1461//2209 1323//2209
f 654//2210 578//2210 1697//2210
f 1465//2211 334//2211 1466//2211
f 334//2212 335//2212 1466//2212
f 1461//2213 1465//2213 1326//2213
f 1323//2214 1461//2214 1326//2214
f 1442//2215 1465//2215 1466//2215
f 1442//2216 1326//2216 1465//2216
f 1467//2217 1468//2217 457//2217
f 458//2218 1468//2218 1469//2218
f 1329//2219 1578//2219 1331//2219
f 1471//2220 1278//2220 1470//2220
f 1337//2221 1278//2221 1471//2221
f 1471//2222 1472//2222 1337//2222
f 1472//2223 1341//2223 1337//2223
f 1472//2224 1471//2224 120//2224
f 119//2225 1341//2225 120//2225
f 1472//2226 120//2226 1341//2226
f 1344//2227 1342//2227 630//2227
f 1342//2228 1343//2228 630//2228
f 631//2229 630//2229 1343//2229
f 1343//2230 1451//2230 631//2230
f 1451//2231 1456//2231 631//2231
f 1340//2232 631//2232 1456//2232
f 1344//2233 630//2233 1452//2233
f 1470//2234 120//2234 1471//2234
f 1338//2235 1341//2235 119//2235
f 1470//2236 1278//2236 1577//2236
f 1452//2237 630//2237 1473//2237
f 1577//2238 136//2238 1470//2238
f 2021//2239 2022//2239 1475//2239
f 130//2240 129//2240 1474//2240
f 1475//2240 1474//2240 129//2240
f 2022//2241 2018//2241 1480//2241
f 1479//2242 2018//2242 1481//2242
f 2022//2243 1480//2243 1476//2243
f 2022//2244 1476//2244 1477//2244
f 2022//2245 1477//2245 1478//2245
f 131//2246 130//2246 1477//2246
f 1478//2247 1477//2247 130//2247
f 1476//2248 131//2248 1477//2248
f 1474//2248 1478//2248 130//2248
f 1481//2249 2018//2249 1482//2249
f 2019//2250 1485//2250 1484//2250
f 1479//2251 1481//2251 131//2251
f 1480//2252 1479//2252 131//2252
f 1476//2253 1480//2253 131//2253
f 1482//2254 132//2254 1481//2254
f 131//2255 1481//2255 132//2255
f 2018//2256 1483//2256 1482//2256
f 2018//2257 2019//2257 1483//2257
f 2019//2258 2037//2258 1487//2258
f 1486//2259 2037//2259 1488//2259
f 764//2260 763//2260 2037//2260
f 1489//2261 2037//2261 845//2261
f 1483//2262 1484//2262 132//2262
f 1482//2263 1483//2263 132//2263
f 133//2264 132//2264 1484//2264
f 1485//2265 133//2265 1484//2265
f 1486//2266 1487//2266 2037//2266
f 1488//2267 2037//2267 1489//2267
f 2019//2268 1487//2268 1485//2268
f 1485//2269 1487//2269 133//2269
f 1741//2270 1557//2270 1268//2270
f 1158//2271 1268//2271 1557//2271
f 1490//2272 1279//2272 1275//2272
f 1279//2273 1491//2273 1352//2273
f 1491//2274 1279//2274 1490//2274
f 1357//2275 700//2275 1490//2275
f 1491//2276 1490//2276 701//2276
f 1352//2277 1794//2277 1354//2277
f 1794//2278 1796//2278 1354//2278
f 1794//2279 1352//2279 1491//2279
f 1259//2280 1354//2280 1796//2280
f 1742//2281 1266//2281 1265//2281
f 1268//2282 1266//2282 1741//2282
f 1796//2283 1798//2283 1259//2283
f 1492//2284 560//2284 559//2284
f 1493//2285 560//2285 1492//2285
f 1493//2286 1494//2286 561//2286
f 1494//2287 562//2287 561//2287
f 1493//2288 561//2288 560//2288
f 1495//2289 563//2289 562//2289
f 564//2290 379//2290 1497//2290
f 1314//2291 1236//2291 1315//2291
f 1307//2292 1315//2292 1306//2292
f 1308//2293 879//2293 1307//2293
f 1316//2294 983//2294 1371//2294
f 1376//2295 1371//2295 983//2295
f 982//2296 981//2296 1376//2296
f 1303//2297 1392//2297 1391//2297
f 1390//2298 1382//2298 1305//2298
f 1381//2299 1305//2299 1382//2299
f 1303//2300 1393//2300 1392//2300
f 1303//2301 1301//2301 1393//2301
f 1500//2302 1116//2302 1499//2302
f 990//2303 1499//2303 1116//2303
f 1501//2304 1500//2304 1502//2304
f 1499//2305 1502//2305 1500//2305
f 1503//2306 1506//2306 1505//2306
f 1501//2307 1505//2307 1500//2307
f 1505//2308 1501//2308 1913//2308
f 1505//2308 1913//2308 1503//2308
f 983//2309 1924//2309 990//2309
f 1924//2310 1923//2310 990//2310
f 1503//2311 1504//2311 1506//2311
f 1504//2312 1507//2312 1506//2312
f 1500//2313 1505//2313 1506//2313
f 1913//2314 1920//2314 1507//2314
f 1507//2315 1504//2315 1913//2315
f 1504//2316 1503//2316 1913//2316
f 1919//2317 2012//2317 1508//2317
f 1507//2318 1508//2318 1681//2318
f 1508//2319 1509//2319 1681//2319
f 1506//2320 1507//2320 1681//2320
f 1510//2321 1809//2321 1509//2321
f 1439//2322 960//2322 961//2322
f 1439//2323 961//2323 575//2323
f 485//2324 1514//2324 1515//2324
f 1513//2325 1441//2325 1398//2325
f 486//2326 485//2326 1515//2326
f 1398//2327 1399//2327 1513//2327
f 1516//2328 1513//2328 1399//2328
f 963//2329 1515//2329 1514//2329
f 1515//2330 963//2330 960//2330
f 960//2331 1439//2331 1515//2331
f 1399//2332 1400//2332 1519//2332
f 1517//2333 1059//2333 1520//2333
f 1518//2334 1519//2334 1400//2334
f 1060//2335 1526//2335 1520//2335
f 1400//2336 1525//2336 1518//2336
f 1520//2337 1526//2337 1609//2337
f 1516//2338 1399//2338 1521//2338
f 1522//2339 1521//2339 1399//2339
f 1519//2340 1522//2340 1399//2340
f 1058//2341 1524//2341 1523//2341
f 1401//2342 1416//2342 1525//2342
f 1400//2342 1401//2342 1525//2342
f 1526//2343 1061//2343 1527//2343
f 1775//2344 1669//2344 1441//2344
f 1521//2345 1775//2345 1516//2345
f 1522//2346 1427//2346 1521//2346
f 1418//2347 1425//2347 1431//2347
f 1062//2348 1568//2348 1527//2348
f 1062//2349 1063//2349 1568//2349
f 1522//2350 1519//2350 1427//2350
f 1518//2351 1430//2351 1519//2351
f 1427//2352 1519//2352 1430//2352
f 1431//2353 1430//2353 1518//2353
f 1431//2354 1518//2354 1525//2354
f 1559//2355 1560//2355 1529//2355
f 1530//2356 1365//2356 1398//2356
f 1531//2357 1359//2357 226//2357
f 312//2358 1531//2358 226//2358
f 1468//2359 1533//2359 1469//2359
f 1215//2360 20//2360 1469//2360
f 1469//2361 20//2361 458//2361
f 1532//2362 1468//2362 1467//2362
f 1468//2363 1532//2363 1533//2363
f 1469//2364 1533//2364 1534//2364
f 1469//2365 1534//2365 1215//2365
f 1215//2366 1534//2366 1324//2366
f 1598//2367 1534//2367 1533//2367
f 1539//2368 1537//2368 1536//2368
f 1536//2369 455//2369 454//2369
f 455//2370 1536//2370 1537//2370
f 1538//2371 1536//2371 1535//2371
f 1538//2372 1539//2372 1536//2372
f 1539//2373 1540//2373 1537//2373
f 1467//2374 1540//2374 1532//2374
f 1540//2375 1467//2375 1537//2375
f 1596//2376 1532//2376 1540//2376
f 1544//2377 1570//2377 1543//2377
f 624//2378 620//2378 1546//2378
f 1547//2379 566//2379 565//2379
f 1638//2380 625//2380 1546//2380
f 624//2381 1546//2381 625//2381
f 1547//2382 1498//2382 1945//2382
f 641//2383 566//2383 1547//2383
f 1055//2384 1056//2384 1629//2384
f 1948//2385 641//2385 1547//2385
f 1495//2386 562//2386 1494//2386
f 625//2387 1638//2387 1127//2387
f 1495//2388 1496//2388 563//2388
f 1497//2389 379//2389 1496//2389
f 1492//2390 1938//2390 1493//2390
f 1851//2391 1852//2391 642//2391
f 642//2392 641//2392 1851//2392
f 1938//2393 1492//2393 235//2393
f 1495//2394 1941//2394 1496//2394
f 1496//2395 1942//2395 1497//2395
f 1549//2396 1548//2396 242//2396
f 242//2397 243//2397 1549//2397
f 1550//2398 243//2398 244//2398
f 244//2399 1551//2399 1550//2399
f 1550//2400 1549//2400 243//2400
f 233//2401 1552//2401 1551//2401
f 233//2402 234//2402 1552//2402
f 1553//2403 1552//2403 234//2403
f 234//2404 235//2404 1553//2404
f 1492//2405 1553//2405 235//2405
f 801//2406 872//2406 1550//2406
f 801//2407 1550//2407 1551//2407
f 1552//2408 802//2408 1551//2408
f 1553//2409 803//2409 1552//2409
f 803//2410 1553//2410 559//2410
f 1492//2411 559//2411 1553//2411
f 592//2412 593//2412 1554//2412
f 592//2413 1554//2413 1555//2413
f 1556//2414 593//2414 594//2414
f 1556//2415 1554//2415 593//2415
f 1556//2416 594//2416 1548//2416
f 594//2417 242//2417 1548//2417
f 1555//2418 1159//2418 1158//2418
f 1159//2419 1555//2419 1554//2419
f 1556//2420 1160//2420 1554//2420
f 1556//2421 1548//2421 870//2421
f 870//2422 1160//2422 1556//2422
f 312//2423 1545//2423 1531//2423
f 314//2424 1558//2424 313//2424
f 1545//2425 313//2425 1558//2425
f 1559//2426 1529//2426 1528//2426
f 1560//2427 1530//2427 1529//2427
f 1560//2428 1561//2428 1530//2428
f 1365//2429 1530//2429 1561//2429
f 1561//2430 1362//2430 1365//2430
f 337//2431 1560//2431 1559//2431
f 1561//2432 1560//2432 301//2432
f 302//2433 295//2433 1362//2433
f 302//2434 1362//2434 1561//2434
f 1528//2435 1566//2435 1559//2435
f 208//2436 1567//2436 207//2436
f 206//2437 339//2437 1563//2437
f 1562//2438 206//2438 1563//2438
f 1563//2439 339//2439 1564//2439
f 364//2440 1566//2440 1565//2440
f 338//2441 1566//2441 364//2441
f 338//2442 1559//2442 1566//2442
f 1567//2443 208//2443 1562//2443
f 323//2444 324//2444 1657//2444
f 324//1770 325//1770 1658//1770
f 1486//2445 1488//2445 134//2445
f 1489//2446 134//2446 1488//2446
f 1542//2447 1543//2447 1569//2447
f 1543//2448 1570//2448 1569//2448
f 1541//2449 1542//2449 1569//2449
f 134//2450 133//2450 1487//2450
f 1487//2451 1486//2451 134//2451
f 1489//2452 845//2452 134//2452
f 1541//2453 1569//2453 461//2453
f 765//2454 99//2454 763//2454
f 1569//2455 462//2455 461//2455
f 763//2456 134//2456 845//2456
f 1569//2457 1570//2457 462//2457
f 2020//2458 1572//2458 1571//2458
f 1570//2459 530//2459 462//2459
f 161//2460 162//2460 135//2460
f 135//2461 163//2461 128//2461
f 162//2462 163//2462 135//2462
f 1571//2463 128//2463 163//2463
f 1572//2464 128//2464 1571//2464
f 1570//2465 1544//2465 1573//2465
f 128//2466 1572//2466 129//2466
f 1475//2466 129//2466 1572//2466
f 1544//2467 1574//2467 1573//2467
f 1473//2468 1578//2468 1329//2468
f 1582//2469 1583//2469 1331//2469
f 1331//2470 1583//2470 1584//2470
f 1584//2471 1585//2471 1331//2471
f 1582//2472 1331//2472 1579//2472
f 1578//2473 1579//2473 1331//2473
f 1576//2474 1278//2474 1580//2474
f 1585//2475 1580//2475 1278//2475
f 1278//2476 1331//2476 1585//2476
f 1576//2477 136//2477 1577//2477
f 1580//2238 136//2238 1576//2238
f 120//2238 1470//2238 136//2238
f 1579//2238 1578//2238 640//2238
f 1473//2238 630//2238 640//2238
f 1473//2238 640//2238 1578//2238
f 530//2478 1570//2478 1573//2478
f 1574//2479 1575//2479 1586//2479
f 1573//2480 1574//2480 1586//2480
f 1580//2481 1585//2481 137//2481
f 1580//2482 137//2482 136//2482
f 1583//2483 1582//2483 639//2483
f 1587//2484 1575//2484 1581//2484
f 640//2485 639//2485 1582//2485
f 1579//2486 640//2486 1582//2486
f 1584//2487 1583//2487 137//2487
f 1586//2488 1575//2488 1587//2488
f 1584//2482 137//2482 1585//2482
f 1590//2489 1583//2489 1591//2489
f 1588//2490 1583//2490 1590//2490
f 533//2491 1586//2491 1587//2491
f 1587//2492 1024//2492 533//2492
f 1592//2493 1539//2493 1538//2493
f 1592//2494 1595//2494 1539//2494
f 1594//2495 1590//2495 1593//2495
f 1688//2496 1687//2496 1590//2496
f 1589//2497 1588//2497 1590//2497
f 1594//2498 1589//2498 1590//2498
f 1596//2499 1540//2499 1595//2499
f 5//2500 4//2500 1599//2500
f 1595//2501 1540//2501 1539//2501
f 1532//2502 1596//2502 1597//2502
f 1597//2503 1598//2503 1533//2503
f 1590//2504 1600//2504 1688//2504
f 1598//2505 1601//2505 1534//2505
f 1597//2506 1533//2506 1532//2506
f 1324//2507 1534//2507 1601//2507
f 1599//2508 1688//2508 1600//2508
f 648//2509 649//2509 1595//2509
f 1599//2510 267//2510 1712//2510
f 1592//2511 648//2511 1595//2511
f 1599//2512 1600//2512 272//2512
f 1596//2513 1595//2513 649//2513
f 649//2514 650//2514 1596//2514
f 1594//2515 1593//2515 137//2515
f 650//2516 644//2516 1597//2516
f 1597//2517 1596//2517 650//2517
f 1598//2518 1597//2518 644//2518
f 644//2519 645//2519 1598//2519
f 645//2520 646//2520 1601//2520
f 1601//2521 1598//2521 645//2521
f 1063//2522 1523//2522 1568//2522
f 1459//2523 1601//2523 646//2523
f 1524//2524 1058//2524 962//2524
f 1466//2525 335//2525 1602//2525
f 962//2526 1514//2526 1524//2526
f 1058//2527 1523//2527 1063//2527
f 1604//2528 733//2528 734//2528
f 1523//2529 1524//2529 578//2529
f 578//536 1524//536 579//536
f 1602//2530 1542//2530 1466//2530
f 1524//2531 1514//2531 579//2531
f 1603//2532 1602//2532 732//2532
f 1440//2533 1517//2533 1607//2533
f 1602//2534 1543//2534 1542//2534
f 1466//2535 1542//2535 1442//2535
f 732//2536 733//2536 1603//2536
f 959//2537 1057//2537 1440//2537
f 1440//2538 1434//2538 959//2538
f 1517//2539 1440//2539 1057//2539
f 1057//2540 1059//2540 1517//2540
f 1060//2541 1520//2541 1059//2541
f 1543//2542 1602//2542 1603//2542
f 1603//2543 733//2543 1604//2543
f 1604//2544 734//2544 1606//2544
f 1440//2545 1605//2545 1434//2545
f 1440//2546 1607//2546 1605//2546
f 1434//2547 1605//2547 1438//2547
f 1604//2548 1544//2548 1603//2548
f 1606//2549 734//2549 796//2549
f 578//2550 654//2550 1523//2550
f 1604//2551 1606//2551 1574//2551
f 1574//2552 1544//2552 1604//2552
f 1603//2553 1544//2553 1543//2553
f 796//2554 799//2554 1610//2554
f 1527//2555 1568//2555 655//2555
f 1568//2556 1523//2556 654//2556
f 654//619 655//619 1568//619
f 1605//2557 1607//2557 1711//2557
f 800//2558 1611//2558 799//2558
f 1575//2559 1574//2559 1606//2559
f 1520//2560 1608//2560 1517//2560
f 1517//2561 1608//2561 1607//2561
f 1740//2562 1607//2562 1608//2562
f 1611//2563 1610//2563 799//2563
f 1608//2564 1520//2564 1609//2564
f 1526//2565 1684//2565 1609//2565
f 1656//2566 1686//2566 655//2566
f 796//2567 1610//2567 1606//2567
f 1697//2568 1656//2568 654//2568
f 1606//2569 1610//2569 1575//2569
f 800//2570 29//2570 1611//2570
f 655//2571 654//2571 1656//2571
f 1610//2572 1611//2572 1581//2572
f 1463//2573 1462//2573 408//2573
f 1610//2574 1581//2574 1575//2574
f 409//1723 408//1723 1462//1723
f 1642//2575 1563//2575 1564//2575
f 1611//2576 1652//2576 1581//2576
f 1462//2577 1464//2577 409//2577
f 1454//2578 409//2578 1464//2578
f 1013//2579 1613//2579 1614//2579
f 1615//2580 1616//2580 487//2580
f 1619//2581 1620//2581 1614//2581
f 487//2582 1463//2582 1615//2582
f 1613//2583 1619//2583 1614//2583
f 1614//2584 1535//2584 453//2584
f 1612//2585 1618//2585 1613//2585
f 1618//2586 1619//2586 1613//2586
f 485//2587 1734//2587 579//2587
f 1655//2588 322//2588 1567//2588
f 1732//2589 579//2589 1737//2589
f 1535//2590 1614//2590 1620//2590
f 1655//2591 1567//2591 1639//2591
f 1535//2592 1620//2592 1538//2592
f 1567//2593 1562//2593 1639//2593
f 1566//2594 1622//2594 1565//2594
f 1661//2595 486//2595 1621//2595
f 1710//2596 1538//2596 1620//2596
f 1009//2597 1623//2597 1612//2597
f 1625//2598 1626//2598 1015//2598
f 1627//2599 1016//2599 1626//2599
f 1627//2600 1623//2600 1017//2600
f 1348//2601 936//2601 939//2601
f 1651//2602 1631//2602 1650//2602
f 1631//2603 1651//2603 1630//2603
f 1631//1038 1630//1038 1632//1038
f 1631//1038 1632//1038 1633//1038
f 1635//2604 256//2604 261//2604
f 1631//2605 1634//2605 1650//2605
f 1635//2606 261//2606 1733//2606
f 1634//1038 1633//1038 1632//1038
f 1635//2607 1546//2607 256//2607
f 1628//2608 1650//2608 1634//2608
f 1632//2609 1630//2609 1624//2609
f 1214//2610 1628//2610 1634//2610
f 939//2611 1629//2611 1349//2611
f 1546//2612 1640//2612 1638//2612
f 1629//2613 1350//2613 1349//2613
f 1634//2614 1632//2614 1624//2614
f 323//2615 1636//2615 314//2615
f 1623//2616 1644//2616 1637//2616
f 314//2617 1636//2617 1558//2617
f 939//2618 1349//2618 1348//2618
f 1637//2619 1612//2619 1623//2619
f 1636//2620 323//2620 1657//2620
f 1623//2621 1627//2621 1644//2621
f 1637//2622 1618//2622 1612//2622
f 1127//2623 1638//2623 1629//2623
f 1622//2624 1566//2624 1528//2624
f 1640//2625 1546//2625 1635//2625
f 1629//2626 1638//2626 1350//2626
f 1351//2627 1638//2627 1640//2627
f 1640//2628 1635//2628 1793//2628
f 1640//2629 1721//2629 1351//2629
f 725//2630 726//2630 492//2630
f 726//2631 727//2631 493//2631
f 1628//2632 1649//2632 1650//2632
f 726//2633 493//2633 492//2633
f 727//2634 494//2634 493//2634
f 727//2635 728//2635 494//2635
f 1630//2636 1651//2636 1624//2636
f 27//2637 1716//2637 1644//2637
f 1565//2638 1622//2638 1643//2638
f 1625//2639 1645//2639 1646//2639
f 1624//2640 1645//2640 1625//2640
f 1626//2641 1646//2641 1647//2641
f 1627//2642 1626//2642 1647//2642
f 1626//2643 1625//2643 1646//2643
f 1647//2644 1644//2644 1627//2644
f 1647//2645 27//2645 1644//2645
f 1648//2646 146//2646 1649//2646
f 1624//2647 1651//2647 1645//2647
f 1646//2648 1715//2648 1647//2648
f 1611//2649 29//2649 1652//2649
f 29//2650 30//2650 1653//2650
f 1663//2651 1581//2651 1652//2651
f 1652//2652 29//2652 1653//2652
f 1652//2653 1653//2653 1664//2653
f 1663//2654 1587//2654 1581//2654
f 30//2655 31//2655 1654//2655
f 1653//2656 30//2656 1654//2656
f 1622//2657 1811//2657 1643//2657
f 1615//2658 407//2658 1616//2658
f 1562//2659 1641//2659 1639//2659
f 1562//2660 1563//2660 1641//2660
f 1617//2661 1616//2661 407//2661
f 1463//2658 408//2658 1615//2658
f 1563//2662 1642//2662 1641//2662
f 407//1805 1615//1805 408//1805
f 1642//2663 1564//2663 1643//2663
f 1564//2664 1565//2664 1643//2664
f 1621//1806 1617//1806 407//1806
f 324//2665 1658//2665 1657//2665
f 1660//2666 1658//2666 325//2666
f 325//2667 321//2667 1660//2667
f 1660//2668 321//2668 1662//2668
f 1662//2669 321//2669 322//2669
f 1662//2670 322//2670 1655//2670
f 1587//2671 1663//2671 1024//2671
f 1663//2672 1652//2672 1664//2672
f 1653//2673 1665//2673 1664//2673
f 1653//2674 1654//2674 1665//2674
f 1026//2675 1663//2675 1664//2675
f 1664//2676 1665//2676 1030//2676
f 1664//2677 1030//2677 1026//2677
f 31//2678 1666//2678 1654//2678
f 31//2679 32//2679 1666//2679
f 1670//2680 1666//2680 32//2680
f 32//2681 145//2681 1670//2681
f 1670//2682 145//2682 1648//2682
f 1667//2683 1668//2683 1359//2683
f 1397//2684 1359//2684 1669//2684
f 1666//2685 1670//2685 1674//2685
f 1359//2686 1531//2686 1667//2686
f 1671//2687 1667//2687 1531//2687
f 1665//2688 1207//2688 1030//2688
f 1776//2689 1672//2689 1545//2689
f 1654//2690 1666//2690 1673//2690
f 1666//2691 1674//2691 1673//2691
f 1665//2692 1654//2692 1673//2692
f 1511//2693 1510//2693 2010//2693
f 2011//2694 2010//2694 1510//2694
f 1510//2695 1509//2695 2011//2695
f 1665//2696 1673//2696 1207//2696
f 1531//2697 1672//2697 1671//2697
f 1509//2698 1508//2698 2011//2698
f 1512//2699 1933//2699 1675//2699
f 1502//2700 1922//2700 1501//2700
f 1116//2701 1500//2701 1680//2701
f 1500//2702 1506//2702 1682//2702
f 1500//2703 1682//2703 1680//2703
f 1680//2704 1235//2704 1116//2704
f 1508//2705 1507//2705 1919//2705
f 1680//2706 69//2706 68//2706
f 1683//2707 1682//2707 1506//2707
f 1680//2708 1682//2708 69//2708
f 1506//2709 1681//2709 1683//2709
f 1683//2710 70//2710 1682//2710
f 1682//2711 70//2711 69//2711
f 1679//2712 1916//2712 1230//2712
f 1527//2713 1684//2713 1526//2713
f 1684//2504 1686//2504 1685//2504
f 1583//2714 1588//2714 137//2714
f 1588//2715 1589//2715 137//2715
f 638//2515 1591//2515 639//2515
f 1583//2515 639//2515 1591//2515
f 138//2515 137//2515 1593//2515
f 1589//2716 1594//2716 137//2716
f 1690//2717 1689//2717 1688//2717
f 1687//2718 1688//2718 1689//2718
f 1688//2719 1691//2719 1690//2719
f 618//2720 619//2720 1693//2720
f 1661//1815 407//1815 406//1815
f 1692//2721 12//2721 1693//2721
f 1694//2722 1692//2722 1693//2722
f 1693//2723 1695//2723 1694//2723
f 1693//2566 619//2566 1590//2566
f 1591//2724 1696//2724 1590//2724
f 1693//2725 1590//2725 1696//2725
f 1693//2726 1696//2726 1695//2726
f 1593//2496 1590//2496 1687//2496
f 1659//2727 1661//2727 406//2727
f 1621//2728 407//2728 1661//2728
f 1698//2729 1691//2729 1688//2729
f 1712//2730 6//2730 1599//2730
f 1732//2731 1745//2731 1697//2731
f 578//2732 1732//2732 1697//2732
f 1735//2733 579//2733 1734//2733
f 1699//2734 1700//2734 485//2734
f 1736//2735 485//2735 1700//2735
f 1609//2736 1685//2736 1701//2736
f 1822//2737 1823//2737 1686//2737
f 1764//2738 1686//2738 1656//2738
f 405//1825 1699//1825 406//1825
f 1700//2739 1699//2739 405//2739
f 406//2740 1699//2740 1659//2740
f 1656//2741 1697//2741 1756//2741
f 1674//2742 1208//2742 1673//2742
f 1684//2743 1527//2743 655//2743
f 1703//2744 1674//2744 1670//2744
f 1684//2745 655//2745 1686//2745
f 1428//2746 1705//2746 1702//2746
f 1424//2747 1360//2747 1702//2747
f 1670//2748 1648//2748 1703//2748
f 1648//2749 1704//2749 1703//2749
f 1209//2750 1674//2750 1703//2750
f 1424//2751 1702//2751 52//2751
f 1649//2752 1704//2752 1648//2752
f 1704//2753 1649//2753 1628//2753
f 1703//2754 1704//2754 1212//2754
f 53//2755 52//2755 1702//2755
f 1704//2756 1213//2756 1212//2756
f 1704//2757 1628//2757 1213//2757
f 1702//2758 1705//2758 53//2758
f 1705//2759 1437//2759 1706//2759
f 1438//2760 1706//2760 1437//2760
f 1706//2761 54//2761 1705//2761
f 1628//2762 1214//2762 1213//2762
f 1705//2763 54//2763 53//2763
f 1706//2764 1438//2764 1709//2764
f 1707//2765 1708//2765 1619//2765
f 1438//2766 1605//2766 1709//2766
f 1619//2767 1708//2767 1620//2767
f 1618//2768 1707//2768 1619//2768
f 1708//2769 1710//2769 1620//2769
f 1710//2770 1592//2770 1538//2770
f 1709//2771 1605//2771 1711//2771
f 1707//2772 930//2772 1708//2772
f 931//2773 1708//2773 930//2773
f 931//2774 932//2774 1710//2774
f 1740//2775 1739//2775 1607//2775
f 1710//2776 1708//2776 931//2776
f 1608//2777 1609//2777 1701//2777
f 1592//2778 1710//2778 932//2778
f 648//2779 1592//2779 932//2779
f 1740//2780 1608//2780 1701//2780
f 1609//2730 1684//2730 1685//2730
f 1711//2781 195//2781 1709//2781
f 1688//2782 1599//2782 4//2782
f 1688//2783 4//2783 1698//2783
f 618//2784 1693//2784 12//2784
f 13//2785 8//2785 1712//2785
f 1618//2786 1637//2786 1714//2786
f 145//2787 146//2787 1648//2787
f 13//2788 1712//2788 14//2788
f 1713//2789 14//2789 1712//2789
f 1//2790 73//2790 1713//2790
f 1649//2791 146//2791 1717//2791
f 268//2792 269//2792 1713//2792
f 1649//2793 1717//2793 1650//2793
f 268//2794 1713//2794 1712//2794
f 1720//2795 28//2795 1651//2795
f 1//2796 1713//2796 269//2796
f 1645//2797 1651//2797 28//2797
f 138//2798 1687//2798 1689//2798
f 138//2799 1689//2799 1690//2799
f 1691//2800 138//2800 1690//2800
f 1714//2801 1637//2801 1716//2801
f 1694//2802 638//2802 1692//2802
f 9//2803 1692//2803 638//2803
f 1618//2804 1714//2804 1707//2804
f 1694//2805 1695//2805 638//2805
f 1716//2806 940//2806 1714//2806
f 940//2807 941//2807 1714//2807
f 1695//2808 1696//2808 638//2808
f 1714//2809 941//2809 1707//2809
f 638//2810 1696//2810 1591//2810
f 1707//2811 941//2811 930//2811
f 1593//2805 1687//2805 138//2805
f 1646//2812 26//2812 1715//2812
f 138//2805 1691//2805 3//2805
f 1698//2810 3//2810 1691//2810
f 26//2813 935//2813 1715//2813
f 4//2814 3//2814 1698//2814
f 935//2815 937//2815 1715//2815
f 937//2816 27//2816 1715//2816
f 1692//2805 9//2805 12//2805
f 1645//2817 26//2817 1646//2817
f 1647//2818 1715//2818 27//2818
f 5//2819 1599//2819 6//2819
f 1712//2820 7//2820 6//2820
f 1637//2821 1644//2821 1716//2821
f 7//2822 1712//2822 8//2822
f 938//2823 940//2823 1716//2823
f 27//2824 938//2824 1716//2824
f 1713//2825 74//2825 15//2825
f 618//2826 11//2826 10//2826
f 618//2827 12//2827 11//2827
f 187//2828 188//2828 1711//2828
f 188//2829 189//2829 1711//2829
f 196//2830 1711//2830 189//2830
f 1706//2831 58//2831 54//2831
f 1709//2832 58//2832 1706//2832
f 494//2833 728//2833 43//2833
f 59//2834 58//2834 194//2834
f 58//2835 1709//2835 194//2835
f 194//2781 1709//2781 195//2781
f 195//2836 1711//2836 196//2836
f 1721//2837 1640//2837 1793//2837
f 310//2838 1722//2838 1718//2838
f 310//2839 1718//2839 307//2839
f 1722//2840 1719//2840 1718//2840
f 1351//2841 495//2841 42//2841
f 1720//2842 1650//2842 1717//2842
f 1008//2843 28//2843 1007//2843
f 1351//2844 1721//2844 495//2844
f 1721//2845 1793//2845 1725//2845
f 1725//2846 1826//2846 1727//2846
f 496//2847 1721//2847 1725//2847
f 310//2848 458//2848 1722//2848
f 1725//2849 1727//2849 517//2849
f 20//2850 21//2850 1723//2850
f 1725//2851 517//2851 496//2851
f 1723//2852 1722//2852 20//2852
f 495//2853 1721//2853 496//2853
f 1724//2854 1723//2854 21//2854
f 21//2855 22//2855 1724//2855
f 1724//2856 22//2856 1726//2856
f 22//2857 212//2857 1726//2857
f 1727//2858 527//2858 517//2858
f 1723//2859 1719//2859 1722//2859
f 1785//2860 1723//2860 1724//2860
f 1719//2861 1723//2861 1785//2861
f 1727//2862 1729//2862 527//2862
f 1728//2863 1787//2863 1726//2863
f 1788//2864 1728//2864 23//2864
f 1788//2865 23//2865 1789//2865
f 23//2866 24//2866 1789//2866
f 209//2867 1791//2867 25//2867
f 209//2868 1792//2868 1791//2868
f 209//2869 210//2869 1792//2869
f 1729//2001 590//2001 527//2001
f 1728//2870 1726//2870 212//2870
f 1728//2871 212//2871 213//2871
f 213//2872 23//2872 1728//2872
f 1730//2873 590//2873 1729//2873
f 307//2874 1718//2874 2074//2874
f 1730//2000 1731//2000 591//2000
f 1759//2875 1758//2875 1697//2875
f 1731//2876 988//2876 591//2876
f 1730//2877 591//2877 590//2877
f 261//2878 330//2878 1733//2878
f 1737//2879 1749//2879 1732//2879
f 1795//2880 330//2880 336//2880
f 485//2881 1736//2881 1734//2881
f 1797//2882 336//2882 362//2882
f 1749//2883 1747//2883 1732//2883
f 1711//2884 1607//2884 187//2884
f 703//2885 1555//2885 1557//2885
f 1739//2886 1740//2886 1750//2886
f 187//2887 1607//2887 1738//2887
f 1740//2888 1753//2888 1752//2888
f 1555//2889 1158//2889 1557//2889
f 1740//2890 1701//2890 1753//2890
f 1741//2891 1742//2891 706//2891
f 404//1929 1735//1929 405//1929
f 700//2892 701//2892 1490//2892
f 1734//2893 405//2893 1735//2893
f 1736//2894 405//2894 1734//2894
f 404//2895 1737//2895 1735//2895
f 1491//2896 701//2896 702//2896
f 405//2897 1736//2897 1700//2897
f 1739//2898 186//2898 1738//2898
f 187//2899 1738//2899 186//2899
f 1266//2900 1742//2900 1741//2900
f 1745//2901 1746//2901 1697//2901
f 1759//2902 1697//2902 1746//2902
f 1732//2903 1747//2903 1748//2903
f 1745//2904 1732//2904 1748//2904
f 1738//2905 1607//2905 1739//2905
f 1740//2906 1751//2906 1750//2906
f 1752//2907 1751//2907 1740//2907
f 1753//2908 1701//2908 1754//2908
f 1760//2909 1755//2909 1701//2909
f 1701//2910 1755//2910 1754//2910
f 1701//2911 1685//2911 1762//2911
f 1762//2912 1760//2912 1701//2912
f 1746//1945 1745//1945 403//1945
f 1745//2913 1748//2913 403//2913
f 1748//2914 1747//2914 403//2914
f 404//1941 403//1941 1747//1941
f 1747//2915 1749//2915 404//2915
f 404//2916 1749//2916 1737//2916
f 1751//2917 190//2917 1750//2917
f 1739//2914 1750//2914 186//2914
f 1752//2918 1753//2918 190//2918
f 1754//2919 190//2919 1753//2919
f 186//2920 1750//2920 190//2920
f 1751//2921 1752//2921 190//2921
f 190//2922 1754//2922 1755//2922
f 1656//2923 1756//2923 1757//2923
f 1656//2924 1757//2924 1763//2924
f 1656//2925 1763//2925 1764//2925
f 1756//2926 1697//2926 1758//2926
f 1766//2927 1761//2927 1685//2927
f 1761//2928 1762//2928 1685//2928
f 1757//2225 1756//2225 402//2225
f 1756//2929 1758//2929 402//2929
f 1758//2232 1759//2232 402//2232
f 1759//2226 1746//2226 402//2226
f 403//2225 402//2225 1746//2225
f 1755//2225 1760//2225 190//2225
f 191//2225 190//2225 1760//2225
f 1760//2930 1762//2930 191//2930
f 1761//2931 191//2931 1762//2931
f 1686//2932 1764//2932 1765//2932
f 1686//2933 1765//2933 1824//2933
f 1768//2934 1767//2934 1685//2934
f 1766//2935 1685//2935 1767//2935
f 1823//2936 1825//2936 1686//2936
f 1686//2937 1824//2937 1822//2937
f 1765//2238 1764//2238 401//2238
f 1764//2938 1763//2938 401//2938
f 1763//2939 1757//2939 401//2939
f 402//2238 401//2238 1757//2238
f 1683//2940 159//2940 70//2940
f 1681//2941 1769//2941 1683//2941
f 1683//1158 1769//1158 159//1158
f 1770//2942 1878//2942 1771//2942
f 248//2943 1771//2943 1772//2943
f 1806//2944 1773//2944 1910//2944
f 1774//2945 1677//2945 71//2945
f 1774//2946 71//2946 158//2946
f 160//2947 159//2947 1769//2947
f 1774//2948 1927//2948 1677//2948
f 160//2949 1769//2949 1770//2949
f 1770//2950 247//2950 160//2950
f 1770//2951 1771//2951 247//2951
f 1782//2952 1780//2952 1636//2952
f 1672//2953 1818//2953 1671//2953
f 1669//2954 1775//2954 1397//2954
f 1531//2955 1545//2955 1672//2955
f 1545//2956 1778//2956 1776//2956
f 1777//2957 1778//2957 1545//2957
f 1545//2958 1558//2958 1777//2958
f 1779//2959 1777//2959 1558//2959
f 1780//2960 1781//2960 1558//2960
f 1783//2961 1784//2961 1657//2961
f 1657//2962 1658//2962 1895//2962
f 1781//2963 1779//2963 1558//2963
f 1558//2964 1636//2964 1780//2964
f 1895//2965 1896//2965 1657//2965
f 1636//2966 1784//2966 1782//2966
f 1658//2967 1897//2967 1895//2967
f 1636//2968 1657//2968 1784//2968
f 1783//2969 1657//2969 1896//2969
f 1008//2970 935//2970 26//2970
f 1720//2971 1651//2971 1650//2971
f 1008//2972 26//2972 28//2972
f 1720//2973 1007//2973 28//2973
f 1645//2974 28//2974 26//2974
f 2078//2975 1786//2975 1787//2975
f 1728//2976 1788//2976 1787//2976
f 24//2977 25//2977 1790//2977
f 1790//2978 1789//2978 24//2978
f 1790//2979 25//2979 1791//2979
f 2117//2980 1789//2980 1790//2980
f 1785//2981 1724//2981 1786//2981
f 1724//2982 1726//2982 1786//2982
f 1726//2983 1787//2983 1786//2983
f 210//2984 19//2984 1792//2984
f 1792//2985 19//2985 16//2985
f 1793//2986 1635//2986 1733//2986
f 1733//2987 330//2987 1795//2987
f 1795//2988 336//2988 1797//2988
f 702//2989 805//2989 1794//2989
f 702//2990 1794//2990 1491//2990
f 805//2991 831//2991 1796//2991
f 1794//2992 805//2992 1796//2992
f 1798//2993 1744//2993 1263//2993
f 1796//2994 831//2994 1798//2994
f 833//2995 1744//2995 1798//2995
f 1793//2996 1733//2996 1826//2996
f 1743//2997 1264//2997 1744//2997
f 1743//2998 1742//2998 1265//2998
f 1743//2999 1265//2999 1264//2999
f 1263//3000 1744//3000 1264//3000
f 271//3001 1773//3001 272//3001
f 705//3002 1743//3002 704//3002
f 272//3003 1773//3003 1806//3003
f 1743//3004 1744//3004 704//3004
f 705//3005 1742//3005 1743//3005
f 268//3006 1799//3006 1800//3006
f 1742//3007 705//3007 706//3007
f 268//3008 1800//3008 269//3008
f 1800//3009 1801//3009 269//3009
f 1741//3010 706//3010 707//3010
f 1557//3011 1741//3011 707//3011
f 833//3012 704//3012 1744//3012
f 1557//3013 707//3013 703//3013
f 703//3014 592//3014 1555//3014
f 1802//3015 1774//3015 158//3015
f 1772//3016 271//3016 248//3016
f 236//3017 237//3017 1804//3017
f 862//3018 1804//3018 1805//3018
f 1773//3019 271//3019 1772//3019
f 1803//3020 236//3020 1804//3020
f 877//3021 1805//3021 1807//3021
f 1805//3022 1804//3022 237//3022
f 878//3023 877//3023 1807//3023
f 237//3024 238//3024 1805//3024
f 878//3025 1807//3025 1808//3025
f 1808//3026 1841//3026 881//3026
f 881//3027 878//3027 1808//3027
f 1807//3028 1805//3028 238//3028
f 1681//3029 1509//3029 1809//3029
f 1510//3030 1511//3030 1809//3030
f 1675//3031 1878//3031 1512//3031
f 1769//1162 1681//1162 1809//1162
f 1511//3032 1512//3032 1809//3032
f 1770//3033 1769//3033 1809//3033
f 2010//3034 2009//3034 1511//3034
f 1809//3035 1878//3035 1770//3035
f 1772//1349 1771//1349 1881//1349
f 1911//3036 1806//3036 1910//3036
f 1900//3037 1899//3037 1660//3037
f 1901//3038 1900//3038 1660//3038
f 1662//3039 1902//3039 1901//3039
f 1660//3040 1662//3040 1901//3040
f 1886//3041 1885//3041 1782//3041
f 1784//3041 1886//3041 1782//3041
f 1781//3042 1887//3042 1779//3042
f 1813//3043 1814//3043 1819//3043
f 1813//3044 1529//3044 1814//3044
f 1441//3045 1821//3045 1398//3045
f 1622//3046 1812//3046 1811//3046
f 1528//3047 1812//3047 1622//3047
f 1528//3048 1529//3048 1813//3048
f 1528//3049 1813//3049 1812//3049
f 1814//3050 1529//3050 1530//3050
f 1398//3051 1814//3051 1530//3051
f 1905//3052 1908//3052 1639//3052
f 1671//3053 1820//3053 1667//3053
f 1884//3054 1821//3054 1668//3054
f 1821//3055 1441//3055 1669//3055
f 1669//3055 1668//3055 1821//3055
f 1667//3056 1820//3056 1668//3056
f 1777//3057 1779//3057 1817//3057
f 1815//3058 1816//3058 1813//3058
f 1812//3059 1813//3059 1816//3059
f 1813//3060 1819//3060 1815//3060
f 1812//3059 1816//3059 1817//3059
f 1818//3061 1819//3061 1814//3061
f 1820//3061 1818//3061 1814//3061
f 1884//3062 1820//3062 1814//3062
f 1818//3063 1778//3063 1819//3063
f 1820//3064 1671//3064 1818//3064
f 1814//3065 1398//3065 1821//3065
f 1766//2238 192//2238 1761//2238
f 1766//3066 1767//3066 192//3066
f 191//2238 1761//2238 192//2238
f 1768//3067 192//3067 1767//3067
f 1685//3068 1825//3068 1768//3068
f 1685//3069 1686//3069 1825//3069
f 1824//2482 401//2482 400//2482
f 1822//2486 1824//2486 400//2486
f 1765//2603 401//2603 1824//2603
f 1768//2482 193//2482 192//2482
f 1733//3070 1795//3070 1826//3070
f 1795//3071 1797//3071 1827//3071
f 1795//3072 1827//3072 1826//3072
f 1826//3073 1725//3073 1793//3073
f 1727//3074 1826//3074 1827//3074
f 1729//3075 1727//3075 1827//3075
f 1829//3076 1797//3076 362//3076
f 1829//3077 362//3077 439//3077
f 439//3078 440//3078 1830//3078
f 1830//3079 1829//3079 439//3079
f 1827//3080 1797//3080 1828//3080
f 1828//3081 1797//3081 1829//3081
f 440//3082 1831//3082 1830//3082
f 1829//3083 1832//3083 1828//3083
f 1829//3084 1830//3084 1832//3084
f 1827//3085 1828//3085 1729//3085
f 1828//3086 1832//3086 1730//3086
f 1828//3087 1730//3087 1729//3087
f 1832//3088 1731//3088 1730//3088
f 1830//3089 1831//3089 1833//3089
f 1830//3090 1833//3090 1832//3090
f 1731//3091 1832//3091 1833//3091
f 756//3092 757//3092 985//3092
f 756//3093 985//3093 984//3093
f 987//3094 985//3094 757//3094
f 757//3095 758//3095 987//3095
f 524//3096 987//3096 758//3096
f 1833//3097 1834//3097 1731//3097
f 988//3098 1731//3098 1834//3098
f 1834//3099 989//3099 988//3099
f 1971//3100 1835//3100 1834//3100
f 989//3101 1834//3101 1835//3101
f 1835//2431 1121//2431 989//2431
f 1836//3102 1121//3102 1835//3102
f 1243//3103 1837//3103 759//3103
f 760//3104 1244//3104 759//3104
f 1243//3105 759//3105 1244//3105
f 1245//3106 760//3106 761//3106
f 761//3107 762//3107 1219//3107
f 1836//3108 1936//3108 1220//3108
f 1121//3109 1836//3109 1220//3109
f 1790//3110 1791//3110 2118//3110
f 17//3111 1792//3111 16//3111
f 1768//3112 1825//3112 193//3112
f 1825//3113 1823//3113 193//3113
f 1822//3114 193//3114 1823//3114
f 881//3115 1841//3115 1161//3115
f 1845//3116 297//3116 1840//3116
f 1807//218 245//218 1808//218
f 1841//3117 1808//3117 326//3117
f 246//3117 326//3117 1808//3117
f 298//3118 1848//3118 299//3118
f 1841//3119 1842//3119 1161//3119
f 1842//3120 1162//3120 1161//3120
f 326//3121 1842//3121 1841//3121
f 1162//3122 1842//3122 1843//3122
f 417//2240 1839//2240 411//2240
f 1163//3123 1843//3123 1844//3123
f 595//3124 670//3124 1843//3124
f 595//3125 1843//3125 1842//3125
f 1838//3126 411//3126 1839//3126
f 1844//3127 1843//3127 670//3127
f 300//3128 411//3128 1838//3128
f 417//3129 1840//3129 1839//3129
f 670//3130 671//3130 1844//3130
f 1848//3131 298//3131 1847//3131
f 671//3132 1357//3132 1844//3132
f 1357//3133 671//3133 700//3133
f 1941//3134 1495//3134 1940//3134
f 1495//3135 1494//3135 1940//3135
f 1496//3136 1941//3136 1942//3136
f 1845//2246 416//2246 1846//2246
f 1840//2248 417//2248 1845//2248
f 416//2246 1845//2246 417//2246
f 1847//3137 1846//3137 416//3137
f 1547//3138 1945//3138 1948//3138
f 1856//3139 303//3139 1855//3139
f 1853//3140 299//3140 1850//3140
f 1849//3141 1850//3141 299//3141
f 1860//3142 1857//3142 303//3142
f 1849//3143 1848//3143 415//3143
f 415//2255 1848//2255 416//2255
f 1847//3144 416//3144 1848//3144
f 415//2254 1850//2254 1849//2254
f 1852//3145 1937//3145 643//3145
f 1853//3146 1854//3146 299//3146
f 1855//3147 303//3147 1854//3147
f 299//3148 1854//3148 303//3148
f 1858//3149 303//3149 1857//3149
f 1856//3150 1855//3150 414//3150
f 415//2264 414//2264 1854//2264
f 1855//3151 1854//3151 414//3151
f 415//3152 1853//3152 1850//3152
f 1853//3153 415//3153 1854//3153
f 1861//3154 656//3154 293//3154
f 1861//3155 293//3155 1859//3155
f 1858//3156 1859//3156 293//3156
f 1856//3157 1860//3157 303//3157
f 1859//2446 1858//2446 413//2446
f 1857//3158 413//3158 1858//3158
f 413//2450 1857//2450 414//2450
f 1856//2269 414//2269 1860//2269
f 1860//2269 414//2269 1857//2269
f 657//3159 293//3159 656//3159
f 656//700 1861//700 413//700
f 1859//3160 413//3160 1861//3160
f 1865//3161 295//3161 1864//3161
f 1865//3162 300//3162 296//3162
f 300//3163 1865//3163 411//3163
f 412//2466 411//2466 1865//2466
f 1864//3164 412//3164 1865//3164
f 1866//3165 1867//3165 1868//3165
f 1867//3166 1822//3166 1868//3166
f 1868//3167 1822//3167 1869//3167
f 1868//3168 1870//3168 1871//3168
f 1875//3169 1868//3169 1871//3169
f 1872//3170 1870//3170 1868//3170
f 1869//3171 1872//3171 1868//3171
f 1873//3172 1866//3172 1868//3172
f 1873//3173 1868//3173 1874//3173
f 1868//3174 1950//3174 1874//3174
f 1958//3175 1950//3175 1957//3175
f 1878//3176 1675//3176 1676//3176
f 1676//3177 1879//3177 1878//3177
f 1809//3178 1512//3178 1878//3178
f 1675//3179 1933//3179 1676//3179
f 1879//3180 1676//3180 1933//3180
f 1881//3181 1879//3181 1880//3181
f 1880//3182 1909//3182 1881//3182
f 1878//3183 1879//3183 1881//3183
f 1880//3184 1879//3184 1932//3184
f 1881//3185 1771//3185 1878//3185
f 1932//3186 1931//3186 1880//3186
f 1821//3187 1884//3187 1814//3187
f 1778//3188 1777//3188 1816//3188
f 1816//3189 1815//3189 1778//3189
f 1819//3190 1778//3190 1815//3190
f 1884//3191 1668//3191 1820//3191
f 1672//3192 1776//3192 1818//3192
f 1778//3193 1818//3193 1776//3193
f 1513//3194 1775//3194 1441//3194
f 1513//3195 1516//3195 1775//3195
f 1885//3196 1886//3196 1811//3196
f 1888//3197 1811//3197 1887//3197
f 1817//3198 1887//3198 1812//3198
f 1812//3199 1887//3199 1811//3199
f 1888//3200 1885//3200 1811//3200
f 1780//3201 1782//3201 1885//3201
f 1885//3202 1888//3202 1780//3202
f 1888//3203 1887//3203 1780//3203
f 1781//3204 1780//3204 1887//3204
f 1817//3205 1816//3205 1777//3205
f 1887//3042 1817//3042 1779//3042
f 1892//3206 1893//3206 1891//3206
f 1889//3207 1891//3207 1893//3207
f 1889//3208 1893//3208 1890//3208
f 1891//3209 1894//3209 1892//3209
f 1811//3210 1886//3210 1891//3210
f 1894//3211 1891//3211 1886//3211
f 1897//3212 1658//3212 1899//3212
f 1784//3213 1783//3213 1886//3213
f 1783//3214 1896//3214 1886//3214
f 1893//3215 1895//3215 1890//3215
f 1895//3216 1892//3216 1896//3216
f 1642//3217 1889//3217 1641//3217
f 1642//3218 1643//3218 1891//3218
f 1642//3219 1891//3219 1889//3219
f 1891//3220 1643//3220 1811//3220
f 1897//3221 1890//3221 1895//3221
f 1892//3222 1895//3222 1893//3222
f 1899//3223 1898//3223 1897//3223
f 1894//3224 1896//3224 1892//3224
f 1886//3222 1896//3222 1894//3222
f 1890//3225 1898//3225 1889//3225
f 1658//3226 1660//3226 1899//3226
f 1890//3227 1897//3227 1898//3227
f 1900//3228 1906//3228 1899//3228
f 1901//3229 1906//3229 1900//3229
f 1904//3230 1902//3230 1662//3230
f 1662//3231 1655//3231 1904//3231
f 1902//3232 1908//3232 1901//3232
f 1904//3233 1908//3233 1902//3233
f 1655//3234 1903//3234 1904//3234
f 1903//3235 1908//3235 1904//3235
f 1906//3236 1905//3236 1639//3236
f 1641//3237 1907//3237 1906//3237
f 1639//3238 1641//3238 1906//3238
f 1889//3239 1898//3239 1641//3239
f 1898//3240 1907//3240 1641//3240
f 1655//3241 1639//3241 1908//3241
f 1905//3242 1906//3242 1908//3242
f 1655//3243 1908//3243 1903//3243
f 1898//3244 1899//3244 1907//3244
f 1906//3245 1901//3245 1908//3245
f 1907//3246 1899//3246 1906//3246
f 1882//3247 1909//3247 1880//3247
f 1882//3248 1883//3248 1909//3248
f 1883//3249 1910//3249 1909//3249
f 1933//3250 1932//3250 1879//3250
f 1882//3251 1880//3251 1931//3251
f 1772//3252 1881//3252 1909//3252
f 1773//3253 1909//3253 1910//3253
f 1772//3254 1909//3254 1773//3254
f 1799//3255 1806//3255 1911//3255
f 1877//1405 1810//1405 1930//1405
f 1810//3256 2017//3256 1930//3256
f 1926//3257 1802//3257 1912//3257
f 1911//1353 1810//1353 1799//1353
f 1799//3258 1810//3258 1800//3258
f 1810//3259 1877//3259 1800//3259
f 1877//3260 1912//3260 1801//3260
f 1912//3261 1802//3261 1801//3261
f 1800//1397 1877//1397 1801//1397
f 1926//3262 1774//3262 1802//3262
f 1926//3263 1927//3263 1774//3263
f 1914//3264 1678//3264 1677//3264
f 1914//3265 1915//3265 1678//3265
f 1915//3266 1916//3266 1679//3266
f 1915//3267 1679//3267 1678//3267
f 1916//3268 1310//3268 1230//3268
f 1917//3269 1918//3269 1915//3269
f 1917//3270 1913//3270 1918//3270
f 1917//3271 1915//3271 1920//3271
f 1915//3272 1914//3272 1920//3272
f 1919//3273 1920//3273 1914//3273
f 1918//3274 1921//3274 1916//3274
f 1918//3275 1916//3275 1915//3275
f 1921//3276 1922//3276 1916//3276
f 1923//3277 1924//3277 1310//3277
f 1316//3278 1310//3278 1924//3278
f 1316//2294 1924//2294 983//2294
f 1923//3279 1925//3279 1499//3279
f 1923//3280 1310//3280 1925//3280
f 1916//3281 1922//3281 1925//3281
f 1916//3282 1925//3282 1310//3282
f 1921//3283 1913//3283 1922//3283
f 1913//3284 1501//3284 1922//3284
f 1918//3285 1913//3285 1921//3285
f 1920//3284 1913//3284 1917//3284
f 1919//3286 1507//3286 1920//3286
f 1502//3287 1925//3287 1922//3287
f 1502//3288 1499//3288 1925//3288
f 1499//3289 990//3289 1923//3289
f 1677//3290 1927//3290 1914//3290
f 1877//3291 1928//3291 1929//3291
f 1929//3292 1912//3292 1877//3292
f 2015//3293 2014//3293 2017//3293
f 1877//3294 1930//3294 1928//3294
f 1931//3295 1912//3295 1929//3295
f 1931//3296 1932//3296 1912//3296
f 1934//3297 1926//3297 1933//3297
f 1926//3298 1912//3298 1933//3298
f 1932//3299 1933//3299 1912//3299
f 1934//3300 1935//3300 1926//3300
f 1836//3301 1973//3301 1936//3301
f 1937//3302 236//3302 1803//3302
f 1937//3303 1803//3303 643//3303
f 1493//3304 1938//3304 1939//3304
f 1493//3305 1939//3305 1494//3305
f 1939//3306 1940//3306 1494//3306
f 1936//3307 1238//3307 1220//3307
f 1943//3308 1936//3308 1974//3308
f 1946//3309 1977//3309 1978//3309
f 1943//3310 1977//3310 1946//3310
f 1978//3311 1947//3311 1946//3311
f 235//3312 346//3312 1938//3312
f 2002//3313 1939//3313 1938//3313
f 1936//3314 1943//3314 1238//3314
f 1942//3315 1944//3315 1497//3315
f 1944//3316 1945//3316 1498//3316
f 1497//3317 1944//3317 1498//3317
f 1240//3318 1946//3318 1947//3318
f 1198//3319 1967//3319 1197//3319
f 1967//3320 1949//3320 1197//3320
f 1947//3321 1241//3321 1240//3321
f 1949//3322 1241//3322 1947//3322
f 1875//3323 1950//3323 1868//3323
f 1955//3324 339//3324 1875//3324
f 1876//3325 208//3325 207//3325
f 1950//3326 208//3326 1876//3326
f 1950//3327 206//3327 208//3327
f 1950//3328 1875//3328 206//3328
f 427//2515 1871//2515 400//2515
f 1866//3329 193//3329 1867//3329
f 1822//3330 1867//3330 193//3330
f 1870//3331 400//3331 1871//3331
f 1872//3332 400//3332 1870//3332
f 1872//3331 1869//3331 400//3331
f 1822//3333 400//3333 1869//3333
f 193//3329 1873//3329 197//3329
f 1873//3334 193//3334 1866//3334
f 1874//3335 197//3335 1873//3335
f 1952//3336 1960//3336 1955//3336
f 1951//3337 1952//3337 1955//3337
f 1953//3338 1951//3338 1875//3338
f 1953//2603 1875//2603 1954//2603
f 1951//3339 1955//3339 1875//3339
f 1875//3340 1871//3340 1954//3340
f 363//3341 1963//3341 364//3341
f 1956//3342 1957//3342 1876//3342
f 1874//3343 1950//3343 1958//3343
f 1876//3344 1957//3344 1950//3344
f 1982//3345 1956//3345 1876//3345
f 1981//3346 1876//3346 1959//3346
f 207//3347 1959//3347 1876//3347
f 339//3348 1955//3348 363//3348
f 1963//3349 363//3349 1955//3349
f 1951//3350 427//3350 1952//3350
f 426//2805 1952//2805 427//2805
f 427//3351 1951//3351 1953//3351
f 427//3352 1953//3352 1954//3352
f 427//2805 1954//2805 1871//2805
f 1874//3353 1958//3353 197//3353
f 198//2805 197//2805 1956//2805
f 1957//2805 1956//2805 197//2805
f 1957//3354 197//3354 1958//3354
f 1960//3355 1961//3355 1955//3355
f 1962//3356 1955//3356 1961//3356
f 1983//3357 1984//3357 1963//3357
f 1948//3358 1965//3358 1851//3358
f 1948//3359 1851//3359 641//3359
f 2004//3360 1941//3360 1940//3360
f 346//3361 2002//3361 1938//3361
f 1940//3362 1939//3362 2003//3362
f 2003//3363 2004//3363 1940//3363
f 2005//3364 1942//3364 1941//3364
f 2007//3365 1945//3365 1944//3365
f 1964//3366 1948//3366 1945//3366
f 1852//3367 1851//3367 1966//3367
f 1966//3368 2000//3368 1852//3368
f 2000//3369 2001//3369 1937//3369
f 1937//3370 1852//3370 2000//3370
f 1964//3371 1965//3371 1948//3371
f 1851//3372 1965//3372 1966//3372
f 1198//3373 1837//3373 1967//3373
f 1949//3374 1242//3374 1241//3374
f 1242//3375 1949//3375 1967//3375
f 1190//3376 759//3376 1837//3376
f 1190//3377 1837//3377 1198//3377
f 1831//3378 441//3378 1968//3378
f 1971//3379 1831//3379 1968//3379
f 1969//3380 1968//3380 498//3380
f 1833//3381 1831//3381 1971//3381
f 511//3382 1970//3382 1969//3382
f 511//3383 512//3383 1970//3383
f 1971//3384 1968//3384 1972//3384
f 1969//3385 1972//3385 1968//3385
f 1833//3386 1971//3386 1834//3386
f 1969//3387 1970//3387 1973//3387
f 1972//3388 1969//3388 1973//3388
f 1835//3389 1971//3389 1972//3389
f 1972//3390 1973//3390 1836//3390
f 1972//3391 1836//3391 1835//3391
f 1970//3392 512//3392 1975//3392
f 512//3393 513//3393 1975//3393
f 513//3394 1976//3394 1975//3394
f 513//3395 547//3395 1976//3395
f 1973//3396 1970//3396 1974//3396
f 632//3397 1976//3397 552//3397
f 1970//3398 1975//3398 1974//3398
f 547//3399 552//3399 1976//3399
f 633//3400 1976//3400 632//3400
f 1976//3401 633//3401 635//3401
f 635//3402 637//3402 1976//3402
f 1976//3403 637//3403 636//3403
f 1936//3404 1973//3404 1974//3404
f 636//3405 1978//3405 1976//3405
f 1975//3406 1976//3406 1977//3406
f 1974//3407 1975//3407 1977//3407
f 1943//3408 1974//3408 1977//3408
f 1977//3409 1976//3409 1978//3409
f 1983//3356 1963//3356 1955//3356
f 1980//3410 1959//3410 1979//3410
f 1959//3411 1980//3411 1981//3411
f 1876//3412 1981//3412 1982//3412
f 156//3413 1990//3413 157//3413
f 1991//3414 1959//3414 1990//3414
f 1990//3415 1959//3415 157//3415
f 1985//3416 338//3416 364//3416
f 1960//3417 426//3417 1961//3417
f 426//4 1960//4 1952//4
f 425//4 1962//4 426//4
f 1961//1 426//1 1962//1
f 198//4 1981//4 199//4
f 1979//3418 199//3418 1980//3418
f 1980//3419 199//3419 1981//3419
f 1981//3420 198//3420 1982//3420
f 1956//3421 1982//3421 198//3421
f 1962//3422 1983//3422 1955//3422
f 1963//3423 1985//3423 364//3423
f 1986//3424 1963//3424 1984//3424
f 1963//3425 1986//3425 1987//3425
f 1985//3426 1963//3426 1992//3426
f 1988//3427 1992//3427 1963//3427
f 1987//3428 1988//3428 1963//3428
f 1985//3429 2028//3429 338//3429
f 2028//3430 2039//3430 338//3430
f 1991//3431 1989//3431 1959//3431
f 1979//3432 1959//3432 1989//3432
f 425//30 424//30 1987//30
f 1983//3433 425//3433 1984//3433
f 1962//3434 425//3434 1983//3434
f 1988//3435 1987//3435 424//3435
f 1984//32 425//32 1986//32
f 1986//3436 425//3436 1987//3436
f 199//3437 1979//3437 1989//3437
f 199//3438 1990//3438 156//3438
f 1990//3439 199//3439 1991//3439
f 1991//3440 199//3440 1989//3440
f 1985//3441 1992//3441 1993//3441
f 1993//3442 1994//3442 1985//3442
f 1995//3443 1985//3443 1994//3443
f 2044//3444 301//3444 337//3444
f 263//3445 262//3445 2036//3445
f 1997//3446 265//3446 264//3446
f 1997//3447 1998//3447 265//3447
f 1998//3448 1999//3448 266//3448
f 266//3449 265//3449 1998//3449
f 442//3450 266//3450 1999//3450
f 262//3451 2035//3451 2036//3451
f 263//1608 2036//1608 1996//1608
f 264//3452 263//3452 1996//3452
f 236//3453 1937//3453 2001//3453
f 239//3454 236//3454 2001//3454
f 2002//3455 2003//3455 1939//3455
f 2004//3456 2005//3456 1941//3456
f 2005//3457 2006//3457 1942//3457
f 1944//3458 1942//3458 2006//3458
f 2006//3459 2007//3459 1944//3459
f 34//3460 2003//3460 2002//3460
f 2007//3461 2096//3461 1964//3461
f 2007//3462 1964//3462 1945//3462
f 349//3463 34//3463 2002//3463
f 2006//3464 2005//3464 2094//3464
f 1964//3465 2097//3465 1965//3465
f 2099//3466 33//3466 2000//3466
f 1966//3467 2099//3467 2000//3467
f 2093//3468 239//3468 2001//3468
f 35//3469 2003//3469 34//3469
f 35//3470 2008//3470 2004//3470
f 44//3471 2008//3471 35//3471
f 2003//3472 35//3472 2004//3472
f 2009//3473 2010//3473 1927//3473
f 2010//3474 2011//3474 1927//3474
f 2009//3475 1935//3475 1512//3475
f 1926//3476 1935//3476 1927//3476
f 2009//3476 1927//3476 1935//3476
f 1927//3477 2011//3477 1914//3477
f 2012//3478 1914//3478 2011//3478
f 2012//3479 1919//3479 1914//3479
f 1910//3480 2013//3480 2014//3480
f 1883//3481 2013//3481 1910//3481
f 1910//3482 2014//3482 1911//3482
f 2015//3483 1911//3483 2014//3483
f 2015//3484 2016//3484 1911//3484
f 2017//3485 1810//3485 2016//3485
f 1911//3486 2016//3486 1810//3486
f 1928//3487 1930//3487 2013//3487
f 2014//3488 2013//3488 2017//3488
f 2017//3489 2013//3489 1930//3489
f 2013//3490 1883//3490 1928//3490
f 2016//3491 2015//3491 2017//3491
f 1883//3492 1882//3492 1928//3492
f 1931//3493 1929//3493 1882//3493
f 1929//3494 1928//3494 1882//3494
f 1934//3495 1512//3495 1935//3495
f 1933//3496 1512//3496 1934//3496
f 1512//3497 1511//3497 2009//3497
f 2011//3498 1508//3498 2012//3498
f 2030//3499 766//3499 764//3499
f 2031//3500 767//3500 766//3500
f 768//3501 767//3501 2032//3501
f 2033//3502 768//3502 2032//3502
f 1479//3503 1480//3503 2018//3503
f 1484//3504 1483//3504 2019//3504
f 2020//3505 2021//3505 1475//3505
f 1475//3505 1572//3505 2020//3505
f 1478//3506 1474//3506 2022//3506
f 1474//2239 1475//2239 2022//2239
f 1679//3507 1230//3507 2020//3507
f 1978//3508 1335//3508 1195//3508
f 1978//3509 1195//3509 1947//3509
f 1197//3510 1949//3510 1195//3510
f 1949//3511 1947//3511 1195//3511
f 1184//3512 2023//3512 174//3512
f 180//3513 174//3513 2023//3513
f 1185//3514 2023//3514 1184//3514
f 183//3515 182//3515 2023//3515
f 182//3516 180//3516 2023//3516
f 184//3517 183//3517 2023//3517
f 179//3518 2025//3518 185//3518
f 178//3519 2025//3519 179//3519
f 2024//3520 185//3520 2025//3520
f 181//3521 2025//3521 178//3521
f 2026//3517 184//3517 2023//3517
f 2025//3522 181//3522 2026//3522
f 184//3523 2026//3523 181//3523
f 2025//3524 2058//3524 2024//3524
f 2054//3525 2053//3525 661//3525
f 662//3526 663//3526 2055//3526
f 2054//3527 662//3527 2055//3527
f 423//42 1993//42 424//42
f 1994//3528 1993//3528 423//3528
f 1992//3529 424//3529 1993//3529
f 1988//3530 424//3530 1992//3530
f 1994//3531 423//3531 1995//3531
f 2028//3532 1985//3532 2027//3532
f 337//3533 338//3533 2040//3533
f 2029//3534 2027//3534 1985//3534
f 2039//3535 2040//3535 338//3535
f 2040//3536 2041//3536 337//3536
f 1995//3537 2029//3537 1985//3537
f 2044//3538 2045//3538 301//3538
f 2046//3539 2047//3539 301//3539
f 1997//3540 264//3540 1996//3540
f 283//3541 2035//3541 282//3541
f 273//3542 274//3542 1996//3542
f 1996//3543 274//3543 1997//3543
f 274//3544 275//3544 1997//3544
f 275//3545 276//3545 1998//3545
f 1998//3546 276//3546 1999//3546
f 275//3547 1998//3547 1997//3547
f 276//3548 277//3548 1999//3548
f 2031//3549 766//3549 2030//3549
f 767//3550 2031//3550 2032//3550
f 2033//3551 2034//3551 769//3551
f 2034//3552 770//3552 769//3552
f 2035//3553 770//3553 2034//3553
f 283//3554 2036//3554 2035//3554
f 2034//3555 282//3555 2035//3555
f 2035//3556 262//3556 770//3556
f 273//3557 1996//3557 2036//3557
f 2030//3558 2037//3558 1119//3558
f 1119//3559 278//3559 2030//3559
f 278//3560 279//3560 2031//3560
f 278//3561 2031//3561 2030//3561
f 2032//3562 2031//3562 279//3562
f 280//3563 2032//3563 279//3563
f 280//3564 281//3564 2033//3564
f 280//3565 2033//3565 2032//3565
f 2033//3566 281//3566 2034//3566
f 281//3567 282//3567 2034//3567
f 443//3568 442//3568 2038//3568
f 2038//3569 2100//3569 443//3569
f 2100//3570 2101//3570 444//3570
f 444//3571 2101//3571 445//3571
f 444//3572 443//3572 2100//3572
f 764//3573 2037//3573 2030//3573
f 277//3574 1120//3574 2038//3574
f 2038//3575 1999//3575 277//3575
f 422//47 2027//47 423//47
f 2027//3576 2029//3576 423//3576
f 2028//49 2027//49 422//49
f 2029//48 1995//48 423//48
f 2041//3404 2042//3404 337//3404
f 2041//55 2040//55 421//55
f 421//56 2040//56 422//56
f 2028//3577 422//3577 2039//3577
f 2039//57 422//57 2040//57
f 2042//3578 2043//3578 337//3578
f 2046//3444 301//3444 2045//3444
f 2043//3579 2044//3579 337//3579
f 302//3580 301//3580 2048//3580
f 2044//59 2043//59 420//59
f 2042//3581 2041//3581 421//3581
f 420//3582 2045//3582 2044//3582
f 421//59 420//59 2043//59
f 2042//3583 421//3583 2043//3583
f 2049//3584 2050//3584 302//3584
f 2048//3585 2049//3585 302//3585
f 419//65 2047//65 420//65
f 2049//3586 2048//3586 419//3586
f 2046//3587 420//3587 2047//3587
f 2045//3588 420//3588 2046//3588
f 2047//3588 419//3588 2048//3588
f 1863//3589 295//3589 1862//3589
f 2050//85 419//85 418//85
f 2049//3590 419//3590 2050//3590
f 418//3591 2051//3591 2050//3591
f 295//3592 302//3592 2052//3592
f 295//3593 2052//3593 1862//3593
f 2052//3594 418//3594 1862//3594
f 412//2461 1862//2461 418//2461
f 1864//2464 1863//2464 412//2464
f 2051//2461 418//2461 2052//2461
f 1863//3595 1862//3595 412//3595
f 685//3596 2024//3596 2057//3596
f 448//3597 201//3597 2053//3597
f 2053//3598 449//3598 448//3598
f 2053//3599 2054//3599 449//3599
f 2054//3600 139//3600 449//3600
f 2054//3601 2055//3601 139//3601
f 139//1959 2055//1959 140//1959
f 663//3602 2056//3602 2055//3602
f 685//3603 2056//3603 663//3603
f 2055//3604 2056//3604 140//3604
f 2056//3605 685//3605 2057//3605
f 2057//3606 141//3606 2056//3606
f 2024//3607 2058//3607 2057//3607
f 141//1955 2057//1955 219//1955
f 2059//3608 2058//3608 2025//3608
f 2026//3609 2059//3609 2025//3609
f 2057//3610 2058//3610 219//3610
f 220//3611 219//3611 2058//3611
f 220//3612 2058//3612 2059//3612
f 221//3613 220//3613 2059//3613
f 2026//3614 47//3614 2059//3614
f 221//3615 2059//3615 47//3615
f 1185//3616 1361//3616 2061//3616
f 1361//3617 2062//3617 2061//3617
f 2061//3618 2023//3618 1185//3618
f 2060//1509 2026//1509 2023//1509
f 2023//3619 2061//3619 2060//3619
f 1368//3620 2063//3620 2062//3620
f 1368//3621 1414//3621 2063//3621
f 2063//3622 2067//3622 2066//3622
f 2061//3623 2062//3623 2064//3623
f 2061//3624 2064//3624 2060//3624
f 2065//3625 2062//3625 2063//3625
f 2062//3626 2065//3626 2064//3626
f 2063//3627 2066//3627 2065//3627
f 1414//3628 1415//3628 2067//3628
f 1415//3629 2068//3629 2067//3629
f 2067//3630 2063//3630 1414//3630
f 1424//3631 2069//3631 1421//3631
f 2069//3632 2068//3632 1421//3632
f 2069//3633 1424//3633 52//3633
f 2071//3634 2068//3634 2069//3634
f 2069//3635 52//3635 55//3635
f 2068//3636 2070//3636 2067//3636
f 2067//3637 2070//3637 2066//3637
f 2066//3638 50//3638 49//3638
f 2068//3639 2071//3639 2070//3639
f 50//3640 2066//3640 2070//3640
f 2070//3641 2071//3641 51//3641
f 2071//3642 2069//3642 55//3642
f 202//3643 51//3643 2071//3643
f 202//3644 2071//3644 55//3644
f 2026//3645 2060//3645 47//3645
f 2060//3646 2064//3646 46//3646
f 48//3647 2064//3647 2065//3647
f 2065//3648 2066//3648 49//3648
f 49//3649 48//3649 2065//3649
f 47//3650 2060//3650 46//3650
f 2064//3651 48//3651 46//3651
f 222//3652 47//3652 46//3652
f 2021//3653 2020//3653 1230//3653
f 1230//3654 1231//3654 2021//3654
f 1231//3655 1232//3655 2022//3655
f 2022//3656 2021//3656 1231//3656
f 89//3657 71//3657 88//3657
f 92//3658 88//3658 71//3658
f 92//3659 71//3659 93//3659
f 2072//3660 93//3660 71//3660
f 162//3661 161//3661 2073//3661
f 163//3662 2073//3662 1571//3662
f 2020//3663 1571//3663 2073//3663
f 71//3664 1677//3664 2072//3664
f 1677//3665 1678//3665 2072//3665
f 1678//3666 1679//3666 2073//3666
f 2073//3667 2072//3667 1678//3667
f 2020//3668 2073//3668 1679//3668
f 1//3669 269//3669 270//3669
f 90//3670 86//3670 158//3670
f 270//3671 77//3671 1//3671
f 90//3672 158//3672 89//3672
f 86//3673 85//3673 158//3673
f 1633//1038 1634//1038 1631//1038
f 2075//3674 2074//3674 1718//3674
f 1718//3675 1719//3675 2075//3675
f 1719//3676 1785//3676 2076//3676
f 2076//3677 2075//3677 1719//3677
f 2077//3678 2076//3678 1785//3678
f 1785//3679 1786//3679 2077//3679
f 2078//3680 2077//3680 1786//3680
f 1789//3681 2116//3681 1788//3681
f 2080//424 503//424 2079//424
f 504//3682 503//3682 2081//3682
f 2080//3682 2081//3682 503//3682
f 2081//3683 358//3683 504//3683
f 358//3684 2081//3684 2082//3684
f 2083//3685 2084//3685 360//3685
f 2074//3686 2114//3686 2084//3686
f 366//3687 2080//3687 2079//3687
f 2081//3688 2080//3688 367//3688
f 435//3689 305//3689 2082//3689
f 435//3690 2082//3690 2081//3690
f 2083//3691 2082//3691 305//3691
f 2084//3692 2083//3692 306//3692
f 307//3693 2084//3693 306//3693
f 307//3694 2074//3694 2084//3694
f 2085//3695 751//3695 750//3695
f 2085//3696 2086//3696 751//3696
f 2086//3697 537//3697 2087//3697
f 537//3698 597//3698 2087//3698
f 2079//3699 502//3699 2087//3699
f 502//3700 752//3700 2087//3700
f 536//3701 537//3701 2086//3701
f 2085//3702 536//3702 2086//3702
f 2087//3703 597//3703 2079//3703
f 597//3704 366//3704 2079//3704
f 812//3705 2088//3705 813//3705
f 813//3706 2088//3706 2089//3706
f 815//3707 2090//3707 2091//3707
f 2091//3708 810//3708 815//3708
f 810//3709 2091//3709 2092//3709
f 750//3710 2092//3710 2085//3710
f 2092//3711 605//3711 2085//3711
f 536//3712 2085//3712 605//3712
f 812//3713 835//3713 2088//3713
f 2008//3714 2005//3714 2004//3714
f 2005//3715 2008//3715 2094//3715
f 2095//3716 2096//3716 2007//3716
f 2007//3717 2006//3717 2095//3717
f 2093//3718 2001//3718 33//3718
f 33//3719 2001//3719 2000//3719
f 2008//3720 44//3720 45//3720
f 45//3721 2094//3721 2008//3721
f 475//3722 239//3722 2093//3722
f 2094//3723 2095//3723 2006//3723
f 36//3724 37//3724 2096//3724
f 2096//3725 37//3725 2097//3725
f 37//3726 38//3726 2097//3726
f 2096//506 2097//506 1964//506
f 2098//3727 2097//3727 38//3727
f 1965//3728 2097//3728 2098//3728
f 2099//3729 39//3729 40//3729
f 40//3730 33//3730 2099//3730
f 2098//3731 1966//3731 1965//3731
f 2098//3732 39//3732 2099//3732
f 2098//3733 2099//3733 1966//3733
f 45//3734 232//3734 2094//3734
f 2094//3735 232//3735 2095//3735
f 232//3736 36//3736 2095//3736
f 2096//3737 2095//3737 36//3737
f 2093//379 33//379 41//379
f 41//3738 42//3738 2093//3738
f 2093//3739 42//3739 475//3739
f 2038//3740 442//3740 1999//3740
f 2038//3741 1120//3741 2100//3741
f 1120//3742 1122//3742 2100//3742
f 1122//3743 2101//3743 2100//3743
f 1122//3744 1125//3744 2101//3744
f 2101//662 1125//662 65//662
f 2101//3745 65//3745 445//3745
f 1232//3746 1117//3746 2018//3746
f 2019//3747 2018//3747 1117//3747
f 2018//3748 2022//3748 1232//3748
f 1117//3749 1118//3749 2019//3749
f 1118//3750 1119//3750 2037//3750
f 2037//3751 2019//3751 1118//3751
f 696//3752 2089//3752 2088//3752
f 2089//3753 697//3753 2090//3753
f 2090//3754 693//3754 2091//3754
f 693//3755 604//3755 2091//3755
f 604//3756 605//3756 2092//3756
f 2092//3757 2091//3757 604//3757
f 834//3758 699//3758 835//3758
f 843//3759 835//3759 699//3759
f 835//3760 843//3760 2088//3760
f 228//3761 357//3761 2102//3761
f 2103//3762 229//3762 2102//3762
f 230//3763 2103//3763 2104//3763
f 2104//383 231//383 230//383
f 231//3764 2104//3764 2105//3764
f 2106//3765 315//3765 2105//3765
f 316//3766 2106//3766 2107//3766
f 317//3767 316//3767 2107//3767
f 2106//3768 316//3768 315//3768
f 2107//3769 2108//3769 317//3769
f 332//3770 318//3770 2108//3770
f 2108//3771 318//3771 317//3771
f 2102//3772 2114//3772 2103//3772
f 2109//3773 2105//3773 2104//3773
f 2111//3774 2107//3774 2106//3774
f 2102//3775 360//3775 2114//3775
f 2110//3776 2105//3776 2109//3776
f 2115//3777 2109//3777 2104//3777
f 2112//3778 2107//3778 2111//3778
f 2107//1177 2112//1177 2108//1177
f 2113//3779 18//3779 2116//3779
f 142//688 2113//688 2116//688
f 18//3780 2113//3780 2112//3780
f 2112//682 2113//682 2108//682
f 2113//681 142//681 332//681
f 2113//1024 332//1024 2108//1024
f 2076//3781 2110//3781 2109//3781
f 2103//3782 2114//3782 2115//3782
f 2115//3783 2104//3783 2103//3783
f 2075//3784 2115//3784 2074//3784
f 2074//3785 2115//3785 2114//3785
f 2115//3786 2075//3786 2109//3786
f 2109//3787 2075//3787 2076//3787
f 2076//3788 2077//3788 2110//3788
f 2078//3789 18//3789 2112//3789
f 2078//3790 2111//3790 2077//3790
f 2110//3791 2077//3791 2111//3791
f 2112//3792 2111//3792 2078//3792
f 1788//3793 18//3793 1787//3793
f 18//3794 1788//3794 2116//3794
f 1787//3795 18//3795 2078//3795
f 2116//3796 1789//3796 2117//3796
f 2117//3797 1790//3797 2118//3797
f 142//3798 2116//3798 2117//3798
f 2117//3799 143//3799 142//3799
f 143//3800 2117//3800 2118//3800
f 1791//3801 1792//3801 17//3801
f 2118//3802 1791//3802 17//3802
f 144//3803 2118//3803 17//3803
